--------------------------------------------------------
--  File created - Saturday-June-29-2019   
--------------------------------------------------------
--------------------------------------------------------
--  DDL for View SELECT_LAST_USERS
--------------------------------------------------------

  CREATE OR REPLACE FORCE VIEW "SELECT_LAST_USERS" ("POST_ID", "USER_ID", "LATEST_USER_ID", "LATEST_USER_DISPLAY_NAME") AS 
  Select Post_ID, USER_ID,
(SELECT LISTAGG(USER_ID,',')WITHIN GROUP(ORDER BY POST_ID desc) "user_id" FROM SELECT_TOP_POSTS WHERE SELECT_TOP_POSTS.PARENT_POST_ID= P.Post_ID) "LATEST_USER_ID",
(SELECT LISTAGG(DISPLAY_NAME,',')WITHIN GROUP(ORDER BY POST_ID desc) "DISPLAY_NAME" FROM SELECT_TOP_POSTS WHERE SELECT_TOP_POSTS.PARENT_POST_ID= P.Post_ID) "LATEST_USER_DISPLAY_NAME"
FROM POSTS P
WHERE POST_TYPE_ID =1;
--------------------------------------------------------
--  DDL for View SELECT_POSTS
--------------------------------------------------------

  CREATE OR REPLACE FORCE VIEW "SELECT_POSTS" ("POST_ID", "USER_ID", "NAME1", "TITLE", "TAG_TYPE_ID", "TAG_TYPE", "BODY_CONTENT", "CREATED_DATE", "LAST_EDITED_DATE", "CLOSED_DATE", "VIEW_COUNT", "COMMENTCOUNT", "FAVORITE_COUNT", "LATEST_USER_ID", "LATEST_USER_DISPLAY_NAME", "ACTIVITY") AS 
  SELECT P.Post_ID
     , P.USER_ID
     , U.NAME1
     , TITLE
     , TT.TAG_TYPE_ID
     , TT.TAG_TYPE
     , P.BODY_CONTENT
     , P.CREATED_DATE
     , P.LAST_EDITED_DATE
     , CLOSED_DATE
     , NVL(VIEW_COUNT,0) VIEW_COUNT
     , NVL(COMMENTCOUNT,0) COMMENTCOUNT
     , NVL(FAVORITE_COUNT,0) FAVORITE_COUNT
     , NVL(SLU.LATEST_USER_ID,P.USER_ID) LATEST_USER_ID
     , NVL(SLU.LATEST_USER_DISPLAY_NAME,U.DISPLAY_NAME) LATEST_USER_DISPLAY_NAME  
     , ((TO_DATE(SYSDATE,'dd-mon-rrrr')-P.CREATED_DATE)||' Days') ACTIVITY
     FROM POSTS P
JOIN SELECT_LAST_USERS SLU ON SLU.POST_ID=P.Post_ID
JOIN TAGTYPES TT ON TT.TAG_TYPE_ID=P.TAG_TYPE_ID
JOIN USERSDETAILS U ON U.USER_ID=P.USER_ID
ORDER BY P.LAST_EDITED_DATE, P.CREATED_DATE, P.Post_ID Desc;
--------------------------------------------------------
--  DDL for View SELECT_POST_VOTE
--------------------------------------------------------

  CREATE OR REPLACE FORCE VIEW "SELECT_POST_VOTE" ("POST_ID", "UPVOTE", "DOWNVOTE") AS 
  SELECT VS.POST_ID
    , (SELECT COUNT(VOTE_ID) UPVOTE
              FROM VOTES VU 
              WHERE VOTE_TYPE_ID=1 
              AND VU.POST_ID = VS.POST_ID ) UPVOTE
    ,(SELECT COUNT(VOTE_ID) UPVOTE
             FROM VOTES VD 
             WHERE VOTE_TYPE_ID=2 
             AND VD.POST_ID = VS.POST_ID ) DOWNVOTE 
FROM VOTES VS
GROUP BY VS.POST_ID;
--------------------------------------------------------
--  DDL for View SELECT_TOP_POSTS
--------------------------------------------------------

  CREATE OR REPLACE FORCE VIEW "SELECT_TOP_POSTS" ("POST_ID", "PARENT_POST_ID", "USER_ID", "DISPLAY_NAME", "POST_TYPE_ID", "NUM") AS 
  select "POST_ID","PARENT_POST_ID","USER_ID","DISPLAY_NAME","POST_TYPE_ID","NUM" 
from (select Post_id, PARENT_POST_ID,a.User_id,DISPLAY_NAME,Post_type_id, row_number() over (PARTITION by PARENT_POST_ID order by Post_id desc) as num 
        from POSTS a 
        JOIN USERSDETAILS U ON U.USER_ID =a.USER_ID
        
        where PARENT_POST_ID in 
(select Post_id from Posts where Post_type_id=1)
)
where num < 4;
--------------------------------------------------------
--  DDL for Table ADDRESS
--------------------------------------------------------

  CREATE TABLE "ADDRESS" 
   (	"ADDRESS_ID" NUMBER(10,0), 
	"USER_ID" NUMBER(10,0), 
	"LINE1" VARCHAR2(255 BYTE), 
	"LINE2" VARCHAR2(255 BYTE), 
	"DISTRICT" VARCHAR2(50 BYTE), 
	"STATES" VARCHAR2(50 BYTE), 
	"COUNTRY" VARCHAR2(50 BYTE), 
	"POST_CODE" VARCHAR2(20 BYTE), 
	"MASTER_TYPE" NUMBER(10,0), 
	"AFFILIATION" VARCHAR2(50 BYTE), 
	"STATUS" NUMBER(2,0), 
	"CREATED_BY" NUMBER(10,0), 
	"CREATED_DATE" DATE, 
	"MODIFIED_BY" NUMBER(10,0), 
	"MODIFIED_DATE" DATE
   ) SEGMENT CREATION IMMEDIATE 
  PCTFREE 10 PCTUSED 40 INITRANS 1 MAXTRANS 255 NOCOMPRESS LOGGING
  STORAGE(INITIAL 65536 NEXT 1048576 MINEXTENTS 1 MAXEXTENTS 2147483645
  PCTINCREASE 0 FREELISTS 1 FREELIST GROUPS 1 BUFFER_POOL DEFAULT FLASH_CACHE DEFAULT CELL_FLASH_CACHE DEFAULT)
  TABLESPACE "SH2ORANGE31" ;
--------------------------------------------------------
--  DDL for Table BADGES
--------------------------------------------------------

  CREATE TABLE "BADGES" 
   (	"BADGE_ID" NUMBER(10,0), 
	"BADGE_TYPE_ID" NUMBER(10,0), 
	"USER_ID" NUMBER(10,0), 
	"CREATED_BY" NUMBER(10,0), 
	"CREATED_DATE" DATE, 
	"MODIFIED_BY" NUMBER(10,0), 
	"MODIFIED_DATE" DATE, 
	"STATUS" NUMBER(2,0)
   ) SEGMENT CREATION IMMEDIATE 
  PCTFREE 10 PCTUSED 40 INITRANS 1 MAXTRANS 255 NOCOMPRESS LOGGING
  STORAGE(INITIAL 65536 NEXT 1048576 MINEXTENTS 1 MAXEXTENTS 2147483645
  PCTINCREASE 0 FREELISTS 1 FREELIST GROUPS 1 BUFFER_POOL DEFAULT FLASH_CACHE DEFAULT CELL_FLASH_CACHE DEFAULT)
  TABLESPACE "SH2ORANGE31" ;
--------------------------------------------------------
--  DDL for Table BADGETYPES
--------------------------------------------------------

  CREATE TABLE "BADGETYPES" 
   (	"BADGE_TYPE_ID" NUMBER(10,0), 
	"BADGE_TYPE" VARCHAR2(50 BYTE), 
	"STATUS" NUMBER(2,0), 
	"CREATED_BY" NUMBER(10,0), 
	"CREATED_DATE" DATE, 
	"MODIFIED_BY" NUMBER(10,0), 
	"MODIFIED_DATE" DATE
   ) SEGMENT CREATION IMMEDIATE 
  PCTFREE 10 PCTUSED 40 INITRANS 1 MAXTRANS 255 NOCOMPRESS LOGGING
  STORAGE(INITIAL 65536 NEXT 1048576 MINEXTENTS 1 MAXEXTENTS 2147483645
  PCTINCREASE 0 FREELISTS 1 FREELIST GROUPS 1 BUFFER_POOL DEFAULT FLASH_CACHE DEFAULT CELL_FLASH_CACHE DEFAULT)
  TABLESPACE "SH2ORANGE31" ;
--------------------------------------------------------
--  DDL for Table CONTACT
--------------------------------------------------------

  CREATE TABLE "CONTACT" 
   (	"CONTACT_ID" NUMBER(10,0), 
	"USER_ID" NUMBER(10,0), 
	"EMAIL" VARCHAR2(255 BYTE), 
	"PHONE" NUMBER(15,0), 
	"MOBILE1" NUMBER(15,0), 
	"MOBILE2" NUMBER(15,0), 
	"STATUS" NUMBER(2,0), 
	"CREATED_BY" NUMBER(10,0), 
	"CREATED_DATE" DATE, 
	"MODIFIED_BY" NUMBER(10,0), 
	"MODIFIED_DATE" DATE, 
	"MASTER_TYPE" NUMBER(10,0)
   ) SEGMENT CREATION IMMEDIATE 
  PCTFREE 10 PCTUSED 40 INITRANS 1 MAXTRANS 255 NOCOMPRESS LOGGING
  STORAGE(INITIAL 65536 NEXT 1048576 MINEXTENTS 1 MAXEXTENTS 2147483645
  PCTINCREASE 0 FREELISTS 1 FREELIST GROUPS 1 BUFFER_POOL DEFAULT FLASH_CACHE DEFAULT CELL_FLASH_CACHE DEFAULT)
  TABLESPACE "SH2ORANGE31" ;
--------------------------------------------------------
--  DDL for Table LINKTYPES
--------------------------------------------------------

  CREATE TABLE "LINKTYPES" 
   (	"LINK_TYPE_ID" NUMBER(10,0), 
	"LINK_TYPE" VARCHAR2(50 BYTE), 
	"STATUS" NUMBER(2,0), 
	"CREATED_BY" NUMBER(10,0), 
	"CREATED_DATE" DATE, 
	"MODIFIED_BY" NUMBER(10,0), 
	"MODIFIED_DATE" DATE
   ) SEGMENT CREATION IMMEDIATE 
  PCTFREE 10 PCTUSED 40 INITRANS 1 MAXTRANS 255 NOCOMPRESS LOGGING
  STORAGE(INITIAL 65536 NEXT 1048576 MINEXTENTS 1 MAXEXTENTS 2147483645
  PCTINCREASE 0 FREELISTS 1 FREELIST GROUPS 1 BUFFER_POOL DEFAULT FLASH_CACHE DEFAULT CELL_FLASH_CACHE DEFAULT)
  TABLESPACE "SH2ORANGE31" ;
--------------------------------------------------------
--  DDL for Table LOGINCREDENTIALS
--------------------------------------------------------

  CREATE TABLE "LOGINCREDENTIALS" 
   (	"LOGIN_CREDENTIAL_ID" NUMBER(10,0), 
	"USER_ID" NUMBER(10,0), 
	"USERNAME" VARCHAR2(20 BYTE), 
	"LOGIN_PASSWORD" VARCHAR2(20 BYTE), 
	"VALID_TILL" DATE, 
	"STATUS" NUMBER(2,0), 
	"CREATED_BY" NUMBER(10,0), 
	"CREATED_DATE" DATE, 
	"MODIFIED_BY" NUMBER(10,0), 
	"MODIFIED_DATE" DATE
   ) SEGMENT CREATION IMMEDIATE 
  PCTFREE 10 PCTUSED 40 INITRANS 1 MAXTRANS 255 NOCOMPRESS LOGGING
  STORAGE(INITIAL 65536 NEXT 1048576 MINEXTENTS 1 MAXEXTENTS 2147483645
  PCTINCREASE 0 FREELISTS 1 FREELIST GROUPS 1 BUFFER_POOL DEFAULT FLASH_CACHE DEFAULT CELL_FLASH_CACHE DEFAULT)
  TABLESPACE "SH2ORANGE31" ;
--------------------------------------------------------
--  DDL for Table MASTERTYPES
--------------------------------------------------------

  CREATE TABLE "MASTERTYPES" 
   (	"MASTER_TYPE_ID" NUMBER(10,0), 
	"MASTER_TYPE" VARCHAR2(20 BYTE), 
	"STATUS" NUMBER(2,0), 
	"CREATED_BY" NUMBER(10,0), 
	"CREATED_DATE" DATE, 
	"MODIFIED_BY" NUMBER(10,0), 
	"MODIFIED_DATE" DATE
   ) SEGMENT CREATION IMMEDIATE 
  PCTFREE 10 PCTUSED 40 INITRANS 1 MAXTRANS 255 NOCOMPRESS LOGGING
  STORAGE(INITIAL 65536 NEXT 1048576 MINEXTENTS 1 MAXEXTENTS 2147483645
  PCTINCREASE 0 FREELISTS 1 FREELIST GROUPS 1 BUFFER_POOL DEFAULT FLASH_CACHE DEFAULT CELL_FLASH_CACHE DEFAULT)
  TABLESPACE "SH2ORANGE31" ;
--------------------------------------------------------
--  DDL for Table POSTLINKS
--------------------------------------------------------

  CREATE TABLE "POSTLINKS" 
   (	"POST_LINK_ID" NUMBER(10,0), 
	"LINK_TYPE_ID" NUMBER(10,0), 
	"PARENT_POST_ID" NUMBER(10,0), 
	"RELATED_POST_ID" NUMBER(10,0), 
	"CREATED_DATE" DATE
   ) SEGMENT CREATION IMMEDIATE 
  PCTFREE 10 PCTUSED 40 INITRANS 1 MAXTRANS 255 NOCOMPRESS LOGGING
  STORAGE(INITIAL 65536 NEXT 1048576 MINEXTENTS 1 MAXEXTENTS 2147483645
  PCTINCREASE 0 FREELISTS 1 FREELIST GROUPS 1 BUFFER_POOL DEFAULT FLASH_CACHE DEFAULT CELL_FLASH_CACHE DEFAULT)
  TABLESPACE "SH2ORANGE31" ;
--------------------------------------------------------
--  DDL for Table POSTS
--------------------------------------------------------

  CREATE TABLE "POSTS" 
   (	"POST_ID" NUMBER(10,0), 
	"POST_TYPE_ID" NUMBER(10,0), 
	"PARENT_POST_ID" NUMBER(10,0), 
	"USER_ID" NUMBER(10,0), 
	"TITLE" NVARCHAR2(1000), 
	"TAG_TYPE_ID" NUMBER(10,0), 
	"SUB_TAGS" NVARCHAR2(255), 
	"BODY_CONTENT" NVARCHAR2(2000), 
	"CREATED_DATE" DATE, 
	"VIEW_COUNT" NUMBER(10,0), 
	"LAST_ACTIVITY_DATE" DATE, 
	"LAST_EDITED_DATE" DATE, 
	"LAST_EDITOR_USER_ID" NUMBER(10,0), 
	"LAST_EDITOR_DISPLAY_NAME" VARCHAR2(50 BYTE), 
	"FAVORITE_COUNT" NUMBER(10,0), 
	"ACCEPTED_ANSWER_ID" NUMBER(10,0), 
	"ANSWER_COUNT" NUMBER(10,0), 
	"CLOSED_DATE" DATE, 
	"COMMENTCOUNT" NUMBER(10,0), 
	"CLOSED_BY" NUMBER(10,0), 
	"FILE_NAME" NVARCHAR2(35), 
	"SUB_PARENT_POST_ID" NUMBER(10,0), 
	"EDIT_COUNT" NUMBER(10,0)
   ) SEGMENT CREATION IMMEDIATE 
  PCTFREE 10 PCTUSED 40 INITRANS 1 MAXTRANS 255 NOCOMPRESS LOGGING
  STORAGE(INITIAL 65536 NEXT 1048576 MINEXTENTS 1 MAXEXTENTS 2147483645
  PCTINCREASE 0 FREELISTS 1 FREELIST GROUPS 1 BUFFER_POOL DEFAULT FLASH_CACHE DEFAULT CELL_FLASH_CACHE DEFAULT)
  TABLESPACE "SH2ORANGE31" ;
--------------------------------------------------------
--  DDL for Table POSTTYPES
--------------------------------------------------------

  CREATE TABLE "POSTTYPES" 
   (	"POST_TYPE_ID" NUMBER(10,0), 
	"POST_TYPE" VARCHAR2(50 BYTE), 
	"STATUS" NUMBER(2,0), 
	"CREATED_BY" NUMBER(10,0), 
	"CREATED_DATE" DATE, 
	"MODIFIED_BY" NUMBER(10,0), 
	"MODIFIED_DATE" DATE
   ) SEGMENT CREATION IMMEDIATE 
  PCTFREE 10 PCTUSED 40 INITRANS 1 MAXTRANS 255 NOCOMPRESS LOGGING
  STORAGE(INITIAL 65536 NEXT 1048576 MINEXTENTS 1 MAXEXTENTS 2147483645
  PCTINCREASE 0 FREELISTS 1 FREELIST GROUPS 1 BUFFER_POOL DEFAULT FLASH_CACHE DEFAULT CELL_FLASH_CACHE DEFAULT)
  TABLESPACE "SH2ORANGE31" ;
--------------------------------------------------------
--  DDL for Table TAGTYPES
--------------------------------------------------------

  CREATE TABLE "TAGTYPES" 
   (	"TAG_TYPE_ID" NUMBER(10,0), 
	"TAG_TYPE" VARCHAR2(50 BYTE), 
	"STATUS" NUMBER(2,0), 
	"CREATED_BY" NUMBER(10,0), 
	"CREATED_DATE" DATE, 
	"MODIFIED_BY" NUMBER(10,0), 
	"MODIFIED_DATE" DATE
   ) SEGMENT CREATION IMMEDIATE 
  PCTFREE 10 PCTUSED 40 INITRANS 1 MAXTRANS 255 NOCOMPRESS LOGGING
  STORAGE(INITIAL 65536 NEXT 1048576 MINEXTENTS 1 MAXEXTENTS 2147483645
  PCTINCREASE 0 FREELISTS 1 FREELIST GROUPS 1 BUFFER_POOL DEFAULT FLASH_CACHE DEFAULT CELL_FLASH_CACHE DEFAULT)
  TABLESPACE "SH2ORANGE31" ;
--------------------------------------------------------
--  DDL for Table USERSDETAILS
--------------------------------------------------------

  CREATE TABLE "USERSDETAILS" 
   (	"USER_ID" NUMBER(10,0), 
	"USER_CODE" VARCHAR2(5 BYTE), 
	"NAME1" VARCHAR2(50 BYTE), 
	"NAME2" VARCHAR2(50 BYTE), 
	"USER_TYPE" NUMBER(10,0), 
	"STATUS" NUMBER(2,0), 
	"CREATED_DATE" DATE, 
	"MODIFIED_BY" NUMBER(10,0), 
	"MODIFIED_DATE" DATE, 
	"DESCRIPTION" NVARCHAR2(2000), 
	"AGE" NUMBER(3,0), 
	"DISPLAY_NAME" VARCHAR2(50 BYTE), 
	"LAST_ACCESS_DATE" DATE, 
	"REPUTATION" NUMBER(6,2), 
	"VIEWERS" NUMBER(6,0), 
	"WEBSITE_URL" VARCHAR2(200 BYTE), 
	"PARENT_ID" NUMBER(10,0)
   ) SEGMENT CREATION IMMEDIATE 
  PCTFREE 10 PCTUSED 40 INITRANS 1 MAXTRANS 255 NOCOMPRESS LOGGING
  STORAGE(INITIAL 65536 NEXT 1048576 MINEXTENTS 1 MAXEXTENTS 2147483645
  PCTINCREASE 0 FREELISTS 1 FREELIST GROUPS 1 BUFFER_POOL DEFAULT FLASH_CACHE DEFAULT CELL_FLASH_CACHE DEFAULT)
  TABLESPACE "SH2ORANGE31" ;
--------------------------------------------------------
--  DDL for Table USERTYPES
--------------------------------------------------------

  CREATE TABLE "USERTYPES" 
   (	"USER_TYPE_ID" NUMBER(10,0), 
	"USER_TYPE" VARCHAR2(50 BYTE), 
	"STATUS" NUMBER(2,0), 
	"CREATED_BY" NUMBER(10,0), 
	"CREATED_DATE" DATE, 
	"MODIFIED_BY" NUMBER(10,0), 
	"MODIFIED_DATE" DATE
   ) SEGMENT CREATION IMMEDIATE 
  PCTFREE 10 PCTUSED 40 INITRANS 1 MAXTRANS 255 NOCOMPRESS LOGGING
  STORAGE(INITIAL 65536 NEXT 1048576 MINEXTENTS 1 MAXEXTENTS 2147483645
  PCTINCREASE 0 FREELISTS 1 FREELIST GROUPS 1 BUFFER_POOL DEFAULT FLASH_CACHE DEFAULT CELL_FLASH_CACHE DEFAULT)
  TABLESPACE "SH2ORANGE31" ;
--------------------------------------------------------
--  DDL for Table VOTES
--------------------------------------------------------

  CREATE TABLE "VOTES" 
   (	"VOTE_ID" NUMBER(10,0), 
	"BOUNTY_AMOUNT" NUMBER(6,3), 
	"VOTED_BY" NUMBER(10,0), 
	"VOTED_TO" NUMBER(10,0), 
	"VOTE_TYPE_ID" NUMBER(10,0), 
	"POST_ID" NUMBER(10,0), 
	"TAG_TYPE_ID" NUMBER(10,0), 
	"CREATED_DATE" DATE, 
	"STATUS" NUMBER(2,0), 
	"MODIFIED_BY" NUMBER(10,0), 
	"MODIFIED_DATE" DATE
   ) SEGMENT CREATION IMMEDIATE 
  PCTFREE 10 PCTUSED 40 INITRANS 1 MAXTRANS 255 NOCOMPRESS LOGGING
  STORAGE(INITIAL 65536 NEXT 1048576 MINEXTENTS 1 MAXEXTENTS 2147483645
  PCTINCREASE 0 FREELISTS 1 FREELIST GROUPS 1 BUFFER_POOL DEFAULT FLASH_CACHE DEFAULT CELL_FLASH_CACHE DEFAULT)
  TABLESPACE "SH2ORANGE31" ;
--------------------------------------------------------
--  DDL for Table VOTETOTAL
--------------------------------------------------------

  CREATE TABLE "VOTETOTAL" 
   (	"USER_ID" NUMBER(10,0), 
	"TAG_TYPE_ID" NUMBER(10,0), 
	"TOTAL_BOUNTY_AMOUNT" NUMBER(16,3), 
	"TOTAL_VOTES" NUMBER(10,0)
   ) SEGMENT CREATION IMMEDIATE 
  PCTFREE 10 PCTUSED 40 INITRANS 1 MAXTRANS 255 NOCOMPRESS LOGGING
  STORAGE(INITIAL 65536 NEXT 1048576 MINEXTENTS 1 MAXEXTENTS 2147483645
  PCTINCREASE 0 FREELISTS 1 FREELIST GROUPS 1 BUFFER_POOL DEFAULT FLASH_CACHE DEFAULT CELL_FLASH_CACHE DEFAULT)
  TABLESPACE "SH2ORANGE31" ;
--------------------------------------------------------
--  DDL for Table VOTETYPES
--------------------------------------------------------

  CREATE TABLE "VOTETYPES" 
   (	"VOTE_TYPE_ID" NUMBER(10,0), 
	"VOTE_TYPE" VARCHAR2(50 BYTE), 
	"STATUS" NUMBER(2,0), 
	"CREATED_BY" NUMBER(10,0), 
	"CREATED_DATE" DATE, 
	"MODIFIED_BY" NUMBER(10,0), 
	"MODIFIED_DATE" DATE
   ) SEGMENT CREATION IMMEDIATE 
  PCTFREE 10 PCTUSED 40 INITRANS 1 MAXTRANS 255 NOCOMPRESS LOGGING
  STORAGE(INITIAL 65536 NEXT 1048576 MINEXTENTS 1 MAXEXTENTS 2147483645
  PCTINCREASE 0 FREELISTS 1 FREELIST GROUPS 1 BUFFER_POOL DEFAULT FLASH_CACHE DEFAULT CELL_FLASH_CACHE DEFAULT)
  TABLESPACE "SH2ORANGE31" ;
--------------------------------------------------------
--  DDL for Sequence SEQ_ADDRESS
--------------------------------------------------------

   CREATE SEQUENCE  "SEQ_ADDRESS"  MINVALUE 1 MAXVALUE 9999999999999999999999999999 INCREMENT BY 1 START WITH 21 CACHE 20 NOORDER  NOCYCLE ;
--------------------------------------------------------
--  DDL for Sequence SEQ_BADGES
--------------------------------------------------------

   CREATE SEQUENCE  "SEQ_BADGES"  MINVALUE 1 MAXVALUE 9999999999999999999999999999 INCREMENT BY 1 START WITH 1 CACHE 20 NOORDER  NOCYCLE ;
--------------------------------------------------------
--  DDL for Sequence SEQ_BADGE_TYPES
--------------------------------------------------------

   CREATE SEQUENCE  "SEQ_BADGE_TYPES"  MINVALUE 1 MAXVALUE 9999999999999999999999999999 INCREMENT BY 1 START WITH 1 CACHE 20 NOORDER  NOCYCLE ;
--------------------------------------------------------
--  DDL for Sequence SEQ_CONTACT
--------------------------------------------------------

   CREATE SEQUENCE  "SEQ_CONTACT"  MINVALUE 1 MAXVALUE 9999999999999999999999999999 INCREMENT BY 1 START WITH 95 CACHE 20 NOORDER  NOCYCLE ;
--------------------------------------------------------
--  DDL for Sequence SEQ_LINK_TYPES
--------------------------------------------------------

   CREATE SEQUENCE  "SEQ_LINK_TYPES"  MINVALUE 1 MAXVALUE 9999999999999999999999999999 INCREMENT BY 1 START WITH 1 CACHE 20 NOORDER  NOCYCLE ;
--------------------------------------------------------
--  DDL for Sequence SEQ_LOGIN_CREDENTIALS
--------------------------------------------------------

   CREATE SEQUENCE  "SEQ_LOGIN_CREDENTIALS"  MINVALUE 1 MAXVALUE 9999999999999999999999999999 INCREMENT BY 1 START WITH 95 CACHE 20 NOORDER  NOCYCLE ;
--------------------------------------------------------
--  DDL for Sequence SEQ_MASTER_TYPES
--------------------------------------------------------

   CREATE SEQUENCE  "SEQ_MASTER_TYPES"  MINVALUE 1 MAXVALUE 9999999999999999999999999999 INCREMENT BY 1 START WITH 1 CACHE 20 NOORDER  NOCYCLE ;
--------------------------------------------------------
--  DDL for Sequence SEQ_POSTS
--------------------------------------------------------

   CREATE SEQUENCE  "SEQ_POSTS"  MINVALUE 1 MAXVALUE 9999999999999999999999999999 INCREMENT BY 1 START WITH 121 CACHE 20 NOORDER  NOCYCLE ;
--------------------------------------------------------
--  DDL for Sequence SEQ_POST_LINKS
--------------------------------------------------------

   CREATE SEQUENCE  "SEQ_POST_LINKS"  MINVALUE 1 MAXVALUE 9999999999999999999999999999 INCREMENT BY 1 START WITH 1 CACHE 20 NOORDER  NOCYCLE ;
--------------------------------------------------------
--  DDL for Sequence SEQ_POST_TYPES
--------------------------------------------------------

   CREATE SEQUENCE  "SEQ_POST_TYPES"  MINVALUE 1 MAXVALUE 9999999999999999999999999999 INCREMENT BY 1 START WITH 1 CACHE 20 NOORDER  NOCYCLE ;
--------------------------------------------------------
--  DDL for Sequence SEQ_TAG_TYPES
--------------------------------------------------------

   CREATE SEQUENCE  "SEQ_TAG_TYPES"  MINVALUE 1 MAXVALUE 9999999999999999999999999999 INCREMENT BY 1 START WITH 1 CACHE 20 NOORDER  NOCYCLE ;
--------------------------------------------------------
--  DDL for Sequence SEQ_USERS
--------------------------------------------------------

   CREATE SEQUENCE  "SEQ_USERS"  MINVALUE 1 MAXVALUE 9999999999999999999999999999 INCREMENT BY 1 START WITH 95 CACHE 20 NOORDER  NOCYCLE ;
--------------------------------------------------------
--  DDL for Sequence SEQ_USER_TYPES
--------------------------------------------------------

   CREATE SEQUENCE  "SEQ_USER_TYPES"  MINVALUE 1 MAXVALUE 9999999999999999999999999999 INCREMENT BY 1 START WITH 1 CACHE 20 NOORDER  NOCYCLE ;
--------------------------------------------------------
--  DDL for Sequence SEQ_VOTES
--------------------------------------------------------

   CREATE SEQUENCE  "SEQ_VOTES"  MINVALUE 1 MAXVALUE 9999999999999999999999999999 INCREMENT BY 1 START WITH 261 CACHE 20 NOORDER  NOCYCLE ;
--------------------------------------------------------
--  DDL for Sequence SEQ_VOTE_TYPES
--------------------------------------------------------

   CREATE SEQUENCE  "SEQ_VOTE_TYPES"  MINVALUE 1 MAXVALUE 9999999999999999999999999999 INCREMENT BY 1 START WITH 1 CACHE 20 NOORDER  NOCYCLE ;
REM INSERTING into SH2ORANGE31.ADDRESS
SET DEFINE OFF;
Insert into SH2ORANGE31.ADDRESS (ADDRESS_ID,USER_ID,LINE1,LINE2,DISTRICT,STATES,COUNTRY,POST_CODE,MASTER_TYPE,AFFILIATION,STATUS,CREATED_BY,CREATED_DATE,MODIFIED_BY,MODIFIED_DATE) values (1,1,'ARAKKAL HOUSE',null,'THRISSUR','KERALA','India','680508',1,null,1,1,to_date('04-MAY-19','DD-MON-RR'),1,to_date('04-MAY-19','DD-MON-RR'));
REM INSERTING into SH2ORANGE31.BADGES
SET DEFINE OFF;
REM INSERTING into SH2ORANGE31.BADGETYPES
SET DEFINE OFF;
REM INSERTING into SH2ORANGE31.CONTACT
SET DEFINE OFF;
Insert into SH2ORANGE31.CONTACT (CONTACT_ID,USER_ID,EMAIL,PHONE,MOBILE1,MOBILE2,STATUS,CREATED_BY,CREATED_DATE,MODIFIED_BY,MODIFIED_DATE,MASTER_TYPE) values (2,2,'Remsheed@ffc.qa',null,30257301,null,1,2,to_date('25-APR-19','DD-MON-RR'),null,null,1);
Insert into SH2ORANGE31.CONTACT (CONTACT_ID,USER_ID,EMAIL,PHONE,MOBILE1,MOBILE2,STATUS,CREATED_BY,CREATED_DATE,MODIFIED_BY,MODIFIED_DATE,MASTER_TYPE) values (3,3,'Shanavas@ffc.qa',null,30998229,null,1,3,to_date('25-APR-19','DD-MON-RR'),null,null,1);
Insert into SH2ORANGE31.CONTACT (CONTACT_ID,USER_ID,EMAIL,PHONE,MOBILE1,MOBILE2,STATUS,CREATED_BY,CREATED_DATE,MODIFIED_BY,MODIFIED_DATE,MASTER_TYPE) values (4,4,'Faisal@ffc.qa	 ',null,33423030,null,1,4,to_date('25-APR-19','DD-MON-RR'),null,null,1);
Insert into SH2ORANGE31.CONTACT (CONTACT_ID,USER_ID,EMAIL,PHONE,MOBILE1,MOBILE2,STATUS,CREATED_BY,CREATED_DATE,MODIFIED_BY,MODIFIED_DATE,MASTER_TYPE) values (5,5,'Aadheeb@ffc.qa',null,33933227,null,1,5,to_date('25-APR-19','DD-MON-RR'),null,null,1);
Insert into SH2ORANGE31.CONTACT (CONTACT_ID,USER_ID,EMAIL,PHONE,MOBILE1,MOBILE2,STATUS,CREATED_BY,CREATED_DATE,MODIFIED_BY,MODIFIED_DATE,MASTER_TYPE) values (6,6,'Mojish@ffc.qa	 ',null,50102214,null,1,6,to_date('25-APR-19','DD-MON-RR'),null,null,1);
Insert into SH2ORANGE31.CONTACT (CONTACT_ID,USER_ID,EMAIL,PHONE,MOBILE1,MOBILE2,STATUS,CREATED_BY,CREATED_DATE,MODIFIED_BY,MODIFIED_DATE,MASTER_TYPE) values (7,7,'Abhilash@ffc.qa',null,50287576,null,1,7,to_date('25-APR-19','DD-MON-RR'),null,null,1);
Insert into SH2ORANGE31.CONTACT (CONTACT_ID,USER_ID,EMAIL,PHONE,MOBILE1,MOBILE2,STATUS,CREATED_BY,CREATED_DATE,MODIFIED_BY,MODIFIED_DATE,MASTER_TYPE) values (10,10,'Falah@ffc.qa',null,50931330,null,1,10,to_date('26-APR-19','DD-MON-RR'),null,null,1);
Insert into SH2ORANGE31.CONTACT (CONTACT_ID,USER_ID,EMAIL,PHONE,MOBILE1,MOBILE2,STATUS,CREATED_BY,CREATED_DATE,MODIFIED_BY,MODIFIED_DATE,MASTER_TYPE) values (24,24,'Rahul@ffc.qa',null,55411261,null,1,24,to_date('26-APR-19','DD-MON-RR'),null,null,1);
Insert into SH2ORANGE31.CONTACT (CONTACT_ID,USER_ID,EMAIL,PHONE,MOBILE1,MOBILE2,STATUS,CREATED_BY,CREATED_DATE,MODIFIED_BY,MODIFIED_DATE,MASTER_TYPE) values (13,13,'Dipu@ffc.qa',null,55785989,null,1,13,to_date('26-APR-19','DD-MON-RR'),null,null,1);
Insert into SH2ORANGE31.CONTACT (CONTACT_ID,USER_ID,EMAIL,PHONE,MOBILE1,MOBILE2,STATUS,CREATED_BY,CREATED_DATE,MODIFIED_BY,MODIFIED_DATE,MASTER_TYPE) values (22,22,'Hari@ffc.qa',null,66607854,null,1,22,to_date('26-APR-19','DD-MON-RR'),null,null,1);
Insert into SH2ORANGE31.CONTACT (CONTACT_ID,USER_ID,EMAIL,PHONE,MOBILE1,MOBILE2,STATUS,CREATED_BY,CREATED_DATE,MODIFIED_BY,MODIFIED_DATE,MASTER_TYPE) values (16,16,'Ali@ffc.qa',null,74435272,null,1,16,to_date('26-APR-19','DD-MON-RR'),null,null,1);
Insert into SH2ORANGE31.CONTACT (CONTACT_ID,USER_ID,EMAIL,PHONE,MOBILE1,MOBILE2,STATUS,CREATED_BY,CREATED_DATE,MODIFIED_BY,MODIFIED_DATE,MASTER_TYPE) values (18,18,'Adul@ffc.qa',null,77639585,null,1,18,to_date('26-APR-19','DD-MON-RR'),null,null,1);
Insert into SH2ORANGE31.CONTACT (CONTACT_ID,USER_ID,EMAIL,PHONE,MOBILE1,MOBILE2,STATUS,CREATED_BY,CREATED_DATE,MODIFIED_BY,MODIFIED_DATE,MASTER_TYPE) values (27,27,'Riyas@ffc.qa',null,77669894,null,1,27,to_date('26-APR-19','DD-MON-RR'),null,null,1);
Insert into SH2ORANGE31.CONTACT (CONTACT_ID,USER_ID,EMAIL,PHONE,MOBILE1,MOBILE2,STATUS,CREATED_BY,CREATED_DATE,MODIFIED_BY,MODIFIED_DATE,MASTER_TYPE) values (8,8,'Jinu@ecreationsindia.com',null,7025608618,null,1,8,to_date('26-APR-19','DD-MON-RR'),null,null,1);
Insert into SH2ORANGE31.CONTACT (CONTACT_ID,USER_ID,EMAIL,PHONE,MOBILE1,MOBILE2,STATUS,CREATED_BY,CREATED_DATE,MODIFIED_BY,MODIFIED_DATE,MASTER_TYPE) values (9,9,'Nijil@ecreationsindia.com',null,8111955687,null,1,9,to_date('26-APR-19','DD-MON-RR'),null,null,1);
Insert into SH2ORANGE31.CONTACT (CONTACT_ID,USER_ID,EMAIL,PHONE,MOBILE1,MOBILE2,STATUS,CREATED_BY,CREATED_DATE,MODIFIED_BY,MODIFIED_DATE,MASTER_TYPE) values (20,20,'Subin@ecreationsindia.com',null,8129158642,null,1,20,to_date('26-APR-19','DD-MON-RR'),null,null,1);
Insert into SH2ORANGE31.CONTACT (CONTACT_ID,USER_ID,EMAIL,PHONE,MOBILE1,MOBILE2,STATUS,CREATED_BY,CREATED_DATE,MODIFIED_BY,MODIFIED_DATE,MASTER_TYPE) values (11,11,'Prasanth@ecreationsindia.com',null,8129369809,null,1,11,to_date('26-APR-19','DD-MON-RR'),null,null,1);
Insert into SH2ORANGE31.CONTACT (CONTACT_ID,USER_ID,EMAIL,PHONE,MOBILE1,MOBILE2,STATUS,CREATED_BY,CREATED_DATE,MODIFIED_BY,MODIFIED_DATE,MASTER_TYPE) values (12,12,'Jeffy@ecreationsindia.com',null,8281344419,null,1,12,to_date('26-APR-19','DD-MON-RR'),null,null,1);
Insert into SH2ORANGE31.CONTACT (CONTACT_ID,USER_ID,EMAIL,PHONE,MOBILE1,MOBILE2,STATUS,CREATED_BY,CREATED_DATE,MODIFIED_BY,MODIFIED_DATE,MASTER_TYPE) values (21,21,'Cibin@ecreationsindia.com',null,8943342710,null,1,21,to_date('26-APR-19','DD-MON-RR'),null,null,1);
Insert into SH2ORANGE31.CONTACT (CONTACT_ID,USER_ID,EMAIL,PHONE,MOBILE1,MOBILE2,STATUS,CREATED_BY,CREATED_DATE,MODIFIED_BY,MODIFIED_DATE,MASTER_TYPE) values (14,14,'Smitha@ecreationsindia.com',null,8943342743,null,1,14,to_date('26-APR-19','DD-MON-RR'),null,null,1);
Insert into SH2ORANGE31.CONTACT (CONTACT_ID,USER_ID,EMAIL,PHONE,MOBILE1,MOBILE2,STATUS,CREATED_BY,CREATED_DATE,MODIFIED_BY,MODIFIED_DATE,MASTER_TYPE) values (15,15,'Nikhil@ecreationsindia.com',null,8943890189,null,1,15,to_date('26-APR-19','DD-MON-RR'),null,null,1);
Insert into SH2ORANGE31.CONTACT (CONTACT_ID,USER_ID,EMAIL,PHONE,MOBILE1,MOBILE2,STATUS,CREATED_BY,CREATED_DATE,MODIFIED_BY,MODIFIED_DATE,MASTER_TYPE) values (25,25,'Mubarak@ecreationsindia.com',null,9061823332,null,1,25,to_date('26-APR-19','DD-MON-RR'),null,null,1);
Insert into SH2ORANGE31.CONTACT (CONTACT_ID,USER_ID,EMAIL,PHONE,MOBILE1,MOBILE2,STATUS,CREATED_BY,CREATED_DATE,MODIFIED_BY,MODIFIED_DATE,MASTER_TYPE) values (17,17,'Soummya@ecreationsindia.com',null,9447586862,null,1,17,to_date('26-APR-19','DD-MON-RR'),null,null,1);
Insert into SH2ORANGE31.CONTACT (CONTACT_ID,USER_ID,EMAIL,PHONE,MOBILE1,MOBILE2,STATUS,CREATED_BY,CREATED_DATE,MODIFIED_BY,MODIFIED_DATE,MASTER_TYPE) values (26,26,'Joy@ecreationsindia.com',null,9447670342,null,1,26,to_date('26-APR-19','DD-MON-RR'),null,null,1);
Insert into SH2ORANGE31.CONTACT (CONTACT_ID,USER_ID,EMAIL,PHONE,MOBILE1,MOBILE2,STATUS,CREATED_BY,CREATED_DATE,MODIFIED_BY,MODIFIED_DATE,MASTER_TYPE) values (19,19,'Gogul@ecreationsindia.com',null,9447778123,null,1,19,to_date('26-APR-19','DD-MON-RR'),null,null,1);
Insert into SH2ORANGE31.CONTACT (CONTACT_ID,USER_ID,EMAIL,PHONE,MOBILE1,MOBILE2,STATUS,CREATED_BY,CREATED_DATE,MODIFIED_BY,MODIFIED_DATE,MASTER_TYPE) values (28,28,'Jithin@ecreationsindia.com ',null,9495459901,null,1,28,to_date('27-APR-19','DD-MON-RR'),null,null,1);
Insert into SH2ORANGE31.CONTACT (CONTACT_ID,USER_ID,EMAIL,PHONE,MOBILE1,MOBILE2,STATUS,CREATED_BY,CREATED_DATE,MODIFIED_BY,MODIFIED_DATE,MASTER_TYPE) values (29,29,'Soumya.Vijayan@ecreationsindia.com ',null,9526344616,null,1,29,to_date('27-APR-19','DD-MON-RR'),null,null,1);
Insert into SH2ORANGE31.CONTACT (CONTACT_ID,USER_ID,EMAIL,PHONE,MOBILE1,MOBILE2,STATUS,CREATED_BY,CREATED_DATE,MODIFIED_BY,MODIFIED_DATE,MASTER_TYPE) values (30,30,'Suneesh@ecreationsindia.com ',null,9544052484,null,1,30,to_date('27-APR-19','DD-MON-RR'),null,null,1);
Insert into SH2ORANGE31.CONTACT (CONTACT_ID,USER_ID,EMAIL,PHONE,MOBILE1,MOBILE2,STATUS,CREATED_BY,CREATED_DATE,MODIFIED_BY,MODIFIED_DATE,MASTER_TYPE) values (31,31,'Rijo@ecreationsindia.com ',null,9544192562,null,1,31,to_date('27-APR-19','DD-MON-RR'),null,null,1);
Insert into SH2ORANGE31.CONTACT (CONTACT_ID,USER_ID,EMAIL,PHONE,MOBILE1,MOBILE2,STATUS,CREATED_BY,CREATED_DATE,MODIFIED_BY,MODIFIED_DATE,MASTER_TYPE) values (32,32,'Anju@ecreationsindia.com ',null,9544663453,null,1,32,to_date('27-APR-19','DD-MON-RR'),null,null,1);
Insert into SH2ORANGE31.CONTACT (CONTACT_ID,USER_ID,EMAIL,PHONE,MOBILE1,MOBILE2,STATUS,CREATED_BY,CREATED_DATE,MODIFIED_BY,MODIFIED_DATE,MASTER_TYPE) values (33,33,'Hashim@ecreationsindia.com ',null,9544987444,null,1,33,to_date('27-APR-19','DD-MON-RR'),null,null,1);
Insert into SH2ORANGE31.CONTACT (CONTACT_ID,USER_ID,EMAIL,PHONE,MOBILE1,MOBILE2,STATUS,CREATED_BY,CREATED_DATE,MODIFIED_BY,MODIFIED_DATE,MASTER_TYPE) values (34,34,'Sisily@ecreationsindia.com ',null,9605131111,null,1,34,to_date('27-APR-19','DD-MON-RR'),null,null,1);
Insert into SH2ORANGE31.CONTACT (CONTACT_ID,USER_ID,EMAIL,PHONE,MOBILE1,MOBILE2,STATUS,CREATED_BY,CREATED_DATE,MODIFIED_BY,MODIFIED_DATE,MASTER_TYPE) values (35,35,'Nivya@ecreationsindia.com ',null,9605476570,null,1,35,to_date('27-APR-19','DD-MON-RR'),null,null,1);
Insert into SH2ORANGE31.CONTACT (CONTACT_ID,USER_ID,EMAIL,PHONE,MOBILE1,MOBILE2,STATUS,CREATED_BY,CREATED_DATE,MODIFIED_BY,MODIFIED_DATE,MASTER_TYPE) values (36,36,'Dhivya@ecreationsindia.com ',null,9645311017,null,1,36,to_date('27-APR-19','DD-MON-RR'),null,null,1);
Insert into SH2ORANGE31.CONTACT (CONTACT_ID,USER_ID,EMAIL,PHONE,MOBILE1,MOBILE2,STATUS,CREATED_BY,CREATED_DATE,MODIFIED_BY,MODIFIED_DATE,MASTER_TYPE) values (37,37,'Neeraj@ecreationsindia.com ',null,9645785918,null,1,37,to_date('27-APR-19','DD-MON-RR'),null,null,1);
Insert into SH2ORANGE31.CONTACT (CONTACT_ID,USER_ID,EMAIL,PHONE,MOBILE1,MOBILE2,STATUS,CREATED_BY,CREATED_DATE,MODIFIED_BY,MODIFIED_DATE,MASTER_TYPE) values (38,38,'Shajahan@ecreationsindia.com ',null,9656163390,null,1,38,to_date('27-APR-19','DD-MON-RR'),null,null,1);
Insert into SH2ORANGE31.CONTACT (CONTACT_ID,USER_ID,EMAIL,PHONE,MOBILE1,MOBILE2,STATUS,CREATED_BY,CREATED_DATE,MODIFIED_BY,MODIFIED_DATE,MASTER_TYPE) values (39,39,'Jithesh@ecreationsindia.com ',null,9746394421,null,1,39,to_date('27-APR-19','DD-MON-RR'),null,null,1);
Insert into SH2ORANGE31.CONTACT (CONTACT_ID,USER_ID,EMAIL,PHONE,MOBILE1,MOBILE2,STATUS,CREATED_BY,CREATED_DATE,MODIFIED_BY,MODIFIED_DATE,MASTER_TYPE) values (40,40,'Joe@ecreationsindia.com ',null,9746749310,null,1,40,to_date('27-APR-19','DD-MON-RR'),null,null,1);
Insert into SH2ORANGE31.CONTACT (CONTACT_ID,USER_ID,EMAIL,PHONE,MOBILE1,MOBILE2,STATUS,CREATED_BY,CREATED_DATE,MODIFIED_BY,MODIFIED_DATE,MASTER_TYPE) values (41,41,'Jins@ecreationsindia.com ',null,9746829690,null,1,41,to_date('27-APR-19','DD-MON-RR'),null,null,1);
Insert into SH2ORANGE31.CONTACT (CONTACT_ID,USER_ID,EMAIL,PHONE,MOBILE1,MOBILE2,STATUS,CREATED_BY,CREATED_DATE,MODIFIED_BY,MODIFIED_DATE,MASTER_TYPE) values (42,42,'Shinto@ecreationsindia.com ',null,9747624414,null,1,42,to_date('27-APR-19','DD-MON-RR'),null,null,1);
Insert into SH2ORANGE31.CONTACT (CONTACT_ID,USER_ID,EMAIL,PHONE,MOBILE1,MOBILE2,STATUS,CREATED_BY,CREATED_DATE,MODIFIED_BY,MODIFIED_DATE,MASTER_TYPE) values (43,43,'Susheel@ecreationsindia.com ',null,9846369949,null,1,43,to_date('27-APR-19','DD-MON-RR'),null,null,1);
Insert into SH2ORANGE31.CONTACT (CONTACT_ID,USER_ID,EMAIL,PHONE,MOBILE1,MOBILE2,STATUS,CREATED_BY,CREATED_DATE,MODIFIED_BY,MODIFIED_DATE,MASTER_TYPE) values (44,44,'Sunitha@ecreationsindia.com ',null,9895123497,null,1,44,to_date('27-APR-19','DD-MON-RR'),null,null,1);
Insert into SH2ORANGE31.CONTACT (CONTACT_ID,USER_ID,EMAIL,PHONE,MOBILE1,MOBILE2,STATUS,CREATED_BY,CREATED_DATE,MODIFIED_BY,MODIFIED_DATE,MASTER_TYPE) values (45,45,'Syam@ecreationsindia.com ',null,9895428666,null,1,45,to_date('27-APR-19','DD-MON-RR'),null,null,1);
Insert into SH2ORANGE31.CONTACT (CONTACT_ID,USER_ID,EMAIL,PHONE,MOBILE1,MOBILE2,STATUS,CREATED_BY,CREATED_DATE,MODIFIED_BY,MODIFIED_DATE,MASTER_TYPE) values (46,46,'Aby@ecreationsindia.com ',null,9895669087,null,1,46,to_date('27-APR-19','DD-MON-RR'),null,null,1);
Insert into SH2ORANGE31.CONTACT (CONTACT_ID,USER_ID,EMAIL,PHONE,MOBILE1,MOBILE2,STATUS,CREATED_BY,CREATED_DATE,MODIFIED_BY,MODIFIED_DATE,MASTER_TYPE) values (47,47,'Nidhin@ecreationsindia.com ',null,9895689608,null,1,47,to_date('28-APR-19','DD-MON-RR'),null,null,1);
Insert into SH2ORANGE31.CONTACT (CONTACT_ID,USER_ID,EMAIL,PHONE,MOBILE1,MOBILE2,STATUS,CREATED_BY,CREATED_DATE,MODIFIED_BY,MODIFIED_DATE,MASTER_TYPE) values (48,48,'Vibin@ecreationsindia.com ',null,9947331489,null,1,48,to_date('28-APR-19','DD-MON-RR'),null,null,1);
Insert into SH2ORANGE31.CONTACT (CONTACT_ID,USER_ID,EMAIL,PHONE,MOBILE1,MOBILE2,STATUS,CREATED_BY,CREATED_DATE,MODIFIED_BY,MODIFIED_DATE,MASTER_TYPE) values (49,49,'Asif@ecreationsindia.com ',null,9947913437,null,1,49,to_date('28-APR-19','DD-MON-RR'),null,null,1);
Insert into SH2ORANGE31.CONTACT (CONTACT_ID,USER_ID,EMAIL,PHONE,MOBILE1,MOBILE2,STATUS,CREATED_BY,CREATED_DATE,MODIFIED_BY,MODIFIED_DATE,MASTER_TYPE) values (50,50,'Smrithy@ecreationsindia.com ',null,9961252570,null,1,50,to_date('28-APR-19','DD-MON-RR'),null,null,1);
Insert into SH2ORANGE31.CONTACT (CONTACT_ID,USER_ID,EMAIL,PHONE,MOBILE1,MOBILE2,STATUS,CREATED_BY,CREATED_DATE,MODIFIED_BY,MODIFIED_DATE,MASTER_TYPE) values (51,51,'Jenish@ecreationsindia.com ',null,9961263873,null,1,51,to_date('28-APR-19','DD-MON-RR'),null,null,1);
Insert into SH2ORANGE31.CONTACT (CONTACT_ID,USER_ID,EMAIL,PHONE,MOBILE1,MOBILE2,STATUS,CREATED_BY,CREATED_DATE,MODIFIED_BY,MODIFIED_DATE,MASTER_TYPE) values (52,52,'Abhilash@ecreationsindia.com ',null,9995577626,null,1,52,to_date('28-APR-19','DD-MON-RR'),null,null,1);
Insert into SH2ORANGE31.CONTACT (CONTACT_ID,USER_ID,EMAIL,PHONE,MOBILE1,MOBILE2,STATUS,CREATED_BY,CREATED_DATE,MODIFIED_BY,MODIFIED_DATE,MASTER_TYPE) values (53,53,'Irshad@ecreationsindia.com ',null,9995872758,null,1,53,to_date('28-APR-19','DD-MON-RR'),null,null,1);
Insert into SH2ORANGE31.CONTACT (CONTACT_ID,USER_ID,EMAIL,PHONE,MOBILE1,MOBILE2,STATUS,CREATED_BY,CREATED_DATE,MODIFIED_BY,MODIFIED_DATE,MASTER_TYPE) values (54,54,'Johns@ecreationsindia.com ',null,9995997535,null,1,54,to_date('28-APR-19','DD-MON-RR'),null,null,1);
Insert into SH2ORANGE31.CONTACT (CONTACT_ID,USER_ID,EMAIL,PHONE,MOBILE1,MOBILE2,STATUS,CREATED_BY,CREATED_DATE,MODIFIED_BY,MODIFIED_DATE,MASTER_TYPE) values (55,55,'toadem@ttu.ee',null,56044,null,1,55,to_date('17-MAY-19','DD-MON-RR'),null,null,1);
Insert into SH2ORANGE31.CONTACT (CONTACT_ID,USER_ID,EMAIL,PHONE,MOBILE1,MOBILE2,STATUS,CREATED_BY,CREATED_DATE,MODIFIED_BY,MODIFIED_DATE,MASTER_TYPE) values (75,75,'toadem@ttu.ee',null,560837,null,1,75,to_date('18-MAY-19','DD-MON-RR'),null,null,1);
Insert into SH2ORANGE31.CONTACT (CONTACT_ID,USER_ID,EMAIL,PHONE,MOBILE1,MOBILE2,STATUS,CREATED_BY,CREATED_DATE,MODIFIED_BY,MODIFIED_DATE,MASTER_TYPE) values (1,1,'siarak@ttu.ee',null,58794695,null,1,1,to_date('24-APR-19','DD-MON-RR'),null,null,1);
REM INSERTING into SH2ORANGE31.LINKTYPES
SET DEFINE OFF;
Insert into SH2ORANGE31.LINKTYPES (LINK_TYPE_ID,LINK_TYPE,STATUS,CREATED_BY,CREATED_DATE,MODIFIED_BY,MODIFIED_DATE) values (1,'Linked',1,1,to_date('11-APR-19','DD-MON-RR'),null,null);
Insert into SH2ORANGE31.LINKTYPES (LINK_TYPE_ID,LINK_TYPE,STATUS,CREATED_BY,CREATED_DATE,MODIFIED_BY,MODIFIED_DATE) values (2,'Duplicate',1,1,to_date('11-APR-19','DD-MON-RR'),null,null);
REM INSERTING into SH2ORANGE31.LOGINCREDENTIALS
SET DEFINE OFF;
Insert into SH2ORANGE31.LOGINCREDENTIALS (LOGIN_CREDENTIAL_ID,USER_ID,USERNAME,LOGIN_PASSWORD,VALID_TILL,STATUS,CREATED_BY,CREATED_DATE,MODIFIED_BY,MODIFIED_DATE) values (23,1,'admin','admin123',to_date('24-APR-19','DD-MON-RR'),1,1,to_date('24-APR-19','DD-MON-RR'),null,null);
Insert into SH2ORANGE31.LOGINCREDENTIALS (LOGIN_CREDENTIAL_ID,USER_ID,USERNAME,LOGIN_PASSWORD,VALID_TILL,STATUS,CREATED_BY,CREATED_DATE,MODIFIED_BY,MODIFIED_DATE) values (2,2,'Remsheed','Remsheed',to_date('25-APR-19','DD-MON-RR'),1,2,to_date('25-APR-19','DD-MON-RR'),null,null);
Insert into SH2ORANGE31.LOGINCREDENTIALS (LOGIN_CREDENTIAL_ID,USER_ID,USERNAME,LOGIN_PASSWORD,VALID_TILL,STATUS,CREATED_BY,CREATED_DATE,MODIFIED_BY,MODIFIED_DATE) values (3,3,'Shanavas','Shanavas',to_date('25-APR-19','DD-MON-RR'),1,3,to_date('25-APR-19','DD-MON-RR'),null,null);
Insert into SH2ORANGE31.LOGINCREDENTIALS (LOGIN_CREDENTIAL_ID,USER_ID,USERNAME,LOGIN_PASSWORD,VALID_TILL,STATUS,CREATED_BY,CREATED_DATE,MODIFIED_BY,MODIFIED_DATE) values (4,4,'Faisal','Faisal  ',to_date('25-APR-19','DD-MON-RR'),1,4,to_date('25-APR-19','DD-MON-RR'),null,null);
Insert into SH2ORANGE31.LOGINCREDENTIALS (LOGIN_CREDENTIAL_ID,USER_ID,USERNAME,LOGIN_PASSWORD,VALID_TILL,STATUS,CREATED_BY,CREATED_DATE,MODIFIED_BY,MODIFIED_DATE) values (5,5,'Aadheeb','Aadheeb ',to_date('25-APR-19','DD-MON-RR'),1,5,to_date('25-APR-19','DD-MON-RR'),null,null);
Insert into SH2ORANGE31.LOGINCREDENTIALS (LOGIN_CREDENTIAL_ID,USER_ID,USERNAME,LOGIN_PASSWORD,VALID_TILL,STATUS,CREATED_BY,CREATED_DATE,MODIFIED_BY,MODIFIED_DATE) values (6,6,'Mojish','Mojish  ',to_date('25-APR-19','DD-MON-RR'),1,6,to_date('25-APR-19','DD-MON-RR'),null,null);
Insert into SH2ORANGE31.LOGINCREDENTIALS (LOGIN_CREDENTIAL_ID,USER_ID,USERNAME,LOGIN_PASSWORD,VALID_TILL,STATUS,CREATED_BY,CREATED_DATE,MODIFIED_BY,MODIFIED_DATE) values (7,7,'Abhilash','Abhilash',to_date('25-APR-19','DD-MON-RR'),1,7,to_date('25-APR-19','DD-MON-RR'),null,null);
Insert into SH2ORANGE31.LOGINCREDENTIALS (LOGIN_CREDENTIAL_ID,USER_ID,USERNAME,LOGIN_PASSWORD,VALID_TILL,STATUS,CREATED_BY,CREATED_DATE,MODIFIED_BY,MODIFIED_DATE) values (10,10,'Falah','Falah',to_date('26-APR-19','DD-MON-RR'),1,10,to_date('26-APR-19','DD-MON-RR'),null,null);
Insert into SH2ORANGE31.LOGINCREDENTIALS (LOGIN_CREDENTIAL_ID,USER_ID,USERNAME,LOGIN_PASSWORD,VALID_TILL,STATUS,CREATED_BY,CREATED_DATE,MODIFIED_BY,MODIFIED_DATE) values (24,24,'Rahul','Rahul',to_date('26-APR-19','DD-MON-RR'),1,24,to_date('26-APR-19','DD-MON-RR'),null,null);
Insert into SH2ORANGE31.LOGINCREDENTIALS (LOGIN_CREDENTIAL_ID,USER_ID,USERNAME,LOGIN_PASSWORD,VALID_TILL,STATUS,CREATED_BY,CREATED_DATE,MODIFIED_BY,MODIFIED_DATE) values (13,13,'Dipu','Dipu',to_date('26-APR-19','DD-MON-RR'),1,13,to_date('26-APR-19','DD-MON-RR'),null,null);
Insert into SH2ORANGE31.LOGINCREDENTIALS (LOGIN_CREDENTIAL_ID,USER_ID,USERNAME,LOGIN_PASSWORD,VALID_TILL,STATUS,CREATED_BY,CREATED_DATE,MODIFIED_BY,MODIFIED_DATE) values (22,22,'Hari','Hari',to_date('26-APR-19','DD-MON-RR'),1,22,to_date('26-APR-19','DD-MON-RR'),null,null);
Insert into SH2ORANGE31.LOGINCREDENTIALS (LOGIN_CREDENTIAL_ID,USER_ID,USERNAME,LOGIN_PASSWORD,VALID_TILL,STATUS,CREATED_BY,CREATED_DATE,MODIFIED_BY,MODIFIED_DATE) values (16,16,'Ali','Ali',to_date('26-APR-19','DD-MON-RR'),1,16,to_date('26-APR-19','DD-MON-RR'),null,null);
Insert into SH2ORANGE31.LOGINCREDENTIALS (LOGIN_CREDENTIAL_ID,USER_ID,USERNAME,LOGIN_PASSWORD,VALID_TILL,STATUS,CREATED_BY,CREATED_DATE,MODIFIED_BY,MODIFIED_DATE) values (18,18,'Adul','Adul',to_date('26-APR-19','DD-MON-RR'),1,18,to_date('26-APR-19','DD-MON-RR'),null,null);
Insert into SH2ORANGE31.LOGINCREDENTIALS (LOGIN_CREDENTIAL_ID,USER_ID,USERNAME,LOGIN_PASSWORD,VALID_TILL,STATUS,CREATED_BY,CREATED_DATE,MODIFIED_BY,MODIFIED_DATE) values (27,27,'Riyas','Riyas',to_date('26-APR-19','DD-MON-RR'),1,27,to_date('26-APR-19','DD-MON-RR'),null,null);
Insert into SH2ORANGE31.LOGINCREDENTIALS (LOGIN_CREDENTIAL_ID,USER_ID,USERNAME,LOGIN_PASSWORD,VALID_TILL,STATUS,CREATED_BY,CREATED_DATE,MODIFIED_BY,MODIFIED_DATE) values (8,8,'Jinu','Jinu',to_date('26-APR-19','DD-MON-RR'),1,8,to_date('26-APR-19','DD-MON-RR'),null,null);
Insert into SH2ORANGE31.LOGINCREDENTIALS (LOGIN_CREDENTIAL_ID,USER_ID,USERNAME,LOGIN_PASSWORD,VALID_TILL,STATUS,CREATED_BY,CREATED_DATE,MODIFIED_BY,MODIFIED_DATE) values (9,9,'Nijil','Nijil',to_date('26-APR-19','DD-MON-RR'),1,9,to_date('26-APR-19','DD-MON-RR'),null,null);
Insert into SH2ORANGE31.LOGINCREDENTIALS (LOGIN_CREDENTIAL_ID,USER_ID,USERNAME,LOGIN_PASSWORD,VALID_TILL,STATUS,CREATED_BY,CREATED_DATE,MODIFIED_BY,MODIFIED_DATE) values (11,11,'Prasanth','Prasanth',to_date('26-APR-19','DD-MON-RR'),1,11,to_date('26-APR-19','DD-MON-RR'),null,null);
Insert into SH2ORANGE31.LOGINCREDENTIALS (LOGIN_CREDENTIAL_ID,USER_ID,USERNAME,LOGIN_PASSWORD,VALID_TILL,STATUS,CREATED_BY,CREATED_DATE,MODIFIED_BY,MODIFIED_DATE) values (12,12,'Jeffy','Jeffy',to_date('26-APR-19','DD-MON-RR'),1,12,to_date('26-APR-19','DD-MON-RR'),null,null);
Insert into SH2ORANGE31.LOGINCREDENTIALS (LOGIN_CREDENTIAL_ID,USER_ID,USERNAME,LOGIN_PASSWORD,VALID_TILL,STATUS,CREATED_BY,CREATED_DATE,MODIFIED_BY,MODIFIED_DATE) values (21,21,'Cibin','Cibin',to_date('26-APR-19','DD-MON-RR'),1,21,to_date('26-APR-19','DD-MON-RR'),null,null);
Insert into SH2ORANGE31.LOGINCREDENTIALS (LOGIN_CREDENTIAL_ID,USER_ID,USERNAME,LOGIN_PASSWORD,VALID_TILL,STATUS,CREATED_BY,CREATED_DATE,MODIFIED_BY,MODIFIED_DATE) values (14,14,'Smitha','Smitha',to_date('26-APR-19','DD-MON-RR'),1,14,to_date('26-APR-19','DD-MON-RR'),null,null);
Insert into SH2ORANGE31.LOGINCREDENTIALS (LOGIN_CREDENTIAL_ID,USER_ID,USERNAME,LOGIN_PASSWORD,VALID_TILL,STATUS,CREATED_BY,CREATED_DATE,MODIFIED_BY,MODIFIED_DATE) values (15,15,'Nikhil','Nikhil',to_date('26-APR-19','DD-MON-RR'),1,15,to_date('26-APR-19','DD-MON-RR'),null,null);
Insert into SH2ORANGE31.LOGINCREDENTIALS (LOGIN_CREDENTIAL_ID,USER_ID,USERNAME,LOGIN_PASSWORD,VALID_TILL,STATUS,CREATED_BY,CREATED_DATE,MODIFIED_BY,MODIFIED_DATE) values (25,25,'Mubarak','Mubarak',to_date('26-APR-19','DD-MON-RR'),1,25,to_date('26-APR-19','DD-MON-RR'),null,null);
Insert into SH2ORANGE31.LOGINCREDENTIALS (LOGIN_CREDENTIAL_ID,USER_ID,USERNAME,LOGIN_PASSWORD,VALID_TILL,STATUS,CREATED_BY,CREATED_DATE,MODIFIED_BY,MODIFIED_DATE) values (17,17,'Soummya','Soummya',to_date('26-APR-19','DD-MON-RR'),1,17,to_date('26-APR-19','DD-MON-RR'),null,null);
Insert into SH2ORANGE31.LOGINCREDENTIALS (LOGIN_CREDENTIAL_ID,USER_ID,USERNAME,LOGIN_PASSWORD,VALID_TILL,STATUS,CREATED_BY,CREATED_DATE,MODIFIED_BY,MODIFIED_DATE) values (26,26,'Joy','Joy',to_date('26-APR-19','DD-MON-RR'),1,26,to_date('26-APR-19','DD-MON-RR'),null,null);
Insert into SH2ORANGE31.LOGINCREDENTIALS (LOGIN_CREDENTIAL_ID,USER_ID,USERNAME,LOGIN_PASSWORD,VALID_TILL,STATUS,CREATED_BY,CREATED_DATE,MODIFIED_BY,MODIFIED_DATE) values (19,19,'Gogul','Gogul',to_date('26-APR-19','DD-MON-RR'),1,19,to_date('26-APR-19','DD-MON-RR'),null,null);
Insert into SH2ORANGE31.LOGINCREDENTIALS (LOGIN_CREDENTIAL_ID,USER_ID,USERNAME,LOGIN_PASSWORD,VALID_TILL,STATUS,CREATED_BY,CREATED_DATE,MODIFIED_BY,MODIFIED_DATE) values (20,20,'Subin','Subin',to_date('26-APR-19','DD-MON-RR'),1,20,to_date('26-APR-19','DD-MON-RR'),null,null);
Insert into SH2ORANGE31.LOGINCREDENTIALS (LOGIN_CREDENTIAL_ID,USER_ID,USERNAME,LOGIN_PASSWORD,VALID_TILL,STATUS,CREATED_BY,CREATED_DATE,MODIFIED_BY,MODIFIED_DATE) values (28,28,'Jithin','Jithin',to_date('27-APR-19','DD-MON-RR'),1,28,to_date('27-APR-19','DD-MON-RR'),null,null);
Insert into SH2ORANGE31.LOGINCREDENTIALS (LOGIN_CREDENTIAL_ID,USER_ID,USERNAME,LOGIN_PASSWORD,VALID_TILL,STATUS,CREATED_BY,CREATED_DATE,MODIFIED_BY,MODIFIED_DATE) values (29,29,'Soumya123','Soumya123',to_date('27-APR-19','DD-MON-RR'),1,29,to_date('27-APR-19','DD-MON-RR'),null,null);
Insert into SH2ORANGE31.LOGINCREDENTIALS (LOGIN_CREDENTIAL_ID,USER_ID,USERNAME,LOGIN_PASSWORD,VALID_TILL,STATUS,CREATED_BY,CREATED_DATE,MODIFIED_BY,MODIFIED_DATE) values (30,30,'Suneesh ','Suneesh ',to_date('27-APR-19','DD-MON-RR'),1,30,to_date('27-APR-19','DD-MON-RR'),null,null);
Insert into SH2ORANGE31.LOGINCREDENTIALS (LOGIN_CREDENTIAL_ID,USER_ID,USERNAME,LOGIN_PASSWORD,VALID_TILL,STATUS,CREATED_BY,CREATED_DATE,MODIFIED_BY,MODIFIED_DATE) values (31,31,'Rijo ','Rijo ',to_date('27-APR-19','DD-MON-RR'),1,31,to_date('27-APR-19','DD-MON-RR'),null,null);
Insert into SH2ORANGE31.LOGINCREDENTIALS (LOGIN_CREDENTIAL_ID,USER_ID,USERNAME,LOGIN_PASSWORD,VALID_TILL,STATUS,CREATED_BY,CREATED_DATE,MODIFIED_BY,MODIFIED_DATE) values (32,32,'Anju ','Anju ',to_date('27-APR-19','DD-MON-RR'),1,32,to_date('27-APR-19','DD-MON-RR'),null,null);
Insert into SH2ORANGE31.LOGINCREDENTIALS (LOGIN_CREDENTIAL_ID,USER_ID,USERNAME,LOGIN_PASSWORD,VALID_TILL,STATUS,CREATED_BY,CREATED_DATE,MODIFIED_BY,MODIFIED_DATE) values (33,33,'Hashim','Hashim',to_date('27-APR-19','DD-MON-RR'),1,33,to_date('27-APR-19','DD-MON-RR'),null,null);
Insert into SH2ORANGE31.LOGINCREDENTIALS (LOGIN_CREDENTIAL_ID,USER_ID,USERNAME,LOGIN_PASSWORD,VALID_TILL,STATUS,CREATED_BY,CREATED_DATE,MODIFIED_BY,MODIFIED_DATE) values (34,34,'Sisily','Sisily',to_date('27-APR-19','DD-MON-RR'),1,34,to_date('27-APR-19','DD-MON-RR'),null,null);
Insert into SH2ORANGE31.LOGINCREDENTIALS (LOGIN_CREDENTIAL_ID,USER_ID,USERNAME,LOGIN_PASSWORD,VALID_TILL,STATUS,CREATED_BY,CREATED_DATE,MODIFIED_BY,MODIFIED_DATE) values (35,35,'Nivya','Nivya',to_date('27-APR-19','DD-MON-RR'),1,35,to_date('27-APR-19','DD-MON-RR'),null,null);
Insert into SH2ORANGE31.LOGINCREDENTIALS (LOGIN_CREDENTIAL_ID,USER_ID,USERNAME,LOGIN_PASSWORD,VALID_TILL,STATUS,CREATED_BY,CREATED_DATE,MODIFIED_BY,MODIFIED_DATE) values (36,36,'Dhivya','Dhivya',to_date('27-APR-19','DD-MON-RR'),1,36,to_date('27-APR-19','DD-MON-RR'),null,null);
Insert into SH2ORANGE31.LOGINCREDENTIALS (LOGIN_CREDENTIAL_ID,USER_ID,USERNAME,LOGIN_PASSWORD,VALID_TILL,STATUS,CREATED_BY,CREATED_DATE,MODIFIED_BY,MODIFIED_DATE) values (37,37,'Neeraj','Neeraj',to_date('27-APR-19','DD-MON-RR'),1,37,to_date('27-APR-19','DD-MON-RR'),null,null);
Insert into SH2ORANGE31.LOGINCREDENTIALS (LOGIN_CREDENTIAL_ID,USER_ID,USERNAME,LOGIN_PASSWORD,VALID_TILL,STATUS,CREATED_BY,CREATED_DATE,MODIFIED_BY,MODIFIED_DATE) values (38,38,'Shajahan ','Shajahan ',to_date('27-APR-19','DD-MON-RR'),1,38,to_date('27-APR-19','DD-MON-RR'),null,null);
Insert into SH2ORANGE31.LOGINCREDENTIALS (LOGIN_CREDENTIAL_ID,USER_ID,USERNAME,LOGIN_PASSWORD,VALID_TILL,STATUS,CREATED_BY,CREATED_DATE,MODIFIED_BY,MODIFIED_DATE) values (39,39,'Jithesh','Jithesh',to_date('27-APR-19','DD-MON-RR'),1,39,to_date('27-APR-19','DD-MON-RR'),null,null);
Insert into SH2ORANGE31.LOGINCREDENTIALS (LOGIN_CREDENTIAL_ID,USER_ID,USERNAME,LOGIN_PASSWORD,VALID_TILL,STATUS,CREATED_BY,CREATED_DATE,MODIFIED_BY,MODIFIED_DATE) values (40,40,'Joe ','Joe ',to_date('27-APR-19','DD-MON-RR'),1,40,to_date('27-APR-19','DD-MON-RR'),null,null);
Insert into SH2ORANGE31.LOGINCREDENTIALS (LOGIN_CREDENTIAL_ID,USER_ID,USERNAME,LOGIN_PASSWORD,VALID_TILL,STATUS,CREATED_BY,CREATED_DATE,MODIFIED_BY,MODIFIED_DATE) values (41,41,'Jins','Jins',to_date('27-APR-19','DD-MON-RR'),1,41,to_date('27-APR-19','DD-MON-RR'),null,null);
Insert into SH2ORANGE31.LOGINCREDENTIALS (LOGIN_CREDENTIAL_ID,USER_ID,USERNAME,LOGIN_PASSWORD,VALID_TILL,STATUS,CREATED_BY,CREATED_DATE,MODIFIED_BY,MODIFIED_DATE) values (42,42,'Shinto','Shinto',to_date('27-APR-19','DD-MON-RR'),1,42,to_date('27-APR-19','DD-MON-RR'),null,null);
Insert into SH2ORANGE31.LOGINCREDENTIALS (LOGIN_CREDENTIAL_ID,USER_ID,USERNAME,LOGIN_PASSWORD,VALID_TILL,STATUS,CREATED_BY,CREATED_DATE,MODIFIED_BY,MODIFIED_DATE) values (43,43,'Susheel','Susheel',to_date('27-APR-19','DD-MON-RR'),1,43,to_date('27-APR-19','DD-MON-RR'),null,null);
Insert into SH2ORANGE31.LOGINCREDENTIALS (LOGIN_CREDENTIAL_ID,USER_ID,USERNAME,LOGIN_PASSWORD,VALID_TILL,STATUS,CREATED_BY,CREATED_DATE,MODIFIED_BY,MODIFIED_DATE) values (44,44,'Sunitha','Sunitha',to_date('27-APR-19','DD-MON-RR'),1,44,to_date('27-APR-19','DD-MON-RR'),null,null);
Insert into SH2ORANGE31.LOGINCREDENTIALS (LOGIN_CREDENTIAL_ID,USER_ID,USERNAME,LOGIN_PASSWORD,VALID_TILL,STATUS,CREATED_BY,CREATED_DATE,MODIFIED_BY,MODIFIED_DATE) values (45,45,'Syam','Syam',to_date('27-APR-19','DD-MON-RR'),1,45,to_date('27-APR-19','DD-MON-RR'),null,null);
Insert into SH2ORANGE31.LOGINCREDENTIALS (LOGIN_CREDENTIAL_ID,USER_ID,USERNAME,LOGIN_PASSWORD,VALID_TILL,STATUS,CREATED_BY,CREATED_DATE,MODIFIED_BY,MODIFIED_DATE) values (46,46,'Aby','Aby',to_date('27-APR-19','DD-MON-RR'),1,46,to_date('27-APR-19','DD-MON-RR'),null,null);
Insert into SH2ORANGE31.LOGINCREDENTIALS (LOGIN_CREDENTIAL_ID,USER_ID,USERNAME,LOGIN_PASSWORD,VALID_TILL,STATUS,CREATED_BY,CREATED_DATE,MODIFIED_BY,MODIFIED_DATE) values (47,47,'Nidhin','Nidhin',to_date('28-APR-19','DD-MON-RR'),1,47,to_date('28-APR-19','DD-MON-RR'),null,null);
Insert into SH2ORANGE31.LOGINCREDENTIALS (LOGIN_CREDENTIAL_ID,USER_ID,USERNAME,LOGIN_PASSWORD,VALID_TILL,STATUS,CREATED_BY,CREATED_DATE,MODIFIED_BY,MODIFIED_DATE) values (48,48,'Vibin','Vibin',to_date('28-APR-19','DD-MON-RR'),1,48,to_date('28-APR-19','DD-MON-RR'),null,null);
Insert into SH2ORANGE31.LOGINCREDENTIALS (LOGIN_CREDENTIAL_ID,USER_ID,USERNAME,LOGIN_PASSWORD,VALID_TILL,STATUS,CREATED_BY,CREATED_DATE,MODIFIED_BY,MODIFIED_DATE) values (49,49,'Asif','Asif',to_date('28-APR-19','DD-MON-RR'),1,49,to_date('28-APR-19','DD-MON-RR'),null,null);
Insert into SH2ORANGE31.LOGINCREDENTIALS (LOGIN_CREDENTIAL_ID,USER_ID,USERNAME,LOGIN_PASSWORD,VALID_TILL,STATUS,CREATED_BY,CREATED_DATE,MODIFIED_BY,MODIFIED_DATE) values (50,50,'Smrithy','Smrithy',to_date('28-APR-19','DD-MON-RR'),1,50,to_date('28-APR-19','DD-MON-RR'),null,null);
Insert into SH2ORANGE31.LOGINCREDENTIALS (LOGIN_CREDENTIAL_ID,USER_ID,USERNAME,LOGIN_PASSWORD,VALID_TILL,STATUS,CREATED_BY,CREATED_DATE,MODIFIED_BY,MODIFIED_DATE) values (51,51,'Jenish','Jenish',to_date('28-APR-19','DD-MON-RR'),1,51,to_date('28-APR-19','DD-MON-RR'),null,null);
Insert into SH2ORANGE31.LOGINCREDENTIALS (LOGIN_CREDENTIAL_ID,USER_ID,USERNAME,LOGIN_PASSWORD,VALID_TILL,STATUS,CREATED_BY,CREATED_DATE,MODIFIED_BY,MODIFIED_DATE) values (52,52,'Abhilash000','Abhilash000',to_date('28-APR-19','DD-MON-RR'),1,52,to_date('28-APR-19','DD-MON-RR'),null,null);
Insert into SH2ORANGE31.LOGINCREDENTIALS (LOGIN_CREDENTIAL_ID,USER_ID,USERNAME,LOGIN_PASSWORD,VALID_TILL,STATUS,CREATED_BY,CREATED_DATE,MODIFIED_BY,MODIFIED_DATE) values (53,53,'Irshad','Irshad',to_date('28-APR-19','DD-MON-RR'),1,53,to_date('28-APR-19','DD-MON-RR'),null,null);
Insert into SH2ORANGE31.LOGINCREDENTIALS (LOGIN_CREDENTIAL_ID,USER_ID,USERNAME,LOGIN_PASSWORD,VALID_TILL,STATUS,CREATED_BY,CREATED_DATE,MODIFIED_BY,MODIFIED_DATE) values (54,54,'Johns','Johns',to_date('28-APR-19','DD-MON-RR'),1,54,to_date('28-APR-19','DD-MON-RR'),null,null);
Insert into SH2ORANGE31.LOGINCREDENTIALS (LOGIN_CREDENTIAL_ID,USER_ID,USERNAME,LOGIN_PASSWORD,VALID_TILL,STATUS,CREATED_BY,CREATED_DATE,MODIFIED_BY,MODIFIED_DATE) values (55,55,'toadm','ciforum',to_date('17-MAY-19','DD-MON-RR'),1,55,to_date('17-MAY-19','DD-MON-RR'),null,null);
Insert into SH2ORANGE31.LOGINCREDENTIALS (LOGIN_CREDENTIAL_ID,USER_ID,USERNAME,LOGIN_PASSWORD,VALID_TILL,STATUS,CREATED_BY,CREATED_DATE,MODIFIED_BY,MODIFIED_DATE) values (75,75,'toadem','ciforum',to_date('18-MAY-19','DD-MON-RR'),1,75,to_date('18-MAY-19','DD-MON-RR'),null,null);
Insert into SH2ORANGE31.LOGINCREDENTIALS (LOGIN_CREDENTIAL_ID,USER_ID,USERNAME,LOGIN_PASSWORD,VALID_TILL,STATUS,CREATED_BY,CREATED_DATE,MODIFIED_BY,MODIFIED_DATE) values (1,1,'siarak','siarak',to_date('24-APR-19','DD-MON-RR'),1,1,to_date('24-APR-19','DD-MON-RR'),null,null);
REM INSERTING into SH2ORANGE31.MASTERTYPES
SET DEFINE OFF;
Insert into SH2ORANGE31.MASTERTYPES (MASTER_TYPE_ID,MASTER_TYPE,STATUS,CREATED_BY,CREATED_DATE,MODIFIED_BY,MODIFIED_DATE) values (1,'Permanent',1,1,to_date('11-APR-19','DD-MON-RR'),null,null);
Insert into SH2ORANGE31.MASTERTYPES (MASTER_TYPE_ID,MASTER_TYPE,STATUS,CREATED_BY,CREATED_DATE,MODIFIED_BY,MODIFIED_DATE) values (2,'Temporary',1,1,to_date('11-APR-19','DD-MON-RR'),1,to_date('11-APR-19','DD-MON-RR'));
Insert into SH2ORANGE31.MASTERTYPES (MASTER_TYPE_ID,MASTER_TYPE,STATUS,CREATED_BY,CREATED_DATE,MODIFIED_BY,MODIFIED_DATE) values (3,'Company',1,1,to_date('24-APR-19','DD-MON-RR'),null,null);
REM INSERTING into SH2ORANGE31.POSTLINKS
SET DEFINE OFF;
REM INSERTING into SH2ORANGE31.POSTS
SET DEFINE OFF;
Insert into SH2ORANGE31.POSTS (POST_ID,POST_TYPE_ID,PARENT_POST_ID,USER_ID,TITLE,TAG_TYPE_ID,SUB_TAGS,BODY_CONTENT,CREATED_DATE,VIEW_COUNT,LAST_ACTIVITY_DATE,LAST_EDITED_DATE,LAST_EDITOR_USER_ID,LAST_EDITOR_DISPLAY_NAME,FAVORITE_COUNT,ACCEPTED_ANSWER_ID,ANSWER_COUNT,CLOSED_DATE,COMMENTCOUNT,CLOSED_BY,FILE_NAME,SUB_PARENT_POST_ID,EDIT_COUNT) values (5,1,null,11,'Difference between Math.Floor() and Math.Truncate()',153,'math,','<p>What is the difference between <a href="http://msdn.microsoft.com/en-us/library/9a6a2sxy.aspx" rel="noreferrer"><code>Math.Floor()</code></a> and <a href="http://msdn.microsoft.com/en-us/library/system.math.truncate.aspx" rel="noreferrer"><code>Math.Truncate()</code></a> in .NET?</p> ',to_date('26-APR-19','DD-MON-RR'),13,to_date('26-APR-19','DD-MON-RR'),to_date('26-APR-19','DD-MON-RR'),11,'Prasanth',53,null,3,null,null,null,null,null,null);
Insert into SH2ORANGE31.POSTS (POST_ID,POST_TYPE_ID,PARENT_POST_ID,USER_ID,TITLE,TAG_TYPE_ID,SUB_TAGS,BODY_CONTENT,CREATED_DATE,VIEW_COUNT,LAST_ACTIVITY_DATE,LAST_EDITED_DATE,LAST_EDITOR_USER_ID,LAST_EDITOR_DISPLAY_NAME,FAVORITE_COUNT,ACCEPTED_ANSWER_ID,ANSWER_COUNT,CLOSED_DATE,COMMENTCOUNT,CLOSED_BY,FILE_NAME,SUB_PARENT_POST_ID,EDIT_COUNT) values (9,3,5,13,null,153,null,'<p><code>Math.Floor</code> rounds down, <code>Math.Ceiling</code> rounds up, and <code>Math.Truncate</code> rounds towards zero. Thus, <code>Math.Truncate</code> is like <code>Math.Floor</code> for positive numbers, and like <code>Math.Ceiling</code> for negative numbers. Here''s the <a href="http://msdn.microsoft.com/en-us/library/system.math.truncate.aspx" rel="noreferrer">reference</a>.</p>  <p>For completeness, <code>Math.Round</code> rounds to the nearest integer. If the number is exactly midway between two integers, then it rounds towards the even one. <a href="http://msdn.microsoft.com/en-us/library/system.math.round.aspx" rel="noreferrer">Reference.</a></p>  <p>See also: <a href="https://stackoverflow.com/questions/14/whats-the-difference-between-math-floor-and-math-truncate-in-c/580252#580252">Pax Diablo''s answer</a>. Highly recommended!</p> ',to_date('27-APR-19','DD-MON-RR'),null,to_date('27-APR-19','DD-MON-RR'),to_date('27-APR-19','DD-MON-RR'),13,'Dipu',null,null,null,null,null,null,null,null,null);
Insert into SH2ORANGE31.POSTS (POST_ID,POST_TYPE_ID,PARENT_POST_ID,USER_ID,TITLE,TAG_TYPE_ID,SUB_TAGS,BODY_CONTENT,CREATED_DATE,VIEW_COUNT,LAST_ACTIVITY_DATE,LAST_EDITED_DATE,LAST_EDITOR_USER_ID,LAST_EDITOR_DISPLAY_NAME,FAVORITE_COUNT,ACCEPTED_ANSWER_ID,ANSWER_COUNT,CLOSED_DATE,COMMENTCOUNT,CLOSED_BY,FILE_NAME,SUB_PARENT_POST_ID,EDIT_COUNT) values (44,3,5,9,null,153,null,'<p>Some examples:</p>  <pre><code>Round(1.5) = 2 Round(2.5) = 2 Round(1.5, MidpointRounding.AwayFromZero) = 2 Round(2.5, MidpointRounding.AwayFromZero) = 3 Round(1.55, 1) = 1.6 Round(1.65, 1) = 1.6 Round(1.55, 1, MidpointRounding.AwayFromZero) = 1.6 Round(1.65, 1, MidpointRounding.AwayFromZero) = 1.7  Truncate(2.10) = 2 Truncate(2.00) = 2 Truncate(1.90) = 1 Truncate(1.80) = 1 </code></pre> ',to_date('30-APR-19','DD-MON-RR'),null,to_date('30-APR-19','DD-MON-RR'),to_date('30-APR-19','DD-MON-RR'),9,'Nijil',null,null,null,null,null,null,null,null,null);
Insert into SH2ORANGE31.POSTS (POST_ID,POST_TYPE_ID,PARENT_POST_ID,USER_ID,TITLE,TAG_TYPE_ID,SUB_TAGS,BODY_CONTENT,CREATED_DATE,VIEW_COUNT,LAST_ACTIVITY_DATE,LAST_EDITED_DATE,LAST_EDITOR_USER_ID,LAST_EDITOR_DISPLAY_NAME,FAVORITE_COUNT,ACCEPTED_ANSWER_ID,ANSWER_COUNT,CLOSED_DATE,COMMENTCOUNT,CLOSED_BY,FILE_NAME,SUB_PARENT_POST_ID,EDIT_COUNT) values (69,3,5,48,null,153,null,'<p>Follow these links for the MSDN descriptions of:</p>  <ul> <li><a href="http://msdn.microsoft.com/en-us/library/system.math.floor.aspx" rel="noreferrer"><code>Math.Floor</code></a>, which rounds down towards negative infinity.</li> <li><a href="http://msdn.microsoft.com/en-us/library/system.math.ceiling.aspx" rel="noreferrer"><code>Math.Ceiling</code></a>, which rounds up towards positive infinity.</li> <li><a href="http://msdn.microsoft.com/en-us/library/system.math.truncate.aspx" rel="noreferrer"><code>Math.Truncate</code></a>, which rounds up or down towards zero.</li> <li><a href="http://msdn.microsoft.com/en-us/library/system.math.round.aspx" rel="noreferrer"><code>Math.Round</code></a>, which rounds to the nearest integer or specified number of decimal places. You can specify the behavior if it''s exactly equidistant between two possibilities, such as rounding so that the final digit is even ("<code>Round(2.5,MidpointRounding.ToEven)</code>" becoming 2) or so that it''s further away from zero ("<code>Round(2.5,MidpointRounding.AwayFromZero)</code>" becoming 3).</li> </ul>  <p>The following diagram and table may help:</p>  <pre><code>-3        -2        -1         0         1         2         3    a      b       c    d    e   a=-2.7  b=-0.5  c=0.3  d=1.5  e=2.8   ===== Floor      -3      -1      0      1      2 Ceiling     -2       0      1      2      3 Truncate  -2       0      0      1      2 Round (ToEven)   -3       0      0      2      3 Round (AwayFromZero)     -3      -1      0      2      3 </code></pre>  <p>Note that <code>Round</code> is a lot more powerful than it seems, simply because it can round to a specific number of decimal places. All the others round to zero decimals always. For example:</p>  <pre><code>n = 3.145; a = System.Math.Round (n, 2, MidpointRounding.ToEven);        // 3.15 </code></pre>  <p>With the other functions, you have to use multiply/divide trickery to achieve the same effect:</p> </code></pre>  ',to_date('02-MAY-19','DD-MON-RR'),null,to_date('02-MAY-19','DD-MON-RR'),to_date('02-MAY-19','DD-MON-RR'),48,'Vibin',null,null,null,null,null,null,null,null,null);
Insert into SH2ORANGE31.POSTS (POST_ID,POST_TYPE_ID,PARENT_POST_ID,USER_ID,TITLE,TAG_TYPE_ID,SUB_TAGS,BODY_CONTENT,CREATED_DATE,VIEW_COUNT,LAST_ACTIVITY_DATE,LAST_EDITED_DATE,LAST_EDITOR_USER_ID,LAST_EDITOR_DISPLAY_NAME,FAVORITE_COUNT,ACCEPTED_ANSWER_ID,ANSWER_COUNT,CLOSED_DATE,COMMENTCOUNT,CLOSED_BY,FILE_NAME,SUB_PARENT_POST_ID,EDIT_COUNT) values (6,1,null,2,'Filling a DataSet or DataTable from a LINQ query result set',5,'linq,web-services,.net-3.5,','<p>How do you expose a LINQ query as an ASMX web service? Usually, from the business tier, I can return a typed <code>DataSet</code> or <code>DataTable</code> which can be serialized for transport over ASMX.</p>  <p>How can I do the same for a LINQ query? Is there a way to populate a typed <code>DataSet</code> or <code>DataTable</code> via a LINQ query?</p>  <pre><code>public static MyDataTable CallMySproc() {     string conn = "...";      MyDatabaseDataContext db = new MyDatabaseDataContext(conn);     MyDataTable dt = new MyDataTable();      // execute a sproc via LINQ     var query = from dr                 in db.MySproc().AsEnumerable                 select dr;      // copy LINQ query resultset into a DataTable -this does not work !         dt = query.CopyToDataTable();      return dt; } </code></pre>  <p>How can I get the result set of a LINQ query into a <code>DataSet</code> or <code>DataTable</code>? Alternatively, is the LINQ query serializeable so that I can expose it as an ASMX web service?</p> ',to_date('26-APR-19','DD-MON-RR'),16,to_date('26-APR-19','DD-MON-RR'),to_date('26-APR-19','DD-MON-RR'),2,'Remsheed',13,null,5,null,null,null,null,null,null);
Insert into SH2ORANGE31.POSTS (POST_ID,POST_TYPE_ID,PARENT_POST_ID,USER_ID,TITLE,TAG_TYPE_ID,SUB_TAGS,BODY_CONTENT,CREATED_DATE,VIEW_COUNT,LAST_ACTIVITY_DATE,LAST_EDITED_DATE,LAST_EDITOR_USER_ID,LAST_EDITOR_DISPLAY_NAME,FAVORITE_COUNT,ACCEPTED_ANSWER_ID,ANSWER_COUNT,CLOSED_DATE,COMMENTCOUNT,CLOSED_BY,FILE_NAME,SUB_PARENT_POST_ID,EDIT_COUNT) values (30,3,6,6,null,5,null,'<p>If you use a return type of <code>IEnumerable</code>, you can return your <strong>query</strong> variable directly.</p> ',to_date('29-APR-19','DD-MON-RR'),null,to_date('29-APR-19','DD-MON-RR'),to_date('29-APR-19','DD-MON-RR'),6,'Mojish',null,null,null,null,null,null,null,null,null);
Insert into SH2ORANGE31.POSTS (POST_ID,POST_TYPE_ID,PARENT_POST_ID,USER_ID,TITLE,TAG_TYPE_ID,SUB_TAGS,BODY_CONTENT,CREATED_DATE,VIEW_COUNT,LAST_ACTIVITY_DATE,LAST_EDITED_DATE,LAST_EDITOR_USER_ID,LAST_EDITOR_DISPLAY_NAME,FAVORITE_COUNT,ACCEPTED_ANSWER_ID,ANSWER_COUNT,CLOSED_DATE,COMMENTCOUNT,CLOSED_BY,FILE_NAME,SUB_PARENT_POST_ID,EDIT_COUNT) values (50,3,6,7,null,5,null,'<p>Create a class object and return a <code>list(T)</code> of the query.</p> ',to_date('01-MAY-19','DD-MON-RR'),null,to_date('01-MAY-19','DD-MON-RR'),to_date('01-MAY-19','DD-MON-RR'),7,'Abhilash ',null,null,null,null,null,null,null,null,null);
Insert into SH2ORANGE31.POSTS (POST_ID,POST_TYPE_ID,PARENT_POST_ID,USER_ID,TITLE,TAG_TYPE_ID,SUB_TAGS,BODY_CONTENT,CREATED_DATE,VIEW_COUNT,LAST_ACTIVITY_DATE,LAST_EDITED_DATE,LAST_EDITOR_USER_ID,LAST_EDITOR_DISPLAY_NAME,FAVORITE_COUNT,ACCEPTED_ANSWER_ID,ANSWER_COUNT,CLOSED_DATE,COMMENTCOUNT,CLOSED_BY,FILE_NAME,SUB_PARENT_POST_ID,EDIT_COUNT) values (2,1,null,8,'Convert Decimal to Double?',5,'floating-point,type-conversion,double,decimal','<p>I want to use a track-bar to change a form''s opacity.</p>  <p>This is my code:</p>  <pre><code>decimal trans = trackBar1.Value / 5000; this.Opacity = trans; </code></pre>  <p>When I build the application, it gives the following error:</p>  <blockquote>   <p>Cannot implicitly convert type <code>''decimal''</code> to <code>''double''</code>.</p> </blockquote>  <p>I tried using <code>trans</code> and <code>double</code> but then the control doesn''t work. This code worked fine in a past VB.NET project.</p> ',to_date('26-APR-19','DD-MON-RR'),43,to_date('03-MAY-19','DD-MON-RR'),to_date('03-MAY-19','DD-MON-RR'),8,'Falah',11,null,8,null,null,null,null,null,null);
Insert into SH2ORANGE31.POSTS (POST_ID,POST_TYPE_ID,PARENT_POST_ID,USER_ID,TITLE,TAG_TYPE_ID,SUB_TAGS,BODY_CONTENT,CREATED_DATE,VIEW_COUNT,LAST_ACTIVITY_DATE,LAST_EDITED_DATE,LAST_EDITOR_USER_ID,LAST_EDITOR_DISPLAY_NAME,FAVORITE_COUNT,ACCEPTED_ANSWER_ID,ANSWER_COUNT,CLOSED_DATE,COMMENTCOUNT,CLOSED_BY,FILE_NAME,SUB_PARENT_POST_ID,EDIT_COUNT) values (4,3,2,9,null,5,null,'<p>An explicit cast to double like this isn''t necessary:</p>  <pre><code>double trans = (double) trackBar1.Value / 5000.0; </code></pre>  <p>Identifying the constant as <code>5000.0</code> (or as <code>5000d</code>) is sufficient:</p>  <pre><code>double trans = trackBar1.Value / 5000.0; double trans = trackBar1.Value / 5000d; </code></pre> ',to_date('26-APR-19','DD-MON-RR'),0,to_date('26-APR-19','DD-MON-RR'),to_date('26-APR-19','DD-MON-RR'),9,'Rahul',null,null,null,null,null,null,null,null,null);
Insert into SH2ORANGE31.POSTS (POST_ID,POST_TYPE_ID,PARENT_POST_ID,USER_ID,TITLE,TAG_TYPE_ID,SUB_TAGS,BODY_CONTENT,CREATED_DATE,VIEW_COUNT,LAST_ACTIVITY_DATE,LAST_EDITED_DATE,LAST_EDITOR_USER_ID,LAST_EDITOR_DISPLAY_NAME,FAVORITE_COUNT,ACCEPTED_ANSWER_ID,ANSWER_COUNT,CLOSED_DATE,COMMENTCOUNT,CLOSED_BY,FILE_NAME,SUB_PARENT_POST_ID,EDIT_COUNT) values (26,3,2,5,null,5,null,'<p>It sounds like <code>this.Opacity</code> is a double value, and the compiler doesn''t like you trying to cram a decimal value into it.</p> ',to_date('29-APR-19','DD-MON-RR'),0,to_date('29-APR-19','DD-MON-RR'),to_date('29-APR-19','DD-MON-RR'),5,'Aadheeb',null,null,null,null,null,null,null,null,null);
Insert into SH2ORANGE31.POSTS (POST_ID,POST_TYPE_ID,PARENT_POST_ID,USER_ID,TITLE,TAG_TYPE_ID,SUB_TAGS,BODY_CONTENT,CREATED_DATE,VIEW_COUNT,LAST_ACTIVITY_DATE,LAST_EDITED_DATE,LAST_EDITOR_USER_ID,LAST_EDITOR_DISPLAY_NAME,FAVORITE_COUNT,ACCEPTED_ANSWER_ID,ANSWER_COUNT,CLOSED_DATE,COMMENTCOUNT,CLOSED_BY,FILE_NAME,SUB_PARENT_POST_ID,EDIT_COUNT) values (31,3,2,3,null,5,null,'<p>A more generic answer for the generic question "Decimal vs Double?": <strong>Decimal</strong> for monetary calculations to preserve the precision, <strong>Double</strong> for scientific calculations that do not get affected by small differences. Since Double is a type which is native to the CPU (internal representation is stored in <em>base 2</em>), calculations made with Double perform better then Decimal (which is represented in <em>base 10</em> internally).</p> ',to_date('29-APR-19','DD-MON-RR'),0,to_date('29-APR-19','DD-MON-RR'),to_date('29-APR-19','DD-MON-RR'),3,'Shanavas',null,null,null,null,null,null,null,null,null);
Insert into SH2ORANGE31.POSTS (POST_ID,POST_TYPE_ID,PARENT_POST_ID,USER_ID,TITLE,TAG_TYPE_ID,SUB_TAGS,BODY_CONTENT,CREATED_DATE,VIEW_COUNT,LAST_ACTIVITY_DATE,LAST_EDITED_DATE,LAST_EDITOR_USER_ID,LAST_EDITOR_DISPLAY_NAME,FAVORITE_COUNT,ACCEPTED_ANSWER_ID,ANSWER_COUNT,CLOSED_DATE,COMMENTCOUNT,CLOSED_BY,FILE_NAME,SUB_PARENT_POST_ID,EDIT_COUNT) values (46,3,2,44,null,5,null,'<p>In my opinion, it is desirable to be as explicit as possible. This adds clarity to the code and aids your fellow programmers who may eventually read it.</p>  <p>In addition to (or instead of) appending a <code>.0</code> to the number, you can use <code>decimal.ToDouble()</code>.  </p>  <p>Here are some examples:</p>  <pre><code>// Example 1 double transperancy = trackBar1.Value/5000; this.Opacity = decimal.ToDouble(transperancy);  // Example 2 - with inline temp this.Opacity = decimal.ToDouble(trackBar1.Value/5000); </code></pre> ',to_date('01-MAY-19','DD-MON-RR'),0,to_date('01-MAY-19','DD-MON-RR'),to_date('01-MAY-19','DD-MON-RR'),44,'Sunitha',null,null,null,null,null,null,null,null,null);
Insert into SH2ORANGE31.POSTS (POST_ID,POST_TYPE_ID,PARENT_POST_ID,USER_ID,TITLE,TAG_TYPE_ID,SUB_TAGS,BODY_CONTENT,CREATED_DATE,VIEW_COUNT,LAST_ACTIVITY_DATE,LAST_EDITED_DATE,LAST_EDITOR_USER_ID,LAST_EDITOR_DISPLAY_NAME,FAVORITE_COUNT,ACCEPTED_ANSWER_ID,ANSWER_COUNT,CLOSED_DATE,COMMENTCOUNT,CLOSED_BY,FILE_NAME,SUB_PARENT_POST_ID,EDIT_COUNT) values (51,3,2,9,null,5,null,'<p>Your code worked fine in VB.NET because it implicitly does any casts, while C# has both implicit and explicit ones.</p>  <p>In C# the conversion from decimal to double is explicit as you lose accuracy. For instance 1.1 can''t be accurately expressed as a double, but can as a decimal (see "<a href="http://bizvprog.blogspot.com/2008/05/floating-point-numbers-more-inaccurate.html" rel="noreferrer">Floating point numbers - more inaccurate than you think</a>" for the reason why).</p>  <p>In VB the conversion was added for you by the compiler:</p>  <pre><code>decimal trans = trackBar1.Value / 5000m; this.Opacity = (double) trans; </code></pre>  <p>That <code>(double)</code> has to be explicitly stated in C#, but can be <em>implied</em> by VB''s more ''forgiving'' compiler.</p> ',to_date('01-MAY-19','DD-MON-RR'),0,to_date('01-MAY-19','DD-MON-RR'),to_date('01-MAY-19','DD-MON-RR'),9,'Nijil',null,null,null,null,null,null,null,null,null);
Insert into SH2ORANGE31.POSTS (POST_ID,POST_TYPE_ID,PARENT_POST_ID,USER_ID,TITLE,TAG_TYPE_ID,SUB_TAGS,BODY_CONTENT,CREATED_DATE,VIEW_COUNT,LAST_ACTIVITY_DATE,LAST_EDITED_DATE,LAST_EDITOR_USER_ID,LAST_EDITOR_DISPLAY_NAME,FAVORITE_COUNT,ACCEPTED_ANSWER_ID,ANSWER_COUNT,CLOSED_DATE,COMMENTCOUNT,CLOSED_BY,FILE_NAME,SUB_PARENT_POST_ID,EDIT_COUNT) values (63,3,2,16,null,5,null,'<p>Why are you dividing by 5000? Just set the TrackBar''s Minimum and Maximum values between 0 and 100 and then divide the Value by 100 for the Opacity percentage. The minimum 20 example below prevents the form from becoming completely invisible:</p>  <pre><code>private void Form1_Load(object sender, System.EventArgs e) {     TrackBar1.Minimum = 20;     TrackBar1.Maximum = 100;      TrackBar1.LargeChange = 10;     TrackBar1.SmallChange = 1;     TrackBar1.TickFrequency = 5; }  private void TrackBar1_Scroll(object sender, System.EventArgs e) {     this.Opacity = TrackBar1.Value / 100; } </code></pre> ',to_date('02-MAY-19','DD-MON-RR'),0,to_date('02-MAY-19','DD-MON-RR'),to_date('02-MAY-19','DD-MON-RR'),16,'Ali',null,null,null,null,null,null,null,null,null);
Insert into SH2ORANGE31.POSTS (POST_ID,POST_TYPE_ID,PARENT_POST_ID,USER_ID,TITLE,TAG_TYPE_ID,SUB_TAGS,BODY_CONTENT,CREATED_DATE,VIEW_COUNT,LAST_ACTIVITY_DATE,LAST_EDITED_DATE,LAST_EDITOR_USER_ID,LAST_EDITOR_DISPLAY_NAME,FAVORITE_COUNT,ACCEPTED_ANSWER_ID,ANSWER_COUNT,CLOSED_DATE,COMMENTCOUNT,CLOSED_BY,FILE_NAME,SUB_PARENT_POST_ID,EDIT_COUNT) values (66,3,2,35,null,5,null,'<p>You should use <code>5000.0</code> instead of <code>5000</code>.</p> ',to_date('02-MAY-19','DD-MON-RR'),0,to_date('02-MAY-19','DD-MON-RR'),to_date('02-MAY-19','DD-MON-RR'),35,'Nivya',null,null,null,null,null,null,null,null,null);
Insert into SH2ORANGE31.POSTS (POST_ID,POST_TYPE_ID,PARENT_POST_ID,USER_ID,TITLE,TAG_TYPE_ID,SUB_TAGS,BODY_CONTENT,CREATED_DATE,VIEW_COUNT,LAST_ACTIVITY_DATE,LAST_EDITED_DATE,LAST_EDITOR_USER_ID,LAST_EDITOR_DISPLAY_NAME,FAVORITE_COUNT,ACCEPTED_ANSWER_ID,ANSWER_COUNT,CLOSED_DATE,COMMENTCOUNT,CLOSED_BY,FILE_NAME,SUB_PARENT_POST_ID,EDIT_COUNT) values (70,3,2,29,null,5,null,'<p>You have two problems.  First, <code>Opacity</code> requires a double, not a decimal value.  The compiler is telling you that while there is a conversion between decimal and double, it is an explicit conversion that you need to specify in order for it to work. The second is that <code>TrackBar.Value</code> is an integer value and dividing an int by an int results in an int no matter what type of variable you assign it to. In this case there is an implicit cast from int to decimal or double - because there is no loss of precision when you do the cast - so the compiler doesn''t complain, but the value you get is always 0, presumably, since <code>trackBar.Value</code> is always less than 5000.  The solution is to change your code to use double (the native type for Opacity) and do floating point arithmetic by explicitly making the constant a double - which will have the effect of promoting the arithmetic - or casting <code>trackBar.Value</code> to double, which will do the same thing - or both.  Oh, and you don''t need the intermediate variable unless it used elsewhere. My guess is the compiler would optimize it away, anyway.</p>  <pre><code>trackBar.Opacity = (double)trackBar.Value / 5000.0; </code></pre> ',to_date('03-MAY-19','DD-MON-RR'),0,to_date('03-MAY-19','DD-MON-RR'),to_date('03-MAY-19','DD-MON-RR'),29,'Soumya',null,null,null,null,null,null,null,null,null);
Insert into SH2ORANGE31.POSTS (POST_ID,POST_TYPE_ID,PARENT_POST_ID,USER_ID,TITLE,TAG_TYPE_ID,SUB_TAGS,BODY_CONTENT,CREATED_DATE,VIEW_COUNT,LAST_ACTIVITY_DATE,LAST_EDITED_DATE,LAST_EDITOR_USER_ID,LAST_EDITOR_DISPLAY_NAME,FAVORITE_COUNT,ACCEPTED_ANSWER_ID,ANSWER_COUNT,CLOSED_DATE,COMMENTCOUNT,CLOSED_BY,FILE_NAME,SUB_PARENT_POST_ID,EDIT_COUNT) values (3,1,null,9,'Percentage width child element in absolutely positioned parent on Internet Explorer 7',23,'css,css3,internet-explorer-7,','<p>I have an absolutely positioned <code>div</code> containing several children, one of which is a relatively positioned <code>div</code>. When I use a <strong>percentage-based width</strong> on the child <code>div</code>, it collapses to ''0'' width on <a href="http://en.wikipedia.org/wiki/Internet_Explorer_7" rel="noreferrer">Internet&nbsp;Explorer&nbsp;7</a>, but not on Firefox or Safari.</p>  <p>If I use <strong>pixel width</strong>, it works. If the parent is relatively positioned, the percentage width on the child works.</p>  <ol> <li>Is there something I''m missing here?</li> <li>Is there an easy fix for this besides the <em>pixel-based width</em> on the child?</li> <li>Is there an area of the CSS specification that covers this?</li> </ol> ',to_date('26-APR-19','DD-MON-RR'),32,to_date('03-MAY-19','DD-MON-RR'),to_date('03-MAY-19','DD-MON-RR'),9,'Nijil',10,null,5,null,null,null,null,null,null);
Insert into SH2ORANGE31.POSTS (POST_ID,POST_TYPE_ID,PARENT_POST_ID,USER_ID,TITLE,TAG_TYPE_ID,SUB_TAGS,BODY_CONTENT,CREATED_DATE,VIEW_COUNT,LAST_ACTIVITY_DATE,LAST_EDITED_DATE,LAST_EDITOR_USER_ID,LAST_EDITOR_DISPLAY_NAME,FAVORITE_COUNT,ACCEPTED_ANSWER_ID,ANSWER_COUNT,CLOSED_DATE,COMMENTCOUNT,CLOSED_BY,FILE_NAME,SUB_PARENT_POST_ID,EDIT_COUNT) values (8,2,3,24,null,23,null,'<p>The parent <code>div</code> needs to have a defined <code>width</code>, either in pixels or as a percentage. In Internet&nbsp;Explorer&nbsp;7, the parent <code>div</code> needs a defined <code>width</code> for child percentage <code>div</code>s to work correctly.</p> ',to_date('27-APR-19','DD-MON-RR'),null,to_date('27-APR-19','DD-MON-RR'),to_date('27-APR-19','DD-MON-RR'),24,'Rahul',null,null,null,null,null,null,null,null,null);
Insert into SH2ORANGE31.POSTS (POST_ID,POST_TYPE_ID,PARENT_POST_ID,USER_ID,TITLE,TAG_TYPE_ID,SUB_TAGS,BODY_CONTENT,CREATED_DATE,VIEW_COUNT,LAST_ACTIVITY_DATE,LAST_EDITED_DATE,LAST_EDITOR_USER_ID,LAST_EDITOR_DISPLAY_NAME,FAVORITE_COUNT,ACCEPTED_ANSWER_ID,ANSWER_COUNT,CLOSED_DATE,COMMENTCOUNT,CLOSED_BY,FILE_NAME,SUB_PARENT_POST_ID,EDIT_COUNT) values (43,3,3,22,null,23,null,'<p>Here is some sample code. I think this is what you are looking for. The following displays exactly the same in Firefox 3 (mac) and IE7.</p>  <p><div class="snippet" data-lang="js" data-hide="false" data-console="false" data-babel="false">  <div class="snippet-code">  <pre class="snippet-code-css lang-css prettyprint-override"><code>#absdiv {    position: absolute;     left: 100px;     top: 100px;     width: 80%;     height: 60%;     background: #999;  }    #pctchild {    width: 60%;     height: 40%;     background: #CCC;  }    #reldiv {    position: relative;    left: 20px;    top: 20px;    height: 25px;    width: 40%;    background: red;  }</code></pre>  <pre class="snippet-code-html lang-html prettyprint-override"><code>&lt;div id="absdiv"&gt;      &lt;div id="reldiv"&gt;&lt;/div&gt;      &lt;div id="pctchild"&gt;&lt;/div&gt;  &lt;/div&gt;</code></pre>  </div>  </div>  </p> ',to_date('30-APR-19','DD-MON-RR'),null,to_date('30-APR-19','DD-MON-RR'),to_date('30-APR-19','DD-MON-RR'),22,'Hari',null,null,null,null,null,null,null,null,null);
Insert into SH2ORANGE31.POSTS (POST_ID,POST_TYPE_ID,PARENT_POST_ID,USER_ID,TITLE,TAG_TYPE_ID,SUB_TAGS,BODY_CONTENT,CREATED_DATE,VIEW_COUNT,LAST_ACTIVITY_DATE,LAST_EDITED_DATE,LAST_EDITOR_USER_ID,LAST_EDITOR_DISPLAY_NAME,FAVORITE_COUNT,ACCEPTED_ANSWER_ID,ANSWER_COUNT,CLOSED_DATE,COMMENTCOUNT,CLOSED_BY,FILE_NAME,SUB_PARENT_POST_ID,EDIT_COUNT) values (59,3,3,44,null,23,null,'<p>IE prior to 8 has a temporal aspect to its box model that most notably creates a problem with percentage based widths. In your case here an absolutely positioned <code>div</code> by default has no width. Its width will be worked out based on the pixel width of its content and will be calculated after the contents are rendered. So at the point IE encounters and renders your relatively positioned <code>div</code> its parent has a width of 0 hence why it itself collapses to 0.</p>  <p>If you would like a more in depth discussion of this along with lots of working examples, have a gander <a href="http://www.positioniseverything.net/explorer/percentages.html" rel="noreferrer">here</a>.</p> ',to_date('02-MAY-19','DD-MON-RR'),null,to_date('02-MAY-19','DD-MON-RR'),to_date('02-MAY-19','DD-MON-RR'),44,'Sunitha',null,null,null,null,null,null,null,null,null);
Insert into SH2ORANGE31.POSTS (POST_ID,POST_TYPE_ID,PARENT_POST_ID,USER_ID,TITLE,TAG_TYPE_ID,SUB_TAGS,BODY_CONTENT,CREATED_DATE,VIEW_COUNT,LAST_ACTIVITY_DATE,LAST_EDITED_DATE,LAST_EDITOR_USER_ID,LAST_EDITOR_DISPLAY_NAME,FAVORITE_COUNT,ACCEPTED_ANSWER_ID,ANSWER_COUNT,CLOSED_DATE,COMMENTCOUNT,CLOSED_BY,FILE_NAME,SUB_PARENT_POST_ID,EDIT_COUNT) values (71,3,3,24,null,23,null,'<blockquote>   <p>Why doesnt the percentage width child   in absolutely positioned parent work   in IE7?</p> </blockquote>  <p>Because it''s Internet Exploder</p>  <blockquote>   <p>Is there something I''m missing here?</p> </blockquote>  <p>That is, to raise your co-worker''s / clients'' awareness that IE sucks.</p>  <blockquote>   <p>Is there an easy fix besides the pixel-based width on the child?</p> </blockquote>  <p>Use <code>em</code> units as they are more useful when creating liquid layouts as you can use them for padding and margins as well as font sizes. So your white space grows and shrinks proportionally to your text if it is resized (which is really what you need). I don''t think percentages give a finer control than ems; there''s nothing to stop you specifying in hundredths of ems (0.01 em) and the browser will interpret as it sees fit.  </p>  <blockquote>   <p>Is there an area of the CSS specification that covers this?</p> </blockquote>  <p>None, as far as I remember <code>em</code>''s and %''s were intended for font sizes alone back at CSS 1.0.</p> ',to_date('03-MAY-19','DD-MON-RR'),null,to_date('03-MAY-19','DD-MON-RR'),to_date('03-MAY-19','DD-MON-RR'),24,'Rahul',null,null,null,null,null,null,null,null,null);
Insert into SH2ORANGE31.POSTS (POST_ID,POST_TYPE_ID,PARENT_POST_ID,USER_ID,TITLE,TAG_TYPE_ID,SUB_TAGS,BODY_CONTENT,CREATED_DATE,VIEW_COUNT,LAST_ACTIVITY_DATE,LAST_EDITED_DATE,LAST_EDITOR_USER_ID,LAST_EDITOR_DISPLAY_NAME,FAVORITE_COUNT,ACCEPTED_ANSWER_ID,ANSWER_COUNT,CLOSED_DATE,COMMENTCOUNT,CLOSED_BY,FILE_NAME,SUB_PARENT_POST_ID,EDIT_COUNT) values (75,3,3,48,null,23,null,'<p>I think this has something to do with the way the <code>hasLayout</code> property is implemented in the older browser.</p>  <p>Have you tried your code in IE8 to see if works in there, too? IE8 has a Debugger (<kbd>F12</kbd>) and can also run in IE7 mode.</p> ',to_date('03-MAY-19','DD-MON-RR'),null,to_date('03-MAY-19','DD-MON-RR'),to_date('03-MAY-19','DD-MON-RR'),48,'Vibin',null,null,null,null,null,null,null,null,null);
Insert into SH2ORANGE31.POSTS (POST_ID,POST_TYPE_ID,PARENT_POST_ID,USER_ID,TITLE,TAG_TYPE_ID,SUB_TAGS,BODY_CONTENT,CREATED_DATE,VIEW_COUNT,LAST_ACTIVITY_DATE,LAST_EDITED_DATE,LAST_EDITOR_USER_ID,LAST_EDITOR_DISPLAY_NAME,FAVORITE_COUNT,ACCEPTED_ANSWER_ID,ANSWER_COUNT,CLOSED_DATE,COMMENTCOUNT,CLOSED_BY,FILE_NAME,SUB_PARENT_POST_ID,EDIT_COUNT) values (11,1,null,33,'Reliable timer in a console application',5,'.net,vb.net,timer,','<p>I am aware that in <a href="http://en.wikipedia.org/wiki/.NET_Framework" rel="noreferrer">.NET</a> there are three timer types (see <em><a href="http://msdn.microsoft.com/en-us/magazine/cc164015.aspx" rel="noreferrer">Comparing the Timer Classes in the .NET Framework Class Library</a></em>). I have chosen a threaded timer as the other types can drift if the main thread is busy, and I need this to be reliable.</p>  <p>The way this timer works in the control of the timer is put on another thread so it can always tick along with the work begin completed on the parent thread when it is not busy.</p>  <p>The issue with this timer in a console application is that while the timer is ticking along on another thread the main thread is not doing anything so the application closes.</p>  <p>I tried adding a <code>while true</code> loop, but then the main thread is too busy when the timer does go off.</p> ',to_date('27-APR-19','DD-MON-RR'),12,to_date('27-APR-19','DD-MON-RR'),to_date('27-APR-19','DD-MON-RR'),33,'Hashim',2,null,2,null,null,null,null,null,null);
Insert into SH2ORANGE31.POSTS (POST_ID,POST_TYPE_ID,PARENT_POST_ID,USER_ID,TITLE,TAG_TYPE_ID,SUB_TAGS,BODY_CONTENT,CREATED_DATE,VIEW_COUNT,LAST_ACTIVITY_DATE,LAST_EDITED_DATE,LAST_EDITOR_USER_ID,LAST_EDITOR_DISPLAY_NAME,FAVORITE_COUNT,ACCEPTED_ANSWER_ID,ANSWER_COUNT,CLOSED_DATE,COMMENTCOUNT,CLOSED_BY,FILE_NAME,SUB_PARENT_POST_ID,EDIT_COUNT) values (13,3,11,35,null,5,null,'<p>Consider using a <a href="http://msdn.microsoft.com/en-us/library/system.threading.manualresetevent.aspx" rel="noreferrer" title="MSDN Reference">ManualResetEvent</a> to block the main thread at the end of its processing, and call <code>Reset()</code> on it once the timer''s processing has finished.  If this is something that needs to run constantly, consider moving this into a service process instead of a console app.</p> ',to_date('27-APR-19','DD-MON-RR'),null,to_date('27-APR-19','DD-MON-RR'),to_date('27-APR-19','DD-MON-RR'),35,'Nivya',null,null,null,null,null,null,null,null,null);
Insert into SH2ORANGE31.POSTS (POST_ID,POST_TYPE_ID,PARENT_POST_ID,USER_ID,TITLE,TAG_TYPE_ID,SUB_TAGS,BODY_CONTENT,CREATED_DATE,VIEW_COUNT,LAST_ACTIVITY_DATE,LAST_EDITED_DATE,LAST_EDITOR_USER_ID,LAST_EDITOR_DISPLAY_NAME,FAVORITE_COUNT,ACCEPTED_ANSWER_ID,ANSWER_COUNT,CLOSED_DATE,COMMENTCOUNT,CLOSED_BY,FILE_NAME,SUB_PARENT_POST_ID,EDIT_COUNT) values (14,3,11,39,null,5,null,'<p>You can use something like <code>Console.ReadLine()</code> to block the main thread, so other background threads (like timer threads) will still work. You may also use an <a href="http://msdn.microsoft.com/en-us/library/system.threading.autoresetevent.aspx" rel="noreferrer">AutoResetEvent</a> to block the execution, then (when you need to) you can call Set() method on that AutoResetEvent object to release the main thread. Also ensure that your reference to Timer object doesn''t go out of scope and garbage collected.</p> ',to_date('27-APR-19','DD-MON-RR'),null,to_date('27-APR-19','DD-MON-RR'),to_date('27-APR-19','DD-MON-RR'),39,'Jithesh',null,null,null,null,null,null,null,null,null);
Insert into SH2ORANGE31.POSTS (POST_ID,POST_TYPE_ID,PARENT_POST_ID,USER_ID,TITLE,TAG_TYPE_ID,SUB_TAGS,BODY_CONTENT,CREATED_DATE,VIEW_COUNT,LAST_ACTIVITY_DATE,LAST_EDITED_DATE,LAST_EDITOR_USER_ID,LAST_EDITOR_DISPLAY_NAME,FAVORITE_COUNT,ACCEPTED_ANSWER_ID,ANSWER_COUNT,CLOSED_DATE,COMMENTCOUNT,CLOSED_BY,FILE_NAME,SUB_PARENT_POST_ID,EDIT_COUNT) values (12,1,null,37,'Best way to allow plugins for a PHP application',6,'plugins,architecture,hook,','<p>I am starting a new web application in PHP and this time around I want to create something that people can extend by using a plugin interface. </p>  <p>How does one go about writing ''hooks'' into their code so that plugins can attach to specific events?</p> ',to_date('27-APR-19','DD-MON-RR'),6,to_date('27-APR-19','DD-MON-RR'),to_date('27-APR-19','DD-MON-RR'),37,'Neeraj',18,null,7,null,null,null,null,null,null);
Insert into SH2ORANGE31.POSTS (POST_ID,POST_TYPE_ID,PARENT_POST_ID,USER_ID,TITLE,TAG_TYPE_ID,SUB_TAGS,BODY_CONTENT,CREATED_DATE,VIEW_COUNT,LAST_ACTIVITY_DATE,LAST_EDITED_DATE,LAST_EDITOR_USER_ID,LAST_EDITOR_DISPLAY_NAME,FAVORITE_COUNT,ACCEPTED_ANSWER_ID,ANSWER_COUNT,CLOSED_DATE,COMMENTCOUNT,CLOSED_BY,FILE_NAME,SUB_PARENT_POST_ID,EDIT_COUNT) values (24,3,12,5,null,6,null,'<p>I believe the easiest way would be to follow Jeff''s own advice and have a look around existing code. Try looking at Wordpress, Drupal, Joomla and other well known PHP-based CMS''s to see how their API hooks look and feel. This way you can even get ideas you may have not thought of previously to make things a little more rubust.</p>  <p>A more direct answer would be to write general files that they would "include_once" into their file that would provide the usability they would need. This would be broken up into categories and NOT provided in one MASSIVE "hooks.php" file. Be careful though, because what ends up happening is that files that they include end up having more and more dependencies and functionality improves. Try to keep API dependencies low. I.E fewer files for them to include.</p> ',to_date('28-APR-19','DD-MON-RR'),null,to_date('28-APR-19','DD-MON-RR'),to_date('28-APR-19','DD-MON-RR'),5,'Aadheeb',null,null,null,null,null,null,null,null,null);
Insert into SH2ORANGE31.POSTS (POST_ID,POST_TYPE_ID,PARENT_POST_ID,USER_ID,TITLE,TAG_TYPE_ID,SUB_TAGS,BODY_CONTENT,CREATED_DATE,VIEW_COUNT,LAST_ACTIVITY_DATE,LAST_EDITED_DATE,LAST_EDITOR_USER_ID,LAST_EDITOR_DISPLAY_NAME,FAVORITE_COUNT,ACCEPTED_ANSWER_ID,ANSWER_COUNT,CLOSED_DATE,COMMENTCOUNT,CLOSED_BY,FILE_NAME,SUB_PARENT_POST_ID,EDIT_COUNT) values (37,3,12,14,null,6,null,'<p>The <em>hook</em> and <em>listener</em> method is the most commonly used, but there are other things you can do.  Depending on the size of your app, and who your going to allow see the code (is this going to be a FOSS script, or something in house) will influence greatly how you want to allow plugins.</p>  <p>kdeloach has a nice example, but his implementation and hook function is a little unsafe.  I would ask for you to give more information of the nature of php app your writing, And how you see plugins fitting in.  </p>  <p>+1 to kdeloach from me.</p> ',to_date('30-APR-19','DD-MON-RR'),null,to_date('30-APR-19','DD-MON-RR'),to_date('30-APR-19','DD-MON-RR'),14,'Smitha',null,null,null,null,null,null,null,null,null);
Insert into SH2ORANGE31.POSTS (POST_ID,POST_TYPE_ID,PARENT_POST_ID,USER_ID,TITLE,TAG_TYPE_ID,SUB_TAGS,BODY_CONTENT,CREATED_DATE,VIEW_COUNT,LAST_ACTIVITY_DATE,LAST_EDITED_DATE,LAST_EDITOR_USER_ID,LAST_EDITOR_DISPLAY_NAME,FAVORITE_COUNT,ACCEPTED_ANSWER_ID,ANSWER_COUNT,CLOSED_DATE,COMMENTCOUNT,CLOSED_BY,FILE_NAME,SUB_PARENT_POST_ID,EDIT_COUNT) values (18,1,null,19,'Microsoft Office 2007 file type, Mime types and identifying characters',10,'office-2007','<p>Where can I find a list of all of the MIME types and the identifying characters for Microsoft Office 2007 files?</p>  <p>I have an upload form that is restricting uploads based on the extensions and identifying characters, but I cannot seem to find the Office 2007 MIME types.</p>  <p>Can anyone help?</p> ',to_date('27-APR-19','DD-MON-RR'),18,to_date('27-APR-19','DD-MON-RR'),to_date('27-APR-19','DD-MON-RR'),19,'Gogul',2,null,1,null,null,null,null,null,null);
Insert into SH2ORANGE31.POSTS (POST_ID,POST_TYPE_ID,PARENT_POST_ID,USER_ID,TITLE,TAG_TYPE_ID,SUB_TAGS,BODY_CONTENT,CREATED_DATE,VIEW_COUNT,LAST_ACTIVITY_DATE,LAST_EDITED_DATE,LAST_EDITOR_USER_ID,LAST_EDITOR_DISPLAY_NAME,FAVORITE_COUNT,ACCEPTED_ANSWER_ID,ANSWER_COUNT,CLOSED_DATE,COMMENTCOUNT,CLOSED_BY,FILE_NAME,SUB_PARENT_POST_ID,EDIT_COUNT) values (20,3,18,35,null,10,null,'<p><a href="http://www.bram.us/2007/05/25/office-2007-mime-types-for-iis/" rel="noreferrer">Office 2007 MIME Types for IIS</a></p>  <ul> <li><code>.docm</code>, application/vnd.ms-word.document.macroEnabled.12</li> <li><code>.docx</code>, application/vnd.openxmlformats-officedocument.wordprocessingml.document</li> <li><code>.dotm</code>, application/vnd.ms-word.template.macroEnabled.12</li> <li><code>.dotx</code>, application/vnd.openxmlformats-officedocument.wordprocessingml.template</li> <li><code>.potm</code>, application/vnd.ms-powerpoint.template.macroEnabled.12</li> <li><code>.potx</code>, application/vnd.openxmlformats-officedocument.presentationml.template</li> <li><code>.ppam</code>, application/vnd.ms-powerpoint.addin.macroEnabled.12</li> <li><code>.ppsm</code>, application/vnd.ms-powerpoint.slideshow.macroEnabled.12</li> <li><code>.ppsx</code>, application/vnd.openxmlformats-officedocument.presentationml.slideshow</li> <li><code>.pptm</code>, application/vnd.ms-powerpoint.presentation.macroEnabled.12</li> <li><code>.pptx</code>, application/vnd.openxmlformats-officedocument.presentationml.presentation</li> <li><code>.xlam</code>, application/vnd.ms-excel.addin.macroEnabled.12</li> <li><code>.xlsb</code>, application/vnd.ms-excel.sheet.binary.macroEnabled.12</li> <li><code>.xlsm</code>, application/vnd.ms-excel.sheet.macroEnabled.12</li> <li><code>.xlsx</code>, application/vnd.openxmlformats-officedocument.spreadsheetml.sheet</li> <li><code>.xltm</code>, application/vnd.ms-excel.template.macroEnabled.12</li> <li><code>.xltx</code>, application/vnd.openxmlformats-officedocument.spreadsheetml.template</li> </ul> ',to_date('28-APR-19','DD-MON-RR'),null,to_date('28-APR-19','DD-MON-RR'),to_date('28-APR-19','DD-MON-RR'),35,'Nivya',null,null,null,null,null,null,null,null,null);
Insert into SH2ORANGE31.POSTS (POST_ID,POST_TYPE_ID,PARENT_POST_ID,USER_ID,TITLE,TAG_TYPE_ID,SUB_TAGS,BODY_CONTENT,CREATED_DATE,VIEW_COUNT,LAST_ACTIVITY_DATE,LAST_EDITED_DATE,LAST_EDITOR_USER_ID,LAST_EDITOR_DISPLAY_NAME,FAVORITE_COUNT,ACCEPTED_ANSWER_ID,ANSWER_COUNT,CLOSED_DATE,COMMENTCOUNT,CLOSED_BY,FILE_NAME,SUB_PARENT_POST_ID,EDIT_COUNT) values (21,1,null,17,'Paging a collection with LINQ',5,'linq,.net-3.5','<p>How do you page through a collection in LINQ given that you have a <code>startIndex</code> and a <code>count</code>?</p> ',to_date('28-APR-19','DD-MON-RR'),16,to_date('28-APR-19','DD-MON-RR'),to_date('28-APR-19','DD-MON-RR'),17,'Soummya',5,null,2,null,null,null,null,null,null);
Insert into SH2ORANGE31.POSTS (POST_ID,POST_TYPE_ID,PARENT_POST_ID,USER_ID,TITLE,TAG_TYPE_ID,SUB_TAGS,BODY_CONTENT,CREATED_DATE,VIEW_COUNT,LAST_ACTIVITY_DATE,LAST_EDITED_DATE,LAST_EDITOR_USER_ID,LAST_EDITOR_DISPLAY_NAME,FAVORITE_COUNT,ACCEPTED_ANSWER_ID,ANSWER_COUNT,CLOSED_DATE,COMMENTCOUNT,CLOSED_BY,FILE_NAME,SUB_PARENT_POST_ID,EDIT_COUNT) values (22,3,21,17,null,5,null,'<p>It is very simple with the <code>Skip</code> and <code>Take</code> extension methods.</p>  <pre><code>var query = from i in ideas             select i;  var paggedCollection = query.Skip(startIndex).Take(count); </code></pre> ',to_date('28-APR-19','DD-MON-RR'),null,to_date('28-APR-19','DD-MON-RR'),to_date('28-APR-19','DD-MON-RR'),17,'Soummya',null,null,null,null,null,null,null,null,null);
Insert into SH2ORANGE31.POSTS (POST_ID,POST_TYPE_ID,PARENT_POST_ID,USER_ID,TITLE,TAG_TYPE_ID,SUB_TAGS,BODY_CONTENT,CREATED_DATE,VIEW_COUNT,LAST_ACTIVITY_DATE,LAST_EDITED_DATE,LAST_EDITOR_USER_ID,LAST_EDITOR_DISPLAY_NAME,FAVORITE_COUNT,ACCEPTED_ANSWER_ID,ANSWER_COUNT,CLOSED_DATE,COMMENTCOUNT,CLOSED_BY,FILE_NAME,SUB_PARENT_POST_ID,EDIT_COUNT) values (49,3,21,35,null,5,null,'<p>A few months back I wrote a blog post about  Fluent Interfaces and LINQ which used an Extension Method on <code>IQueryable&lt;T&gt;</code> and another class to provide the following natural way of paginating a LINQ collection.</p>  <pre><code>var query = from i in ideas             select i; var pagedCollection = query.InPagesOf(10); var pageOfIdeas = pagedCollection.Page(2); </code></pre>  <p>You can get the code from the MSDN Code Gallery Page: <a href="http://code.msdn.microsoft.com/productschallenge" rel="noreferrer">Pipelines, Filters, Fluent API and LINQ to SQL</a>.</p> ',to_date('01-MAY-19','DD-MON-RR'),null,to_date('01-MAY-19','DD-MON-RR'),to_date('01-MAY-19','DD-MON-RR'),35,'Nivya',null,null,null,null,null,null,null,null,null);
Insert into SH2ORANGE31.POSTS (POST_ID,POST_TYPE_ID,PARENT_POST_ID,USER_ID,TITLE,TAG_TYPE_ID,SUB_TAGS,BODY_CONTENT,CREATED_DATE,VIEW_COUNT,LAST_ACTIVITY_DATE,LAST_EDITED_DATE,LAST_EDITOR_USER_ID,LAST_EDITOR_DISPLAY_NAME,FAVORITE_COUNT,ACCEPTED_ANSWER_ID,ANSWER_COUNT,CLOSED_DATE,COMMENTCOUNT,CLOSED_BY,FILE_NAME,SUB_PARENT_POST_ID,EDIT_COUNT) values (23,1,null,25,'How do I add existing comments to RDoc in Ruby?',162,'rdoc','<p>I want to format my existing comments as ''RDoc comments'' so they can be viewed using <code>ri</code>.</p>  <p>What are some recommended resources for starting out using RDoc?</p> ',to_date('28-APR-19','DD-MON-RR'),117,to_date('28-APR-19','DD-MON-RR'),to_date('28-APR-19','DD-MON-RR'),25,'Mubarak',1,null,2,null,null,null,null,null,null);
Insert into SH2ORANGE31.POSTS (POST_ID,POST_TYPE_ID,PARENT_POST_ID,USER_ID,TITLE,TAG_TYPE_ID,SUB_TAGS,BODY_CONTENT,CREATED_DATE,VIEW_COUNT,LAST_ACTIVITY_DATE,LAST_EDITED_DATE,LAST_EDITOR_USER_ID,LAST_EDITOR_DISPLAY_NAME,FAVORITE_COUNT,ACCEPTED_ANSWER_ID,ANSWER_COUNT,CLOSED_DATE,COMMENTCOUNT,CLOSED_BY,FILE_NAME,SUB_PARENT_POST_ID,EDIT_COUNT) values (40,3,23,35,null,162,null,'<p>RDoc uses SimpleMarkup so it''s fairly simple to create lists, etc. using *, - or a number. It also treats lines that are indented at the same column number as part of the same paragraph until there is an empty line which signifies a new paragraph. Do you have a few examples of comments you want RDoc''ed so we could show you how to do them and then you could extrapolate that for the rest of your comments?</p> ',to_date('30-APR-19','DD-MON-RR'),null,to_date('30-APR-19','DD-MON-RR'),to_date('30-APR-19','DD-MON-RR'),35,'Nivya',null,null,null,null,null,null,null,null,null);
Insert into SH2ORANGE31.POSTS (POST_ID,POST_TYPE_ID,PARENT_POST_ID,USER_ID,TITLE,TAG_TYPE_ID,SUB_TAGS,BODY_CONTENT,CREATED_DATE,VIEW_COUNT,LAST_ACTIVITY_DATE,LAST_EDITED_DATE,LAST_EDITOR_USER_ID,LAST_EDITOR_DISPLAY_NAME,FAVORITE_COUNT,ACCEPTED_ANSWER_ID,ANSWER_COUNT,CLOSED_DATE,COMMENTCOUNT,CLOSED_BY,FILE_NAME,SUB_PARENT_POST_ID,EDIT_COUNT) values (55,3,23,11,null,162,null,'<p>A few things that have bitten me:</p>  <ul> <li><code>:main:</code> -- RDoc uses only the last one evaluated; best to make sure there''s only one in your project and you don''t also use the <code>--main</code> command-line argument.</li> <li>same as previous, but for <code>:title:</code></li> <li><code>:section:</code> doesn''t work very well</li> </ul> ',to_date('01-MAY-19','DD-MON-RR'),null,to_date('01-MAY-19','DD-MON-RR'),to_date('01-MAY-19','DD-MON-RR'),11,'Prasanth',null,null,null,null,null,null,null,null,null);
Insert into SH2ORANGE31.POSTS (POST_ID,POST_TYPE_ID,PARENT_POST_ID,USER_ID,TITLE,TAG_TYPE_ID,SUB_TAGS,BODY_CONTENT,CREATED_DATE,VIEW_COUNT,LAST_ACTIVITY_DATE,LAST_EDITED_DATE,LAST_EDITOR_USER_ID,LAST_EDITOR_DISPLAY_NAME,FAVORITE_COUNT,ACCEPTED_ANSWER_ID,ANSWER_COUNT,CLOSED_DATE,COMMENTCOUNT,CLOSED_BY,FILE_NAME,SUB_PARENT_POST_ID,EDIT_COUNT) values (27,1,null,12,'Getting Subclipse in Aptana to work with the newest release of Subversion',95,'svn,aptana,subclipse','<p>The version of <strong>Subclipse (1.2.4)</strong> currently available through Aptana''s automatic <em>Plugins Manager</em> does not work with the newest version of Subversion.</p>  <p>I see on the Subclipse website however that they have 1.4.2 out for Eclipse. So I added a <a href="http://subclipse.tigris.org/update_1.4.x" rel="noreferrer">new remote update site</a> to my Update manager. When I tried to install it, it told me I needed <strong>Mylyn 3.0.0</strong>. So after much searching I found Mylyn 3.0.0 and added <a href="http://download.eclipse.org/tools/mylyn/update/e3.3" rel="noreferrer">another new remote update site</a> to my update manager. Then when I tried to install that, it told me I needed <strong>org.eclipse.ui 3.3.0</strong> or equivalent.</p>  <p>Looking at the configuration details for Aptana, it looks like it is built against eclipse 3.2.2.</p>  <p>Does anyone know if there is a way to upgrade the version of Eclipse Aptana that is built against to 3.3.0? Or if there is some other way to get Subclipse to work with the very newest version of Subversion?</p>  <p>I know this isn''t necessarily a "programming" question, but I hope it''s ok since it''s highly relevant to the programming experience.</p> ',to_date('29-APR-19','DD-MON-RR'),77,to_date('29-APR-19','DD-MON-RR'),to_date('29-APR-19','DD-MON-RR'),12,'Jeffy',4,null,4,null,null,null,null,null,null);
Insert into SH2ORANGE31.POSTS (POST_ID,POST_TYPE_ID,PARENT_POST_ID,USER_ID,TITLE,TAG_TYPE_ID,SUB_TAGS,BODY_CONTENT,CREATED_DATE,VIEW_COUNT,LAST_ACTIVITY_DATE,LAST_EDITED_DATE,LAST_EDITOR_USER_ID,LAST_EDITOR_DISPLAY_NAME,FAVORITE_COUNT,ACCEPTED_ANSWER_ID,ANSWER_COUNT,CLOSED_DATE,COMMENTCOUNT,CLOSED_BY,FILE_NAME,SUB_PARENT_POST_ID,EDIT_COUNT) values (32,3,27,41,null,95,null,'<p>I''ve had problems with JavaHL in Eclipse Ganymede, when it worked fine in Eclipse Europa.  I''m not sure how Aptana is different, but try either upgrading JavaHL or switching to the pure-java SVNKit implementation within the Subclipse config.</p> ',to_date('29-APR-19','DD-MON-RR'),null,to_date('29-APR-19','DD-MON-RR'),to_date('29-APR-19','DD-MON-RR'),41,'Jins',null,null,null,null,null,null,null,null,null);
Insert into SH2ORANGE31.POSTS (POST_ID,POST_TYPE_ID,PARENT_POST_ID,USER_ID,TITLE,TAG_TYPE_ID,SUB_TAGS,BODY_CONTENT,CREATED_DATE,VIEW_COUNT,LAST_ACTIVITY_DATE,LAST_EDITED_DATE,LAST_EDITOR_USER_ID,LAST_EDITOR_DISPLAY_NAME,FAVORITE_COUNT,ACCEPTED_ANSWER_ID,ANSWER_COUNT,CLOSED_DATE,COMMENTCOUNT,CLOSED_BY,FILE_NAME,SUB_PARENT_POST_ID,EDIT_COUNT) values (56,3,27,30,null,95,null,'<p>I used the update url and I installed the JavaHL adapter, the Subclipse project itself <b>and</b> the SVNKit adapter BETA.</p>  <p>After this it worked fine for me, this is for linux platform hope it works for you.</p> ',to_date('01-MAY-19','DD-MON-RR'),null,to_date('01-MAY-19','DD-MON-RR'),to_date('01-MAY-19','DD-MON-RR'),30,'Suneesh ',null,null,null,null,null,null,null,null,null);
Insert into SH2ORANGE31.POSTS (POST_ID,POST_TYPE_ID,PARENT_POST_ID,USER_ID,TITLE,TAG_TYPE_ID,SUB_TAGS,BODY_CONTENT,CREATED_DATE,VIEW_COUNT,LAST_ACTIVITY_DATE,LAST_EDITED_DATE,LAST_EDITOR_USER_ID,LAST_EDITOR_DISPLAY_NAME,FAVORITE_COUNT,ACCEPTED_ANSWER_ID,ANSWER_COUNT,CLOSED_DATE,COMMENTCOUNT,CLOSED_BY,FILE_NAME,SUB_PARENT_POST_ID,EDIT_COUNT) values (61,3,12,16,null,6,null,'<p>There''s a neat project called <a href="http://developer.yahoo.net/blog/archives/2007/10/r3_and_stickleb.html" rel="noreferrer">Stickleback</a> by Matt Zandstra at Yahoo that handles much of the work for handling plugins in PHP.</p>  <p>It enforces the interface of a plugin class, supports a command line interface and isn''t too hard to get up and running - especially if you read the cover story about it in the <a href="http://www.phparch.com" rel="noreferrer">PHP architect magazine</a>.</p> ',to_date('02-MAY-19','DD-MON-RR'),null,to_date('02-MAY-19','DD-MON-RR'),to_date('02-MAY-19','DD-MON-RR'),16,'Ali',null,null,null,null,null,null,null,null,null);
Insert into SH2ORANGE31.POSTS (POST_ID,POST_TYPE_ID,PARENT_POST_ID,USER_ID,TITLE,TAG_TYPE_ID,SUB_TAGS,BODY_CONTENT,CREATED_DATE,VIEW_COUNT,LAST_ACTIVITY_DATE,LAST_EDITED_DATE,LAST_EDITOR_USER_ID,LAST_EDITOR_DISPLAY_NAME,FAVORITE_COUNT,ACCEPTED_ANSWER_ID,ANSWER_COUNT,CLOSED_DATE,COMMENTCOUNT,CLOSED_BY,FILE_NAME,SUB_PARENT_POST_ID,EDIT_COUNT) values (62,3,12,17,null,6,null,'<p>Good advice is to look how other projects have done it. Many call for having plugins installed and their "name" registered for services (like wordpress does) so you have "points" in your code where you call a function that identifies registered listeners and executes them. A standard OO design patter is the <a href="http://www.phppatterns.com/docs/design/observer_pattern" rel="noreferrer">Observer Pattern</a>, which would be a good option to implement in a truly object oriented PHP system.</p>  <p>The <a href="http://framework.zend.com" rel="noreferrer">Zend Framework</a> makes use of many hooking methods, and is very nicely architected. That would be a good system to look at.</p> ',to_date('02-MAY-19','DD-MON-RR'),null,to_date('02-MAY-19','DD-MON-RR'),to_date('02-MAY-19','DD-MON-RR'),17,'Soummya',null,null,null,null,null,null,null,null,null);
Insert into SH2ORANGE31.POSTS (POST_ID,POST_TYPE_ID,PARENT_POST_ID,USER_ID,TITLE,TAG_TYPE_ID,SUB_TAGS,BODY_CONTENT,CREATED_DATE,VIEW_COUNT,LAST_ACTIVITY_DATE,LAST_EDITED_DATE,LAST_EDITOR_USER_ID,LAST_EDITOR_DISPLAY_NAME,FAVORITE_COUNT,ACCEPTED_ANSWER_ID,ANSWER_COUNT,CLOSED_DATE,COMMENTCOUNT,CLOSED_BY,FILE_NAME,SUB_PARENT_POST_ID,EDIT_COUNT) values (25,3,12,40,null,6,null,'<p>You could use an Observer pattern.  A simple functional way to accomplish this:</p>  <pre><code>null;?php   $listeners = array();  function hook() {     global $listeners;      $num_args = func_num_args();     $args = func_get_args();      if($num_args null; 2)         trigger_error("Insufficient arguments", E_USER_ERROR);         $hook_name = array_shift($args);      if(!isset($listeners[$hook_name]))         return;     foreach($listeners[$hook_name] as $func) {         $args = $func($args);      }     return $args; }  function add_listener($hook, $function_name) {     global $listeners;     $listeners[$hook][] = $function_name; }  /// add_listener(''a_b'', ''my_plugin_func1''); add_listener(''str'', ''my_plugin_func2'');  function my_plugin_func1($args) {     return array(4, 5); }  function my_plugin_func2($args) {     return str_replace(''sample'', ''CRAZY'', $args[0]); }  ///  $a = 1; $b = 2;  list($a, $b) = hook(''a_b'', $a, $b);  $str  = "This is my sample application\n"; $str .= "$a + $b = ".($a+$b)."\n"; $str .= "$a * $b = ".($a*$b)."\n";  $str = hook(''str'', $str); echo $str; ?null; </code></pre>  <p><strong>Output:</strong></p>  <pre><code>This is my CRAZY application 4 + 5 = 9 4 * 5 = 20 </code></pre>  <p><strong>Notes:</strong></p>  <p>For this example source code, you must declare all your plugins before the actual source code that you want to be extendable.  I''ve included an example of how to handle single or multiple values being passed to the plugin.  The hardest part of this is writing the actual documentation which lists what arguments get passed to each hook.</p>  <p>This is just one method of accomplishing a plugin system in PHP.  There are better alternatives, I suggest you check out the WordPress Documentation for more information.</p>   <p></p> ',to_date('28-APR-19','DD-MON-RR'),null,to_date('28-APR-19','DD-MON-RR'),to_date('28-APR-19','DD-MON-RR'),40,'Joe ',null,null,null,null,null,null,null,null,null);
Insert into SH2ORANGE31.POSTS (POST_ID,POST_TYPE_ID,PARENT_POST_ID,USER_ID,TITLE,TAG_TYPE_ID,SUB_TAGS,BODY_CONTENT,CREATED_DATE,VIEW_COUNT,LAST_ACTIVITY_DATE,LAST_EDITED_DATE,LAST_EDITOR_USER_ID,LAST_EDITOR_DISPLAY_NAME,FAVORITE_COUNT,ACCEPTED_ANSWER_ID,ANSWER_COUNT,CLOSED_DATE,COMMENTCOUNT,CLOSED_BY,FILE_NAME,SUB_PARENT_POST_ID,EDIT_COUNT) values (17,1,null,45,'How do I get a distinct, ordered list of names from a DataTable using LINQ?',5,'linq,.net-3.5,','<p>I have a <code>DataTable</code> with a <code>Name</code> column. I want to generate a collection of the unique names ordered alphabetically. The following query ignores the <em>order by</em> clause.</p>  <pre><code>var names =     (from DataRow dr in dataTable.Rows     orderby (string)dr["Name"]     select (string)dr["Name"]).Distinct(); </code></pre>  <p>Why does the <code>orderby</code> not get enforced?</p> ',to_date('27-APR-19','DD-MON-RR'),23,to_date('27-APR-19','DD-MON-RR'),to_date('27-APR-19','DD-MON-RR'),45,'Syam',3,null,4,null,null,null,null,null,null);
Insert into SH2ORANGE31.POSTS (POST_ID,POST_TYPE_ID,PARENT_POST_ID,USER_ID,TITLE,TAG_TYPE_ID,SUB_TAGS,BODY_CONTENT,CREATED_DATE,VIEW_COUNT,LAST_ACTIVITY_DATE,LAST_EDITED_DATE,LAST_EDITOR_USER_ID,LAST_EDITOR_DISPLAY_NAME,FAVORITE_COUNT,ACCEPTED_ANSWER_ID,ANSWER_COUNT,CLOSED_DATE,COMMENTCOUNT,CLOSED_BY,FILE_NAME,SUB_PARENT_POST_ID,EDIT_COUNT) values (72,3,12,10,null,6,null,'<p>So let''''s say you don''''t want the Observer pattern because it requires that you change your class methods to handle the task of listening, and want something generic. And let''''s say you don''''t want to use <code>extends</code> inheritance because you may already be inheriting in your class from some other class. Wouldn''''t it be great to have a generic way to make <em>any class pluggable without much effort</em>? Here''''s how:</p>  <pre><code>&lt;?php  // PART 1 //  class Plugin {      private $_RefObject;     private $_Class = '''''''';      public function __construct(&amp;$RefObject) {         $this-&gt;_Class = get_class(&amp;$RefObject);         $this-&gt;_RefObject = $RefObject;     }      public function __set($sProperty,$mixed) {         $sPlugin = $this-&gt;_Class . ''''_'''' . $sProperty . ''''_setEvent'''';         if (is_callable($sPlugin)) {             $mixed = call_user_func_array($sPlugin, $mixed);         }            $this-&gt;_RefObject-&gt;$sProperty = $mixed;     }      public function __get($sProperty) {         $asItems = (array) $this-&gt;_RefObject;         $mixed = $asItems[$sProperty];         $sPlugin = $this-&gt;_Class . ''''_'''' . $sProperty . ''''_getEvent'''';         if (is_callable($sPlugin)) {             $mixed = call_user_func_array($sPlugin, $mixed);         }            return $mixed;     }      public function __call($sMethod,$mixed) {         $sPlugin = $this-&gt;_Class . ''''_'''' .  $sMethod . ''''_beforeEvent'''';         if (is_callable($sPlugin)) {             $mixed = call_user_func_array($sPlugin, $mixed);         }         if ($mixed != ''''BLOCK_EVENT'''') {             call_user_func_array(array(&amp;$this-&gt;_RefObject, $sMethod), $mixed);             $sPlugin = $this-&gt;_Class . ''''_'''' . $sMethod . ''''_afterEvent'''';             if (is_callable($sPlugin)) {call_user_func_array($sPlugin, $mixed);}}}  } //end  Plugin  class Pluggable extends Plugin { } //end Pluggable   </p> ',to_date('03-MAY-19','DD-MON-RR'),null,to_date('03-MAY-19','DD-MON-RR'),to_date('03-MAY-19','DD-MON-RR'),10,'Falah',null,null,null,null,null,null,null,null,null);
Insert into SH2ORANGE31.POSTS (POST_ID,POST_TYPE_ID,PARENT_POST_ID,USER_ID,TITLE,TAG_TYPE_ID,SUB_TAGS,BODY_CONTENT,CREATED_DATE,VIEW_COUNT,LAST_ACTIVITY_DATE,LAST_EDITED_DATE,LAST_EDITOR_USER_ID,LAST_EDITOR_DISPLAY_NAME,FAVORITE_COUNT,ACCEPTED_ANSWER_ID,ANSWER_COUNT,CLOSED_DATE,COMMENTCOUNT,CLOSED_BY,FILE_NAME,SUB_PARENT_POST_ID,EDIT_COUNT) values (19,3,17,45,null,5,null,'<p><strong>The problem is that the Distinct  operator does not grant that it will  maintain the original order of  values.</strong></p>  <p>So your query will need to work like this</p>  <pre><code>var names = (from DataRow dr in dataTable.Rows              select (string)dr["Name"]).Distinct().OrderBy( name =&gt; name ); </code></pre> ',to_date('27-APR-19','DD-MON-RR'),null,to_date('27-APR-19','DD-MON-RR'),to_date('27-APR-19','DD-MON-RR'),45,'Syam',null,null,null,null,null,null,null,null,null);
Insert into SH2ORANGE31.POSTS (POST_ID,POST_TYPE_ID,PARENT_POST_ID,USER_ID,TITLE,TAG_TYPE_ID,SUB_TAGS,BODY_CONTENT,CREATED_DATE,VIEW_COUNT,LAST_ACTIVITY_DATE,LAST_EDITED_DATE,LAST_EDITOR_USER_ID,LAST_EDITOR_DISPLAY_NAME,FAVORITE_COUNT,ACCEPTED_ANSWER_ID,ANSWER_COUNT,CLOSED_DATE,COMMENTCOUNT,CLOSED_BY,FILE_NAME,SUB_PARENT_POST_ID,EDIT_COUNT) values (48,3,17,17,null,5,null,'<p>Try the following</p>  <pre><code>var names = (from dr in dataTable.Rows              select (string)dr["Name"]).Distinct().OrderBy(name =&gt; name); </code></pre>  <p>this should work for what you need.</p> ',to_date('01-MAY-19','DD-MON-RR'),null,to_date('01-MAY-19','DD-MON-RR'),to_date('01-MAY-19','DD-MON-RR'),17,'Soummya',null,null,null,null,null,null,null,null,null);
Insert into SH2ORANGE31.POSTS (POST_ID,POST_TYPE_ID,PARENT_POST_ID,USER_ID,TITLE,TAG_TYPE_ID,SUB_TAGS,BODY_CONTENT,CREATED_DATE,VIEW_COUNT,LAST_ACTIVITY_DATE,LAST_EDITED_DATE,LAST_EDITOR_USER_ID,LAST_EDITOR_DISPLAY_NAME,FAVORITE_COUNT,ACCEPTED_ANSWER_ID,ANSWER_COUNT,CLOSED_DATE,COMMENTCOUNT,CLOSED_BY,FILE_NAME,SUB_PARENT_POST_ID,EDIT_COUNT) values (58,3,17,42,null,5,null,'<p>To make it more readable and maintainable, you can also split it up into multiple LINQ statements.</p>  <ol> <li>First, select your data into a new list, let''s call it <code>x1</code>, do a projection if desired</li> <li>Next, create a distinct list, from <code>x1</code> into <code>x2</code>, using whatever distinction you require</li> <li>Finally, create an ordered list, from <code>x2</code> into <code>x3</code>, sorting by whatever you desire </li> </ol> ',to_date('02-MAY-19','DD-MON-RR'),null,to_date('02-MAY-19','DD-MON-RR'),to_date('02-MAY-19','DD-MON-RR'),42,'Shinto',null,null,null,null,null,null,null,null,null);
Insert into SH2ORANGE31.POSTS (POST_ID,POST_TYPE_ID,PARENT_POST_ID,USER_ID,TITLE,TAG_TYPE_ID,SUB_TAGS,BODY_CONTENT,CREATED_DATE,VIEW_COUNT,LAST_ACTIVITY_DATE,LAST_EDITED_DATE,LAST_EDITOR_USER_ID,LAST_EDITOR_DISPLAY_NAME,FAVORITE_COUNT,ACCEPTED_ANSWER_ID,ANSWER_COUNT,CLOSED_DATE,COMMENTCOUNT,CLOSED_BY,FILE_NAME,SUB_PARENT_POST_ID,EDIT_COUNT) values (67,3,17,40,null,5,null,'<pre><code>var sortedTable = (from results in resultTable.AsEnumerable() select (string)results[attributeList]).Distinct().OrderBy(name =&gt; name); </code></pre> ',to_date('02-MAY-19','DD-MON-RR'),null,to_date('02-MAY-19','DD-MON-RR'),to_date('02-MAY-19','DD-MON-RR'),40,'Joe ',null,null,null,null,null,null,null,null,null);
Insert into SH2ORANGE31.POSTS (POST_ID,POST_TYPE_ID,PARENT_POST_ID,USER_ID,TITLE,TAG_TYPE_ID,SUB_TAGS,BODY_CONTENT,CREATED_DATE,VIEW_COUNT,LAST_ACTIVITY_DATE,LAST_EDITED_DATE,LAST_EDITOR_USER_ID,LAST_EDITOR_DISPLAY_NAME,FAVORITE_COUNT,ACCEPTED_ANSWER_ID,ANSWER_COUNT,CLOSED_DATE,COMMENTCOUNT,CLOSED_BY,FILE_NAME,SUB_PARENT_POST_ID,EDIT_COUNT) values (53,3,6,5,null,5,null,'<p>As mentioned in the question, <code>IEnumerable</code> has a <code>CopyToDataTable</code> method:</p>  <pre><code>IEnumerable&lt;DataRow&gt; query =     from order in orders.AsEnumerable()     where order.Field&lt;DateTime&gt;("OrderDate") &gt; new DateTime(2001, 8, 1)     select order;  // Create a table from the query. DataTable boundTable = query.CopyToDataTable&lt;DataRow&gt;(); </code></pre>  <p>Why won''t that work for you?</p> ',to_date('01-MAY-19','DD-MON-RR'),null,to_date('01-MAY-19','DD-MON-RR'),to_date('01-MAY-19','DD-MON-RR'),5,'Aadheeb',1,null,null,null,null,null,null,null,null);
Insert into SH2ORANGE31.POSTS (POST_ID,POST_TYPE_ID,PARENT_POST_ID,USER_ID,TITLE,TAG_TYPE_ID,SUB_TAGS,BODY_CONTENT,CREATED_DATE,VIEW_COUNT,LAST_ACTIVITY_DATE,LAST_EDITED_DATE,LAST_EDITOR_USER_ID,LAST_EDITOR_DISPLAY_NAME,FAVORITE_COUNT,ACCEPTED_ANSWER_ID,ANSWER_COUNT,CLOSED_DATE,COMMENTCOUNT,CLOSED_BY,FILE_NAME,SUB_PARENT_POST_ID,EDIT_COUNT) values (54,3,6,9,null,5,null,'<p>Make a set of Data Transfer Objects, a couple of mappers, and return that via the .asmx.<br> You should <em>never</em> expose the database objects directly, as a change in the procedure schema will propagate to the web service consumer without you noticing it.</p> ',to_date('01-MAY-19','DD-MON-RR'),null,to_date('01-MAY-19','DD-MON-RR'),to_date('01-MAY-19','DD-MON-RR'),9,'Jinu',null,null,null,null,null,null,null,null,null);
Insert into SH2ORANGE31.POSTS (POST_ID,POST_TYPE_ID,PARENT_POST_ID,USER_ID,TITLE,TAG_TYPE_ID,SUB_TAGS,BODY_CONTENT,CREATED_DATE,VIEW_COUNT,LAST_ACTIVITY_DATE,LAST_EDITED_DATE,LAST_EDITOR_USER_ID,LAST_EDITOR_DISPLAY_NAME,FAVORITE_COUNT,ACCEPTED_ANSWER_ID,ANSWER_COUNT,CLOSED_DATE,COMMENTCOUNT,CLOSED_BY,FILE_NAME,SUB_PARENT_POST_ID,EDIT_COUNT) values (68,3,6,16,null,5,null,'<p>To perform this query against a <code>DataContext</code> class, you''ll need to do the following:</p>  <pre><code>MyDataContext db = new MyDataContext(); IEnumerable&lt;DataRow&gt; query =      (from order in db.Orders.AsEnumerable()         select new         {             order.Property,             order.Property2         })     as IEnumerable&lt;DataRow&gt;; return query.CopyToDataTable&lt;DataRow&gt;(); </code></pre>  <p>Without the <code>as IEnumerable&lt;DataRow&gt;;</code> you will see the following compilation error:</p>  <blockquote>   <p>Cannot implicitly convert type ''System.Collections.Generic.IEnumerable'' to ''System.Collections.Generic.IEnumerable''. An explicit conversion exists (are you missing a cast?)</p> </blockquote> ',to_date('02-MAY-19','DD-MON-RR'),null,to_date('02-MAY-19','DD-MON-RR'),to_date('02-MAY-19','DD-MON-RR'),16,'Ali',null,null,null,null,null,null,null,null,null);
Insert into SH2ORANGE31.POSTS (POST_ID,POST_TYPE_ID,PARENT_POST_ID,USER_ID,TITLE,TAG_TYPE_ID,SUB_TAGS,BODY_CONTENT,CREATED_DATE,VIEW_COUNT,LAST_ACTIVITY_DATE,LAST_EDITED_DATE,LAST_EDITOR_USER_ID,LAST_EDITOR_DISPLAY_NAME,FAVORITE_COUNT,ACCEPTED_ANSWER_ID,ANSWER_COUNT,CLOSED_DATE,COMMENTCOUNT,CLOSED_BY,FILE_NAME,SUB_PARENT_POST_ID,EDIT_COUNT) values (7,1,null,22,'Throw an error in a MySQL trigger',42,null,'<p>If I have a <code>trigger</code> <code>before the update</code> on a table, how can I throw an error that prevents the update on that table?</p> ',to_date('27-APR-19','DD-MON-RR'),9,to_date('27-APR-19','DD-MON-RR'),to_date('27-APR-19','DD-MON-RR'),22,'Hari',3,null,1,null,null,null,null,null,null);
Insert into SH2ORANGE31.POSTS (POST_ID,POST_TYPE_ID,PARENT_POST_ID,USER_ID,TITLE,TAG_TYPE_ID,SUB_TAGS,BODY_CONTENT,CREATED_DATE,VIEW_COUNT,LAST_ACTIVITY_DATE,LAST_EDITED_DATE,LAST_EDITOR_USER_ID,LAST_EDITOR_DISPLAY_NAME,FAVORITE_COUNT,ACCEPTED_ANSWER_ID,ANSWER_COUNT,CLOSED_DATE,COMMENTCOUNT,CLOSED_BY,FILE_NAME,SUB_PARENT_POST_ID,EDIT_COUNT) values (15,3,7,24,null,42,'database,triggers,','<p><a href="http://www.brokenbuild.com/blog/2006/08/15/mysql-triggers-how-do-you-abort-an-insert-update-or-delete-with-a-trigger/" rel="noreferrer">Here is one hack</a> that may work. It isn''t clean, but it looks like it might work:</p>  <p>Essentially, you just try to update a column that doesn''t exist.</p> ',to_date('27-APR-19','DD-MON-RR'),null,to_date('27-APR-19','DD-MON-RR'),to_date('27-APR-19','DD-MON-RR'),24,'Rahul',null,null,null,null,null,null,null,null,null);
Insert into SH2ORANGE31.POSTS (POST_ID,POST_TYPE_ID,PARENT_POST_ID,USER_ID,TITLE,TAG_TYPE_ID,SUB_TAGS,BODY_CONTENT,CREATED_DATE,VIEW_COUNT,LAST_ACTIVITY_DATE,LAST_EDITED_DATE,LAST_EDITOR_USER_ID,LAST_EDITOR_DISPLAY_NAME,FAVORITE_COUNT,ACCEPTED_ANSWER_ID,ANSWER_COUNT,CLOSED_DATE,COMMENTCOUNT,CLOSED_BY,FILE_NAME,SUB_PARENT_POST_ID,EDIT_COUNT) values (10,1,null,11,'Check for changes to an SQL Server table?',54,'datatable,rdbms,','<p>How can I monitor an SQL Server database for changes to a table without using triggers or modifying the structure of the database in any way? My preferred programming environment is <a href="http://en.wikipedia.org/wiki/.NET_Framework" rel="noreferrer">.NET</a> and C#.</p>  <p>I''d like to be able to support any <a href="http://en.wikipedia.org/wiki/Microsoft_SQL_Server#Genesis" rel="noreferrer">SQL Server 2000</a> SP4 or newer. My application is a bolt-on data visualization for another company''s product. Our customer base is in the thousands, so I don''t want to have to put in requirements that we modify the third-party vendor''s table at every installation.</p>  <p>By <em>"changes to a table"</em> I mean changes to table data, not changes to table structure.</p>  <p>Ultimately, I would like the change to trigger an event in my application, instead of having to check for changes at an interval.</p>  <hr>  <p>The best course of action given my requirements (no triggers or schema modification, SQL Server 2000 and 2005) seems to be to use the <code>BINARY_CHECKSUM</code> function in <a href="http://en.wikipedia.org/wiki/Transact-SQL" rel="noreferrer">T-SQL</a>. The way I plan to implement is this:</p>  <p>Every X seconds run the following query:</p>  <pre><code>SELECT CHECKSUM_AGG(BINARY_CHECKSUM(*)) FROM sample_table WITH (NOLOCK); </code></pre>  <p>And compare that against the stored value. If the value has changed, go through the table row by row using the query:</p>  <pre><code>SELECT row_id, BINARY_CHECKSUM(*) FROM sample_table WITH (NOLOCK); </code></pre>  <p>And compare the returned checksums against stored values.</p> ',to_date('27-APR-19','DD-MON-RR'),33,to_date('27-APR-19','DD-MON-RR'),to_date('27-APR-19','DD-MON-RR'),11,'Prasanth',5,null,6,null,null,null,null,null,null);
Insert into SH2ORANGE31.POSTS (POST_ID,POST_TYPE_ID,PARENT_POST_ID,USER_ID,TITLE,TAG_TYPE_ID,SUB_TAGS,BODY_CONTENT,CREATED_DATE,VIEW_COUNT,LAST_ACTIVITY_DATE,LAST_EDITED_DATE,LAST_EDITOR_USER_ID,LAST_EDITOR_DISPLAY_NAME,FAVORITE_COUNT,ACCEPTED_ANSWER_ID,ANSWER_COUNT,CLOSED_DATE,COMMENTCOUNT,CLOSED_BY,FILE_NAME,SUB_PARENT_POST_ID,EDIT_COUNT) values (16,3,10,17,null,54,null,'<p>Why don''t you want to use triggers?  They are a good thing if you use them correctly.  If you use them as a way to enforce referential integrity that is when they go from good to bad.  But if you use them for monitoring, they are not really considered taboo.</p> ',to_date('27-APR-19','DD-MON-RR'),null,to_date('27-APR-19','DD-MON-RR'),to_date('27-APR-19','DD-MON-RR'),17,'Soummya',null,null,null,null,null,null,null,null,null);
Insert into SH2ORANGE31.POSTS (POST_ID,POST_TYPE_ID,PARENT_POST_ID,USER_ID,TITLE,TAG_TYPE_ID,SUB_TAGS,BODY_CONTENT,CREATED_DATE,VIEW_COUNT,LAST_ACTIVITY_DATE,LAST_EDITED_DATE,LAST_EDITOR_USER_ID,LAST_EDITOR_DISPLAY_NAME,FAVORITE_COUNT,ACCEPTED_ANSWER_ID,ANSWER_COUNT,CLOSED_DATE,COMMENTCOUNT,CLOSED_BY,FILE_NAME,SUB_PARENT_POST_ID,EDIT_COUNT) values (29,3,10,51,null,54,null,'<p>Have a DTS job (or a job that is started by a windows service) that runs at a given interval. Each time it is run, it gets information about the given table by using the system <a href="http://msdn.microsoft.com/en-us/library/ms186778.aspx" rel="noreferrer">INFORMATION_SCHEMA</a> tables, and records this data in the data repository. Compare the data returned regarding the structure of the table with the data returned the previous time. If it is different, then you know that the structure has changed.</p>  <p>Example query to return information regarding all of the columns in table ABC (ideally listing out just the columns from the INFORMATION_SCHEMA table that you want, instead of using *select ** like I do here):</p>  <pre><code>select * from INFORMATION_SCHEMA.COLUMNS where TABLE_NAME = ''ABC'' </code></pre>  <p>You would monitor different columns and INFORMATION_SCHEMA views depending on how exactly you define "changes to a table".</p> ',to_date('29-APR-19','DD-MON-RR'),null,to_date('29-APR-19','DD-MON-RR'),to_date('29-APR-19','DD-MON-RR'),51,'Jenish',null,null,null,null,null,null,null,null,null);
Insert into SH2ORANGE31.POSTS (POST_ID,POST_TYPE_ID,PARENT_POST_ID,USER_ID,TITLE,TAG_TYPE_ID,SUB_TAGS,BODY_CONTENT,CREATED_DATE,VIEW_COUNT,LAST_ACTIVITY_DATE,LAST_EDITED_DATE,LAST_EDITOR_USER_ID,LAST_EDITOR_DISPLAY_NAME,FAVORITE_COUNT,ACCEPTED_ANSWER_ID,ANSWER_COUNT,CLOSED_DATE,COMMENTCOUNT,CLOSED_BY,FILE_NAME,SUB_PARENT_POST_ID,EDIT_COUNT) values (39,3,10,5,null,54,null,'<p>Take a look at the CHECKSUM command:</p>  <pre><code>SELECT CHECKSUM_AGG(BINARY_CHECKSUM(*)) FROM sample_table WITH (NOLOCK); </code></pre>  <p>That will return the same number each time it''s run as long as the table contents haven''t changed. See my post on this for more information:</p>  <p><a href="http://msdn.microsoft.com/en-us/library/aa258245(SQL.80).aspx" rel="noreferrer">CHECKSUM</a></p>  <p>Here''s how I used it to rebuild cache dependencies when tables changed:<br> <a href="http://weblogs.asp.net/jgalloway/archive/2005/05/07/406056.aspx" rel="noreferrer">ASP.NET 1.1 database cache dependency (without triggers)</a></p> ',to_date('30-APR-19','DD-MON-RR'),null,to_date('30-APR-19','DD-MON-RR'),to_date('30-APR-19','DD-MON-RR'),5,'Aadheeb',null,null,null,null,null,null,null,null,null);
Insert into SH2ORANGE31.POSTS (POST_ID,POST_TYPE_ID,PARENT_POST_ID,USER_ID,TITLE,TAG_TYPE_ID,SUB_TAGS,BODY_CONTENT,CREATED_DATE,VIEW_COUNT,LAST_ACTIVITY_DATE,LAST_EDITED_DATE,LAST_EDITOR_USER_ID,LAST_EDITOR_DISPLAY_NAME,FAVORITE_COUNT,ACCEPTED_ANSWER_ID,ANSWER_COUNT,CLOSED_DATE,COMMENTCOUNT,CLOSED_BY,FILE_NAME,SUB_PARENT_POST_ID,EDIT_COUNT) values (41,3,10,20,null,54,null,'<p>How often do you need to check for changes and how large (in terms of row size) are the tables in the database?  If you use the <code>CHECKSUM_AGG(BINARY_CHECKSUM(*))</code> method suggested by John, it will scan every row of the specified table.  The <code>NOLOCK</code> hint helps, but on a large database, you are still hitting every row.  You will also need to store the checksum for every row so that you tell one has changed.</p>  <p>Have you considered going at this from a different angle?  If you do not want to modify the schema to add triggers, (which makes a sense, it''s not your database), have you considered working with the application vendor that does make the database?  </p>  <p>They could implement an API that provides a mechanism for notifying accessory apps that data has changed.  It could be as simple as writing to a notification table that lists what table and which row were modified.  That could be implemented through triggers or application code.  From your side, ti wouldn''t matter, your only concern would be scanning the notification table on a periodic basis.  The performance hit on the database would be far less than scanning every row for changes.</p>  <p>The hard part would be convincing the application vendor to implement this feature.  Since this can be handles entirely through SQL via triggers, you could do the bulk of the work for them by writing and testing the triggers and then bringing the code to the application vendor.  By having the vendor support the triggers, it prevent the situation where your adding a trigger inadvertently replaces a trigger supplied by the vendor.</p> ',to_date('30-APR-19','DD-MON-RR'),null,to_date('30-APR-19','DD-MON-RR'),to_date('30-APR-19','DD-MON-RR'),20,'Subin',null,null,null,null,null,null,null,null,null);
Insert into SH2ORANGE31.POSTS (POST_ID,POST_TYPE_ID,PARENT_POST_ID,USER_ID,TITLE,TAG_TYPE_ID,SUB_TAGS,BODY_CONTENT,CREATED_DATE,VIEW_COUNT,LAST_ACTIVITY_DATE,LAST_EDITED_DATE,LAST_EDITOR_USER_ID,LAST_EDITOR_DISPLAY_NAME,FAVORITE_COUNT,ACCEPTED_ANSWER_ID,ANSWER_COUNT,CLOSED_DATE,COMMENTCOUNT,CLOSED_BY,FILE_NAME,SUB_PARENT_POST_ID,EDIT_COUNT) values (42,3,10,24,null,54,null,'<p>Wild guess here: If you don''t want to modify the third party''s tables, Can you create a view and then put a trigger on that view?</p> ',to_date('30-APR-19','DD-MON-RR'),null,to_date('30-APR-19','DD-MON-RR'),to_date('30-APR-19','DD-MON-RR'),24,'Rahul',null,null,null,null,null,null,null,null,null);
Insert into SH2ORANGE31.POSTS (POST_ID,POST_TYPE_ID,PARENT_POST_ID,USER_ID,TITLE,TAG_TYPE_ID,SUB_TAGS,BODY_CONTENT,CREATED_DATE,VIEW_COUNT,LAST_ACTIVITY_DATE,LAST_EDITED_DATE,LAST_EDITOR_USER_ID,LAST_EDITOR_DISPLAY_NAME,FAVORITE_COUNT,ACCEPTED_ANSWER_ID,ANSWER_COUNT,CLOSED_DATE,COMMENTCOUNT,CLOSED_BY,FILE_NAME,SUB_PARENT_POST_ID,EDIT_COUNT) values (47,3,10,31,null,54,null,'<p>Unfortunately, I do not think that there is a clean way to do this in SQL2000. If you narrow your requirements to SQL Server 2005 (and later), then you are in business. You can use the <code>SQLDependency</code> class in <code>System.Data.SqlClient</code>. See <a href="http://msdn.microsoft.com/en-us/library/t9x04ed2.aspx" rel="noreferrer">Query Notifications in SQL Server (ADO.NET)</a>.</p> ',to_date('01-MAY-19','DD-MON-RR'),null,to_date('01-MAY-19','DD-MON-RR'),to_date('01-MAY-19','DD-MON-RR'),31,'Rijo ',null,null,null,null,null,null,null,null,null);
Insert into SH2ORANGE31.POSTS (POST_ID,POST_TYPE_ID,PARENT_POST_ID,USER_ID,TITLE,TAG_TYPE_ID,SUB_TAGS,BODY_CONTENT,CREATED_DATE,VIEW_COUNT,LAST_ACTIVITY_DATE,LAST_EDITED_DATE,LAST_EDITOR_USER_ID,LAST_EDITOR_DISPLAY_NAME,FAVORITE_COUNT,ACCEPTED_ANSWER_ID,ANSWER_COUNT,CLOSED_DATE,COMMENTCOUNT,CLOSED_BY,FILE_NAME,SUB_PARENT_POST_ID,EDIT_COUNT) values (57,3,27,25,null,95,null,'<p>if you''re not going to be using mylyn just uncheck that dependency. I''m not really familiar with Aptana, but in eclipse you can expand whats being installed and uncheck anything you don''t need.</p> ',to_date('01-MAY-19','DD-MON-RR'),null,to_date('01-MAY-19','DD-MON-RR'),to_date('01-MAY-19','DD-MON-RR'),25,'Mubarak',1,null,null,null,null,null,null,null,null);
Insert into SH2ORANGE31.POSTS (POST_ID,POST_TYPE_ID,PARENT_POST_ID,USER_ID,TITLE,TAG_TYPE_ID,SUB_TAGS,BODY_CONTENT,CREATED_DATE,VIEW_COUNT,LAST_ACTIVITY_DATE,LAST_EDITED_DATE,LAST_EDITOR_USER_ID,LAST_EDITOR_DISPLAY_NAME,FAVORITE_COUNT,ACCEPTED_ANSWER_ID,ANSWER_COUNT,CLOSED_DATE,COMMENTCOUNT,CLOSED_BY,FILE_NAME,SUB_PARENT_POST_ID,EDIT_COUNT) values (60,3,27,26,null,95,null,'<p>Subclipse does not require Mylyn, but the update site includes a plugin that integrates Mylyn and Subclipse.  This is intended for people that use Mylyn.  In your case, you would want to just de-select Mylyn in the update dialog.</p>  <p>Subclipse also requires Subversion 1.5 and the corresponding version of the JavaHL native libraries.  I have written the start of an FAQ to help people understand JavaHL and how to get it.  See: <a href="http://desktop-eclipse.open.collab.net/wiki/JavaHL" rel="noreferrer">http://desktop-eclipse.open.collab.net/wiki/JavaHL</a></p> ',to_date('02-MAY-19','DD-MON-RR'),null,to_date('02-MAY-19','DD-MON-RR'),to_date('02-MAY-19','DD-MON-RR'),26,'Joy ',1,null,null,null,null,null,null,null,null);
Insert into SH2ORANGE31.POSTS (POST_ID,POST_TYPE_ID,PARENT_POST_ID,USER_ID,TITLE,TAG_TYPE_ID,SUB_TAGS,BODY_CONTENT,CREATED_DATE,VIEW_COUNT,LAST_ACTIVITY_DATE,LAST_EDITED_DATE,LAST_EDITOR_USER_ID,LAST_EDITOR_DISPLAY_NAME,FAVORITE_COUNT,ACCEPTED_ANSWER_ID,ANSWER_COUNT,CLOSED_DATE,COMMENTCOUNT,CLOSED_BY,FILE_NAME,SUB_PARENT_POST_ID,EDIT_COUNT) values (28,1,null,26,'SQLStatement.execute() - multiple queries in one statement',70,'flex,air','<p>I''ve written a database generation script in <a href="http://en.wikipedia.org/wiki/SQL" rel="noreferrer">SQL</a> and want to execute it in my <a href="http://en.wikipedia.org/wiki/Adobe_Integrated_Runtime" rel="noreferrer">Adobe AIR</a> application:</p>  <pre><code>Create Table tRole (     roleID integer Primary Key     ,roleName varchar(40) ); Create Table tFile (     fileID integer Primary Key     ,fileName varchar(50)     ,fileDescription varchar(500)     ,thumbnailID integer     ,fileFormatID integer     ,categoryID integer     ,isFavorite boolean     ,dateAdded date     ,globalAccessCount integer     ,lastAccessTime date     ,downloadComplete boolean     ,isNew boolean     ,isSpotlight boolean     ,duration varchar(30) ); Create Table tCategory (     categoryID integer Primary Key     ,categoryName varchar(50)     ,parent_categoryID integer ); ... </code></pre>  <p>I execute this in Adobe AIR using the following methods:</p>  <pre><code>public static function RunSqlFromFile(fileName:String):void {     var file:File = File.applicationDirectory.resolvePath(fileName);     var stream:FileStream = new FileStream();     stream.open(file, FileMode.READ)     var strSql:String = stream.readUTFBytes(stream.bytesAvailable);     NonQuery(strSql); }  public static function NonQuery(strSQL:String):void {     var sqlConnection:SQLConnection = new SQLConnection();     sqlConnection.open(File.applicationStorageDirectory.resolvePath(DBPATH));     var sqlStatement:SQLStatement = new SQLStatement();     sqlStatement.text = strSQL;     sqlStatement.sqlConnection = sqlConnection;     try {         sqlStatement.execute();     } catch (error:SQLError) {         Alert.show(error.toString());     } } </code></pre>  <p>No errors are generated, however only <code>tRole</code> exists. It seems that it only looks at the first query (up to the semicolon- if I remove it, the query fails). Is there a way to call multiple queries in one statement?</p> ',to_date('29-APR-19','DD-MON-RR'),51,to_date('29-APR-19','DD-MON-RR'),to_date('29-APR-19','DD-MON-RR'),26,'Joy ',2,null,3,null,null,null,null,null,null);
Insert into SH2ORANGE31.POSTS (POST_ID,POST_TYPE_ID,PARENT_POST_ID,USER_ID,TITLE,TAG_TYPE_ID,SUB_TAGS,BODY_CONTENT,CREATED_DATE,VIEW_COUNT,LAST_ACTIVITY_DATE,LAST_EDITED_DATE,LAST_EDITOR_USER_ID,LAST_EDITOR_DISPLAY_NAME,FAVORITE_COUNT,ACCEPTED_ANSWER_ID,ANSWER_COUNT,CLOSED_DATE,COMMENTCOUNT,CLOSED_BY,FILE_NAME,SUB_PARENT_POST_ID,EDIT_COUNT) values (36,3,28,26,null,70,null,'<p>I wound up using this. It is a kind of a hack, but it actually works pretty well. </p>  <p>The only thing is you have to be very careful with your semicolons. : D</p>  <pre><code>var strSql:String = stream.readUTFBytes(stream.bytesAvailable);       var i:Number = 0; var strSqlSplit:Array = strSql.split(";"); for (i = 0; i &lt; strSqlSplit.length; i++){     NonQuery(strSqlSplit[i].toString()); } </code></pre> ',to_date('29-APR-19','DD-MON-RR'),null,to_date('29-APR-19','DD-MON-RR'),to_date('29-APR-19','DD-MON-RR'),26,'Joy ',null,null,null,null,null,null,null,null,null);
Insert into SH2ORANGE31.POSTS (POST_ID,POST_TYPE_ID,PARENT_POST_ID,USER_ID,TITLE,TAG_TYPE_ID,SUB_TAGS,BODY_CONTENT,CREATED_DATE,VIEW_COUNT,LAST_ACTIVITY_DATE,LAST_EDITED_DATE,LAST_EDITOR_USER_ID,LAST_EDITOR_DISPLAY_NAME,FAVORITE_COUNT,ACCEPTED_ANSWER_ID,ANSWER_COUNT,CLOSED_DATE,COMMENTCOUNT,CLOSED_BY,FILE_NAME,SUB_PARENT_POST_ID,EDIT_COUNT) values (52,3,28,11,null,70,null,'<p>The <a href="http://en.wikipedia.org/wiki/SQLite" rel="noreferrer">SQLite</a> API has a function called something like <code>sqlite_prepare</code> which takes <em>one</em> statement and prepares it for execution, essentially parsing the SQL and storing it in memory. This means that the SQL only has to be sent once to the database engine even though the statement is executed many times.</p>  <p>Anyway, a statement is a single SQL query, that''s just the rule. The AIR SQL API doesn''t allow sending raw SQL to SQLite, only single statements, and the reason is, likely, that AIR uses the <code>sqlite_prepare</code> function when it talks to SQLite.</p> ',to_date('01-MAY-19','DD-MON-RR'),null,to_date('01-MAY-19','DD-MON-RR'),to_date('01-MAY-19','DD-MON-RR'),11,'Prasanth',null,null,null,null,null,null,null,null,null);
Insert into SH2ORANGE31.POSTS (POST_ID,POST_TYPE_ID,PARENT_POST_ID,USER_ID,TITLE,TAG_TYPE_ID,SUB_TAGS,BODY_CONTENT,CREATED_DATE,VIEW_COUNT,LAST_ACTIVITY_DATE,LAST_EDITED_DATE,LAST_EDITOR_USER_ID,LAST_EDITOR_DISPLAY_NAME,FAVORITE_COUNT,ACCEPTED_ANSWER_ID,ANSWER_COUNT,CLOSED_DATE,COMMENTCOUNT,CLOSED_BY,FILE_NAME,SUB_PARENT_POST_ID,EDIT_COUNT) values (74,3,28,36,null,70,null,'<p>What about making your delimiter something a little more complex like ";\n" which would not show up all that often. You just have to ensure when creating the file you have a line return or two in there. I end up putting two "\n\n" into the creation of my files which works well.</p> ',to_date('03-MAY-19','DD-MON-RR'),null,to_date('03-MAY-19','DD-MON-RR'),to_date('03-MAY-19','DD-MON-RR'),36,'Dhivya',1,null,null,null,null,null,null,null,null);
Insert into SH2ORANGE31.POSTS (POST_ID,POST_TYPE_ID,PARENT_POST_ID,USER_ID,TITLE,TAG_TYPE_ID,SUB_TAGS,BODY_CONTENT,CREATED_DATE,VIEW_COUNT,LAST_ACTIVITY_DATE,LAST_EDITED_DATE,LAST_EDITOR_USER_ID,LAST_EDITOR_DISPLAY_NAME,FAVORITE_COUNT,ACCEPTED_ANSWER_ID,ANSWER_COUNT,CLOSED_DATE,COMMENTCOUNT,CLOSED_BY,FILE_NAME,SUB_PARENT_POST_ID,EDIT_COUNT) values (33,1,null,8,'How do you branch and merge with TortoiseSVN?',55,'branch,branching-and-merging','<p>How do you <a href="http://svnbook.red-bean.com/en/1.8/svn.branchmerge.html" rel="noreferrer">branch and merge</a> with Apache Subversion using the TortoiseSVN client? </p> ',to_date('29-APR-19','DD-MON-RR'),210,to_date('23-MAY-19','DD-MON-RR'),to_date('29-APR-19','DD-MON-RR'),8,'Jinu',10,null,6,null,null,null,null,null,null);
Insert into SH2ORANGE31.POSTS (POST_ID,POST_TYPE_ID,PARENT_POST_ID,USER_ID,TITLE,TAG_TYPE_ID,SUB_TAGS,BODY_CONTENT,CREATED_DATE,VIEW_COUNT,LAST_ACTIVITY_DATE,LAST_EDITED_DATE,LAST_EDITOR_USER_ID,LAST_EDITOR_DISPLAY_NAME,FAVORITE_COUNT,ACCEPTED_ANSWER_ID,ANSWER_COUNT,CLOSED_DATE,COMMENTCOUNT,CLOSED_BY,FILE_NAME,SUB_PARENT_POST_ID,EDIT_COUNT) values (34,3,33,6,null,55,null,'<p><a href="http://svnbook.red-bean.com/" rel="noreferrer">Version Control with Subversion</a></p>  <p>A very good resource for source control in general. Not really TortoiseSVN specific, though.</p> ',to_date('29-APR-19','DD-MON-RR'),null,to_date('29-APR-19','DD-MON-RR'),to_date('29-APR-19','DD-MON-RR'),6,'Mojish',1,null,null,null,null,null,null,null,null);
Insert into SH2ORANGE31.POSTS (POST_ID,POST_TYPE_ID,PARENT_POST_ID,USER_ID,TITLE,TAG_TYPE_ID,SUB_TAGS,BODY_CONTENT,CREATED_DATE,VIEW_COUNT,LAST_ACTIVITY_DATE,LAST_EDITED_DATE,LAST_EDITOR_USER_ID,LAST_EDITOR_DISPLAY_NAME,FAVORITE_COUNT,ACCEPTED_ANSWER_ID,ANSWER_COUNT,CLOSED_DATE,COMMENTCOUNT,CLOSED_BY,FILE_NAME,SUB_PARENT_POST_ID,EDIT_COUNT) values (65,3,33,20,null,55,null,'<p>You can also try <em><a href="http://www.codeproject.com/KB/work/XTortoiseSVN.aspx" rel="nofollow noreferrer">Version Control for the Standalone Programmer - Part 1</a></em> or perhaps <em><a href="http://www.kenegozi.com/Blog/2007/07/30/merging-with-tortoisesvn.aspx" rel="nofollow noreferrer">Merging with TortoiseSVN</a></em>.</p> ',to_date('02-MAY-19','DD-MON-RR'),null,to_date('02-MAY-19','DD-MON-RR'),to_date('02-MAY-19','DD-MON-RR'),20,'Subin',5,null,null,null,null,null,null,null,null);
Insert into SH2ORANGE31.POSTS (POST_ID,POST_TYPE_ID,PARENT_POST_ID,USER_ID,TITLE,TAG_TYPE_ID,SUB_TAGS,BODY_CONTENT,CREATED_DATE,VIEW_COUNT,LAST_ACTIVITY_DATE,LAST_EDITED_DATE,LAST_EDITOR_USER_ID,LAST_EDITOR_DISPLAY_NAME,FAVORITE_COUNT,ACCEPTED_ANSWER_ID,ANSWER_COUNT,CLOSED_DATE,COMMENTCOUNT,CLOSED_BY,FILE_NAME,SUB_PARENT_POST_ID,EDIT_COUNT) values (73,3,33,16,null,55,null,'<p>My easy click-by-click instructions (<strong>specific to TortoiseSVN</strong>) are in Stack&nbsp;Overflow question <em><a href="https://stackoverflow.com/questions/1461922">What is the simplest way to do branching and merging using TortoiseSVN?</a></em>.</p> ',to_date('03-MAY-19','DD-MON-RR'),null,to_date('03-MAY-19','DD-MON-RR'),to_date('03-MAY-19','DD-MON-RR'),16,'Ali',8,null,null,null,null,null,null,null,null);
Insert into SH2ORANGE31.POSTS (POST_ID,POST_TYPE_ID,PARENT_POST_ID,USER_ID,TITLE,TAG_TYPE_ID,SUB_TAGS,BODY_CONTENT,CREATED_DATE,VIEW_COUNT,LAST_ACTIVITY_DATE,LAST_EDITED_DATE,LAST_EDITOR_USER_ID,LAST_EDITOR_DISPLAY_NAME,FAVORITE_COUNT,ACCEPTED_ANSWER_ID,ANSWER_COUNT,CLOSED_DATE,COMMENTCOUNT,CLOSED_BY,FILE_NAME,SUB_PARENT_POST_ID,EDIT_COUNT) values (38,3,35,19,null,5,null,'<p>Try removing the <code>0x</code> first and then call <code>Encoding.UTF8.GetString</code>. I think that may work.</p>  <p>Essentially: 0x44004500</p>  <p>Remove the 0x, and then always two bytes are one character:</p>  <pre><code>44 00 = D  45 00 = E  6F 00 = o  72 00 = r </code></pre>  <p>So it''s definitely a Unicode/UTF format with two bytes/character.</p> ',to_date('30-APR-19','DD-MON-RR'),null,to_date('30-APR-19','DD-MON-RR'),to_date('30-APR-19','DD-MON-RR'),19,'Gogul',1,null,null,null,null,null,null,null,null);
Insert into SH2ORANGE31.POSTS (POST_ID,POST_TYPE_ID,PARENT_POST_ID,USER_ID,TITLE,TAG_TYPE_ID,SUB_TAGS,BODY_CONTENT,CREATED_DATE,VIEW_COUNT,LAST_ACTIVITY_DATE,LAST_EDITED_DATE,LAST_EDITOR_USER_ID,LAST_EDITOR_DISPLAY_NAME,FAVORITE_COUNT,ACCEPTED_ANSWER_ID,ANSWER_COUNT,CLOSED_DATE,COMMENTCOUNT,CLOSED_BY,FILE_NAME,SUB_PARENT_POST_ID,EDIT_COUNT) values (45,3,35,117,null,5,null,'<p>Hazzah!!!!</p>  <p>I went back to Michael''s post, did some more poking and realized that I did need to do a double conversion, and eventually worked out this little nugget:</p>  <pre><code>Convert.ToString(Convert.ToChar(Int32.Parse(EncodedString.Substring(intParseIndex, 2), System.Globalization.NumberStyles.HexNumber))); </code></pre>  <p>From there I simply made a loop to go through all the characters 2 by 2 and get them "hexified" and then translated to a string.</p>  <p>To Nick, and anybody else interested, I went ahead and <a href="http://www.codeplex.com/urldecoder" rel="noreferrer">posted my little application</a> over in <a href="http://en.wikipedia.org/wiki/CodePlex" rel="noreferrer">CodePlex</a>. Feel free to use/modify as you need.</p> ',to_date('30-APR-19','DD-MON-RR'),null,to_date('30-APR-19','DD-MON-RR'),to_date('30-APR-19','DD-MON-RR'),117,'Soummya',null,null,null,null,null,null,null,null,null);
Insert into SH2ORANGE31.POSTS (POST_ID,POST_TYPE_ID,PARENT_POST_ID,USER_ID,TITLE,TAG_TYPE_ID,SUB_TAGS,BODY_CONTENT,CREATED_DATE,VIEW_COUNT,LAST_ACTIVITY_DATE,LAST_EDITED_DATE,LAST_EDITOR_USER_ID,LAST_EDITOR_DISPLAY_NAME,FAVORITE_COUNT,ACCEPTED_ANSWER_ID,ANSWER_COUNT,CLOSED_DATE,COMMENTCOUNT,CLOSED_BY,FILE_NAME,SUB_PARENT_POST_ID,EDIT_COUNT) values (35,1,null,17,'Decoding T-SQL CAST in C#/VB.NET',5,'sql,vb.net,ascii,hex','<p>Recently our site has been deluged with the resurgence of the <a href="https://en.wikipedia.org/wiki/Asprox_botnet" rel="noreferrer">Asprox botnet</a> <a href="http://en.wikipedia.org/wiki/SQL_injection" rel="noreferrer">SQL injection</a> attack. Without going into details, the attack attempts to execute SQL code by encoding the <a href="http://en.wikipedia.org/wiki/Transact-SQL" rel="noreferrer">T-SQL</a> commands in an ASCII encoded BINARY string. It looks something like this:</p>  <pre><code>DECLARE%20@S%20NVARCHAR(4000);SET%20@S=CAST(0x44004500...06F007200%20AS%20NVARCHAR(4000));EXEC(@S);-- </code></pre>  <p>I was able to decode this in SQL, but I was a little wary of doing this since I didn''t know exactly what was happening at the time.</p>  <p>I tried to write a simple decode tool, so I could decode this type of text without even touching <a href="http://en.wikipedia.org/wiki/Microsoft_SQL_Server" rel="noreferrer">SQL;Server</a>. The main part I need decoded is:</p>  <pre><code>CAST(0x44004500...06F007200 AS NVARCHAR(4000)) </code></pre>  <p>I''ve tried all of the following commands with no luck:</p>  <pre><code>txtDecodedText.Text =     System.Web.HttpUtility.UrlDecode(txtURLText.Text); txtDecodedText.Text =     Encoding.ASCII.GetString(Encoding.ASCII.GetBytes(txtURLText.Text)); txtDecodedText.Text =     Encoding.Unicode.GetString(Encoding.Unicode.GetBytes(txtURLText.Text)); txtDecodedText.Text =     Encoding.ASCII.GetString(Encoding.Unicode.GetBytes(txtURLText.Text)); txtDecodedText.Text =     Encoding.Unicode.GetString(Convert.FromBase64String(txtURLText.Text)); </code></pre>  <p>What is the proper way to translate this encoding without using SQL Server? Is it possible? I''ll take VB.NET code since I''m familiar with that too.</p>  <hr>    <pre><code>txtDecodedText.Text = Encoding.UTF8.GetString(Encoding.UTF8.GetBytes(txtURL.Text)); </code></pre>    ',to_date('29-APR-19','DD-MON-RR'),47,to_date('29-APR-19','DD-MON-RR'),to_date('29-APR-19','DD-MON-RR'),17,'Soummya',null,null,null,null,null,null,null,null,null);
Insert into SH2ORANGE31.POSTS (POST_ID,POST_TYPE_ID,PARENT_POST_ID,USER_ID,TITLE,TAG_TYPE_ID,SUB_TAGS,BODY_CONTENT,CREATED_DATE,VIEW_COUNT,LAST_ACTIVITY_DATE,LAST_EDITED_DATE,LAST_EDITOR_USER_ID,LAST_EDITOR_DISPLAY_NAME,FAVORITE_COUNT,ACCEPTED_ANSWER_ID,ANSWER_COUNT,CLOSED_DATE,COMMENTCOUNT,CLOSED_BY,FILE_NAME,SUB_PARENT_POST_ID,EDIT_COUNT) values (102,3,33,1,'How do you branch and merge with TortoiseSVN?',55,null,'<p>asdasdad</p>
',to_date('23-MAY-19','DD-MON-RR'),null,to_date('23-MAY-19','DD-MON-RR'),to_date('23-MAY-19','DD-MON-RR'),1,'sijo',null,null,null,null,null,null,'081936230005120.csv',null,null);
REM INSERTING into SH2ORANGE31.POSTTYPES
SET DEFINE OFF;
Insert into SH2ORANGE31.POSTTYPES (POST_TYPE_ID,POST_TYPE,STATUS,CREATED_BY,CREATED_DATE,MODIFIED_BY,MODIFIED_DATE) values (1,'Question',1,1,to_date('11-APR-19','DD-MON-RR'),null,null);
Insert into SH2ORANGE31.POSTTYPES (POST_TYPE_ID,POST_TYPE,STATUS,CREATED_BY,CREATED_DATE,MODIFIED_BY,MODIFIED_DATE) values (2,'Edit',1,1,to_date('11-APR-19','DD-MON-RR'),null,null);
Insert into SH2ORANGE31.POSTTYPES (POST_TYPE_ID,POST_TYPE,STATUS,CREATED_BY,CREATED_DATE,MODIFIED_BY,MODIFIED_DATE) values (3,'Answer',1,1,to_date('11-APR-19','DD-MON-RR'),null,null);
Insert into SH2ORANGE31.POSTTYPES (POST_TYPE_ID,POST_TYPE,STATUS,CREATED_BY,CREATED_DATE,MODIFIED_BY,MODIFIED_DATE) values (4,'Comment',1,1,to_date('11-APR-19','DD-MON-RR'),null,null);
REM INSERTING into SH2ORANGE31.TAGTYPES
SET DEFINE OFF;
Insert into SH2ORANGE31.TAGTYPES (TAG_TYPE_ID,TAG_TYPE,STATUS,CREATED_BY,CREATED_DATE,MODIFIED_BY,MODIFIED_DATE) values (1,'android',1,1,to_date('11-APR-19','DD-MON-RR'),null,null);
Insert into SH2ORANGE31.TAGTYPES (TAG_TYPE_ID,TAG_TYPE,STATUS,CREATED_BY,CREATED_DATE,MODIFIED_BY,MODIFIED_DATE) values (2,'apache',1,1,to_date('11-APR-19','DD-MON-RR'),null,null);
Insert into SH2ORANGE31.TAGTYPES (TAG_TYPE_ID,TAG_TYPE,STATUS,CREATED_BY,CREATED_DATE,MODIFIED_BY,MODIFIED_DATE) values (3,'exception-handling',1,1,to_date('11-APR-19','DD-MON-RR'),null,null);
Insert into SH2ORANGE31.TAGTYPES (TAG_TYPE_ID,TAG_TYPE,STATUS,CREATED_BY,CREATED_DATE,MODIFIED_BY,MODIFIED_DATE) values (4,'c',1,1,to_date('11-APR-19','DD-MON-RR'),null,null);
Insert into SH2ORANGE31.TAGTYPES (TAG_TYPE_ID,TAG_TYPE,STATUS,CREATED_BY,CREATED_DATE,MODIFIED_BY,MODIFIED_DATE) values (5,'c#',1,1,to_date('11-APR-19','DD-MON-RR'),null,null);
Insert into SH2ORANGE31.TAGTYPES (TAG_TYPE_ID,TAG_TYPE,STATUS,CREATED_BY,CREATED_DATE,MODIFIED_BY,MODIFIED_DATE) values (6,'cakephp',1,1,to_date('11-APR-19','DD-MON-RR'),null,null);
Insert into SH2ORANGE31.TAGTYPES (TAG_TYPE_ID,TAG_TYPE,STATUS,CREATED_BY,CREATED_DATE,MODIFIED_BY,MODIFIED_DATE) values (7,'cassandra',1,1,to_date('11-APR-19','DD-MON-RR'),null,null);
Insert into SH2ORANGE31.TAGTYPES (TAG_TYPE_ID,TAG_TYPE,STATUS,CREATED_BY,CREATED_DATE,MODIFIED_BY,MODIFIED_DATE) values (8,'codeigniter',1,1,to_date('11-APR-19','DD-MON-RR'),null,null);
Insert into SH2ORANGE31.TAGTYPES (TAG_TYPE_ID,TAG_TYPE,STATUS,CREATED_BY,CREATED_DATE,MODIFIED_BY,MODIFIED_DATE) values (9,'coding-style',1,1,to_date('11-APR-19','DD-MON-RR'),null,null);
Insert into SH2ORANGE31.TAGTYPES (TAG_TYPE_ID,TAG_TYPE,STATUS,CREATED_BY,CREATED_DATE,MODIFIED_BY,MODIFIED_DATE) values (10,'command-line',1,1,to_date('11-APR-19','DD-MON-RR'),null,null);
Insert into SH2ORANGE31.TAGTYPES (TAG_TYPE_ID,TAG_TYPE,STATUS,CREATED_BY,CREATED_DATE,MODIFIED_BY,MODIFIED_DATE) values (11,'cross-browser',1,1,to_date('11-APR-19','DD-MON-RR'),null,null);
Insert into SH2ORANGE31.TAGTYPES (TAG_TYPE_ID,TAG_TYPE,STATUS,CREATED_BY,CREATED_DATE,MODIFIED_BY,MODIFIED_DATE) values (12,'cryptography',1,1,to_date('11-APR-19','DD-MON-RR'),null,null);
Insert into SH2ORANGE31.TAGTYPES (TAG_TYPE_ID,TAG_TYPE,STATUS,CREATED_BY,CREATED_DATE,MODIFIED_BY,MODIFIED_DATE) values (13,'cuda',1,1,to_date('11-APR-19','DD-MON-RR'),null,null);
Insert into SH2ORANGE31.TAGTYPES (TAG_TYPE_ID,TAG_TYPE,STATUS,CREATED_BY,CREATED_DATE,MODIFIED_BY,MODIFIED_DATE) values (14,'database',1,1,to_date('11-APR-19','DD-MON-RR'),null,null);
Insert into SH2ORANGE31.TAGTYPES (TAG_TYPE_ID,TAG_TYPE,STATUS,CREATED_BY,CREATED_DATE,MODIFIED_BY,MODIFIED_DATE) values (15,'data-structures',1,1,to_date('11-APR-19','DD-MON-RR'),null,null);
Insert into SH2ORANGE31.TAGTYPES (TAG_TYPE_ID,TAG_TYPE,STATUS,CREATED_BY,CREATED_DATE,MODIFIED_BY,MODIFIED_DATE) values (16,'excel',1,1,to_date('11-APR-19','DD-MON-RR'),null,null);
Insert into SH2ORANGE31.TAGTYPES (TAG_TYPE_ID,TAG_TYPE,STATUS,CREATED_BY,CREATED_DATE,MODIFIED_BY,MODIFIED_DATE) values (17,'file',1,1,to_date('11-APR-19','DD-MON-RR'),null,null);
Insert into SH2ORANGE31.TAGTYPES (TAG_TYPE_ID,TAG_TYPE,STATUS,CREATED_BY,CREATED_DATE,MODIFIED_BY,MODIFIED_DATE) values (18,'foreign-keys',1,1,to_date('11-APR-19','DD-MON-RR'),null,null);
Insert into SH2ORANGE31.TAGTYPES (TAG_TYPE_ID,TAG_TYPE,STATUS,CREATED_BY,CREATED_DATE,MODIFIED_BY,MODIFIED_DATE) values (19,'function-pointers',1,1,to_date('11-APR-19','DD-MON-RR'),null,null);
Insert into SH2ORANGE31.TAGTYPES (TAG_TYPE_ID,TAG_TYPE,STATUS,CREATED_BY,CREATED_DATE,MODIFIED_BY,MODIFIED_DATE) values (20,'github',1,1,to_date('11-APR-19','DD-MON-RR'),null,null);
Insert into SH2ORANGE31.TAGTYPES (TAG_TYPE_ID,TAG_TYPE,STATUS,CREATED_BY,CREATED_DATE,MODIFIED_BY,MODIFIED_DATE) values (21,'google-app-engine',1,1,to_date('11-APR-19','DD-MON-RR'),null,null);
Insert into SH2ORANGE31.TAGTYPES (TAG_TYPE_ID,TAG_TYPE,STATUS,CREATED_BY,CREATED_DATE,MODIFIED_BY,MODIFIED_DATE) values (22,'hashmap',1,1,to_date('11-APR-19','DD-MON-RR'),null,null);
Insert into SH2ORANGE31.TAGTYPES (TAG_TYPE_ID,TAG_TYPE,STATUS,CREATED_BY,CREATED_DATE,MODIFIED_BY,MODIFIED_DATE) values (23,'html',1,1,to_date('11-APR-19','DD-MON-RR'),null,null);
Insert into SH2ORANGE31.TAGTYPES (TAG_TYPE_ID,TAG_TYPE,STATUS,CREATED_BY,CREATED_DATE,MODIFIED_BY,MODIFIED_DATE) values (24,'indexing',1,1,to_date('11-APR-19','DD-MON-RR'),null,null);
Insert into SH2ORANGE31.TAGTYPES (TAG_TYPE_ID,TAG_TYPE,STATUS,CREATED_BY,CREATED_DATE,MODIFIED_BY,MODIFIED_DATE) values (25,'inheritance',1,1,to_date('11-APR-19','DD-MON-RR'),null,null);
Insert into SH2ORANGE31.TAGTYPES (TAG_TYPE_ID,TAG_TYPE,STATUS,CREATED_BY,CREATED_DATE,MODIFIED_BY,MODIFIED_DATE) values (26,'intellij-idea',1,1,to_date('11-APR-19','DD-MON-RR'),null,null);
Insert into SH2ORANGE31.TAGTYPES (TAG_TYPE_ID,TAG_TYPE,STATUS,CREATED_BY,CREATED_DATE,MODIFIED_BY,MODIFIED_DATE) values (27,'interop',1,1,to_date('11-APR-19','DD-MON-RR'),null,null);
Insert into SH2ORANGE31.TAGTYPES (TAG_TYPE_ID,TAG_TYPE,STATUS,CREATED_BY,CREATED_DATE,MODIFIED_BY,MODIFIED_DATE) values (28,'ios',1,1,to_date('11-APR-19','DD-MON-RR'),null,null);
Insert into SH2ORANGE31.TAGTYPES (TAG_TYPE_ID,TAG_TYPE,STATUS,CREATED_BY,CREATED_DATE,MODIFIED_BY,MODIFIED_DATE) values (29,'ipad',1,1,to_date('11-APR-19','DD-MON-RR'),null,null);
Insert into SH2ORANGE31.TAGTYPES (TAG_TYPE_ID,TAG_TYPE,STATUS,CREATED_BY,CREATED_DATE,MODIFIED_BY,MODIFIED_DATE) values (30,'iterator',1,1,to_date('11-APR-19','DD-MON-RR'),null,null);
Insert into SH2ORANGE31.TAGTYPES (TAG_TYPE_ID,TAG_TYPE,STATUS,CREATED_BY,CREATED_DATE,MODIFIED_BY,MODIFIED_DATE) values (31,'java-ee-6',1,1,to_date('11-APR-19','DD-MON-RR'),null,null);
Insert into SH2ORANGE31.TAGTYPES (TAG_TYPE_ID,TAG_TYPE,STATUS,CREATED_BY,CREATED_DATE,MODIFIED_BY,MODIFIED_DATE) values (32,'javascript-events',1,1,to_date('11-APR-19','DD-MON-RR'),null,null);
Insert into SH2ORANGE31.TAGTYPES (TAG_TYPE_ID,TAG_TYPE,STATUS,CREATED_BY,CREATED_DATE,MODIFIED_BY,MODIFIED_DATE) values (33,'jpql',1,1,to_date('11-APR-19','DD-MON-RR'),null,null);
Insert into SH2ORANGE31.TAGTYPES (TAG_TYPE_ID,TAG_TYPE,STATUS,CREATED_BY,CREATED_DATE,MODIFIED_BY,MODIFIED_DATE) values (34,'jqgrid',1,1,to_date('11-APR-19','DD-MON-RR'),null,null);
Insert into SH2ORANGE31.TAGTYPES (TAG_TYPE_ID,TAG_TYPE,STATUS,CREATED_BY,CREATED_DATE,MODIFIED_BY,MODIFIED_DATE) values (35,'jsp',1,1,to_date('11-APR-19','DD-MON-RR'),null,null);
Insert into SH2ORANGE31.TAGTYPES (TAG_TYPE_ID,TAG_TYPE,STATUS,CREATED_BY,CREATED_DATE,MODIFIED_BY,MODIFIED_DATE) values (36,'jtable',1,1,to_date('11-APR-19','DD-MON-RR'),null,null);
Insert into SH2ORANGE31.TAGTYPES (TAG_TYPE_ID,TAG_TYPE,STATUS,CREATED_BY,CREATED_DATE,MODIFIED_BY,MODIFIED_DATE) values (37,'linq',1,1,to_date('11-APR-19','DD-MON-RR'),null,null);
Insert into SH2ORANGE31.TAGTYPES (TAG_TYPE_ID,TAG_TYPE,STATUS,CREATED_BY,CREATED_DATE,MODIFIED_BY,MODIFIED_DATE) values (38,'linq-to-objects',1,1,to_date('11-APR-19','DD-MON-RR'),null,null);
Insert into SH2ORANGE31.TAGTYPES (TAG_TYPE_ID,TAG_TYPE,STATUS,CREATED_BY,CREATED_DATE,MODIFIED_BY,MODIFIED_DATE) values (39,'linux-kernel',1,1,to_date('11-APR-19','DD-MON-RR'),null,null);
Insert into SH2ORANGE31.TAGTYPES (TAG_TYPE_ID,TAG_TYPE,STATUS,CREATED_BY,CREATED_DATE,MODIFIED_BY,MODIFIED_DATE) values (40,'macros',1,1,to_date('11-APR-19','DD-MON-RR'),null,null);
Insert into SH2ORANGE31.TAGTYPES (TAG_TYPE_ID,TAG_TYPE,STATUS,CREATED_BY,CREATED_DATE,MODIFIED_BY,MODIFIED_DATE) values (41,'mongodb',1,1,to_date('11-APR-19','DD-MON-RR'),null,null);
Insert into SH2ORANGE31.TAGTYPES (TAG_TYPE_ID,TAG_TYPE,STATUS,CREATED_BY,CREATED_DATE,MODIFIED_BY,MODIFIED_DATE) values (42,'mysql',1,1,to_date('11-APR-19','DD-MON-RR'),null,null);
Insert into SH2ORANGE31.TAGTYPES (TAG_TYPE_ID,TAG_TYPE,STATUS,CREATED_BY,CREATED_DATE,MODIFIED_BY,MODIFIED_DATE) values (43,'oracle',1,1,to_date('11-APR-19','DD-MON-RR'),null,null);
Insert into SH2ORANGE31.TAGTYPES (TAG_TYPE_ID,TAG_TYPE,STATUS,CREATED_BY,CREATED_DATE,MODIFIED_BY,MODIFIED_DATE) values (44,'override',1,1,to_date('11-APR-19','DD-MON-RR'),null,null);
Insert into SH2ORANGE31.TAGTYPES (TAG_TYPE_ID,TAG_TYPE,STATUS,CREATED_BY,CREATED_DATE,MODIFIED_BY,MODIFIED_DATE) values (45,'Peer Pressure',1,1,to_date('11-APR-19','DD-MON-RR'),null,null);
Insert into SH2ORANGE31.TAGTYPES (TAG_TYPE_ID,TAG_TYPE,STATUS,CREATED_BY,CREATED_DATE,MODIFIED_BY,MODIFIED_DATE) values (46,'performance',1,1,to_date('11-APR-19','DD-MON-RR'),null,null);
Insert into SH2ORANGE31.TAGTYPES (TAG_TYPE_ID,TAG_TYPE,STATUS,CREATED_BY,CREATED_DATE,MODIFIED_BY,MODIFIED_DATE) values (47,'pivot',1,1,to_date('11-APR-19','DD-MON-RR'),null,null);
Insert into SH2ORANGE31.TAGTYPES (TAG_TYPE_ID,TAG_TYPE,STATUS,CREATED_BY,CREATED_DATE,MODIFIED_BY,MODIFIED_DATE) values (48,'pointers',1,1,to_date('11-APR-19','DD-MON-RR'),null,null);
Insert into SH2ORANGE31.TAGTYPES (TAG_TYPE_ID,TAG_TYPE,STATUS,CREATED_BY,CREATED_DATE,MODIFIED_BY,MODIFIED_DATE) values (49,'postgresql',1,1,to_date('11-APR-19','DD-MON-RR'),null,null);
Insert into SH2ORANGE31.TAGTYPES (TAG_TYPE_ID,TAG_TYPE,STATUS,CREATED_BY,CREATED_DATE,MODIFIED_BY,MODIFIED_DATE) values (50,'powerpoint',1,1,to_date('11-APR-19','DD-MON-RR'),null,null);
Insert into SH2ORANGE31.TAGTYPES (TAG_TYPE_ID,TAG_TYPE,STATUS,CREATED_BY,CREATED_DATE,MODIFIED_BY,MODIFIED_DATE) values (51,'powershell',1,1,to_date('11-APR-19','DD-MON-RR'),null,null);
Insert into SH2ORANGE31.TAGTYPES (TAG_TYPE_ID,TAG_TYPE,STATUS,CREATED_BY,CREATED_DATE,MODIFIED_BY,MODIFIED_DATE) values (52,'regex',1,1,to_date('11-APR-19','DD-MON-RR'),null,null);
Insert into SH2ORANGE31.TAGTYPES (TAG_TYPE_ID,TAG_TYPE,STATUS,CREATED_BY,CREATED_DATE,MODIFIED_BY,MODIFIED_DATE) values (53,'selenium',1,1,to_date('11-APR-19','DD-MON-RR'),null,null);
Insert into SH2ORANGE31.TAGTYPES (TAG_TYPE_ID,TAG_TYPE,STATUS,CREATED_BY,CREATED_DATE,MODIFIED_BY,MODIFIED_DATE) values (54,'sql-server',1,1,to_date('11-APR-19','DD-MON-RR'),null,null);
Insert into SH2ORANGE31.TAGTYPES (TAG_TYPE_ID,TAG_TYPE,STATUS,CREATED_BY,CREATED_DATE,MODIFIED_BY,MODIFIED_DATE) values (55,'svn',1,1,to_date('11-APR-19','DD-MON-RR'),null,null);
Insert into SH2ORANGE31.TAGTYPES (TAG_TYPE_ID,TAG_TYPE,STATUS,CREATED_BY,CREATED_DATE,MODIFIED_BY,MODIFIED_DATE) values (56,'tortoisesvn',1,1,to_date('11-APR-19','DD-MON-RR'),null,null);
Insert into SH2ORANGE31.TAGTYPES (TAG_TYPE_ID,TAG_TYPE,STATUS,CREATED_BY,CREATED_DATE,MODIFIED_BY,MODIFIED_DATE) values (57,'validation',1,1,to_date('11-APR-19','DD-MON-RR'),null,null);
Insert into SH2ORANGE31.TAGTYPES (TAG_TYPE_ID,TAG_TYPE,STATUS,CREATED_BY,CREATED_DATE,MODIFIED_BY,MODIFIED_DATE) values (58,'variables',1,1,to_date('11-APR-19','DD-MON-RR'),null,null);
Insert into SH2ORANGE31.TAGTYPES (TAG_TYPE_ID,TAG_TYPE,STATUS,CREATED_BY,CREATED_DATE,MODIFIED_BY,MODIFIED_DATE) values (59,'vb.net',1,1,to_date('11-APR-19','DD-MON-RR'),null,null);
Insert into SH2ORANGE31.TAGTYPES (TAG_TYPE_ID,TAG_TYPE,STATUS,CREATED_BY,CREATED_DATE,MODIFIED_BY,MODIFIED_DATE) values (60,'vb6',1,1,to_date('11-APR-19','DD-MON-RR'),null,null);
Insert into SH2ORANGE31.TAGTYPES (TAG_TYPE_ID,TAG_TYPE,STATUS,CREATED_BY,CREATED_DATE,MODIFIED_BY,MODIFIED_DATE) values (61,'vbscript',1,1,to_date('11-APR-19','DD-MON-RR'),null,null);
Insert into SH2ORANGE31.TAGTYPES (TAG_TYPE_ID,TAG_TYPE,STATUS,CREATED_BY,CREATED_DATE,MODIFIED_BY,MODIFIED_DATE) values (62,'version-control',1,1,to_date('11-APR-19','DD-MON-RR'),null,null);
Insert into SH2ORANGE31.TAGTYPES (TAG_TYPE_ID,TAG_TYPE,STATUS,CREATED_BY,CREATED_DATE,MODIFIED_BY,MODIFIED_DATE) values (63,'visual-studio-2010',1,1,to_date('11-APR-19','DD-MON-RR'),null,null);
Insert into SH2ORANGE31.TAGTYPES (TAG_TYPE_ID,TAG_TYPE,STATUS,CREATED_BY,CREATED_DATE,MODIFIED_BY,MODIFIED_DATE) values (64,'windows-mobile',1,1,to_date('11-APR-19','DD-MON-RR'),null,null);
Insert into SH2ORANGE31.TAGTYPES (TAG_TYPE_ID,TAG_TYPE,STATUS,CREATED_BY,CREATED_DATE,MODIFIED_BY,MODIFIED_DATE) values (65,'windows-phone-7',1,1,to_date('11-APR-19','DD-MON-RR'),null,null);
Insert into SH2ORANGE31.TAGTYPES (TAG_TYPE_ID,TAG_TYPE,STATUS,CREATED_BY,CREATED_DATE,MODIFIED_BY,MODIFIED_DATE) values (66,'windows-services',1,1,to_date('11-APR-19','DD-MON-RR'),null,null);
Insert into SH2ORANGE31.TAGTYPES (TAG_TYPE_ID,TAG_TYPE,STATUS,CREATED_BY,CREATED_DATE,MODIFIED_BY,MODIFIED_DATE) values (67,'workflow-foundation',1,1,to_date('11-APR-19','DD-MON-RR'),null,null);
Insert into SH2ORANGE31.TAGTYPES (TAG_TYPE_ID,TAG_TYPE,STATUS,CREATED_BY,CREATED_DATE,MODIFIED_BY,MODIFIED_DATE) values (68,'xhtml',1,1,to_date('11-APR-19','DD-MON-RR'),null,null);
Insert into SH2ORANGE31.TAGTYPES (TAG_TYPE_ID,TAG_TYPE,STATUS,CREATED_BY,CREATED_DATE,MODIFIED_BY,MODIFIED_DATE) values (69,'actionscript',1,1,to_date('11-APR-19','DD-MON-RR'),null,null);
Insert into SH2ORANGE31.TAGTYPES (TAG_TYPE_ID,TAG_TYPE,STATUS,CREATED_BY,CREATED_DATE,MODIFIED_BY,MODIFIED_DATE) values (70,'actionscript-3',1,1,to_date('11-APR-19','DD-MON-RR'),null,null);
Insert into SH2ORANGE31.TAGTYPES (TAG_TYPE_ID,TAG_TYPE,STATUS,CREATED_BY,CREATED_DATE,MODIFIED_BY,MODIFIED_DATE) values (71,'active-directory',1,1,to_date('11-APR-19','DD-MON-RR'),null,null);
Insert into SH2ORANGE31.TAGTYPES (TAG_TYPE_ID,TAG_TYPE,STATUS,CREATED_BY,CREATED_DATE,MODIFIED_BY,MODIFIED_DATE) values (72,'activerecord',1,1,to_date('11-APR-19','DD-MON-RR'),null,null);
Insert into SH2ORANGE31.TAGTYPES (TAG_TYPE_ID,TAG_TYPE,STATUS,CREATED_BY,CREATED_DATE,MODIFIED_BY,MODIFIED_DATE) values (73,'algorithm',1,1,to_date('11-APR-19','DD-MON-RR'),null,null);
Insert into SH2ORANGE31.TAGTYPES (TAG_TYPE_ID,TAG_TYPE,STATUS,CREATED_BY,CREATED_DATE,MODIFIED_BY,MODIFIED_DATE) values (74,'anonymous-types',1,1,to_date('11-APR-19','DD-MON-RR'),null,null);
Insert into SH2ORANGE31.TAGTYPES (TAG_TYPE_ID,TAG_TYPE,STATUS,CREATED_BY,CREATED_DATE,MODIFIED_BY,MODIFIED_DATE) values (75,'api',1,1,to_date('11-APR-19','DD-MON-RR'),null,null);
Insert into SH2ORANGE31.TAGTYPES (TAG_TYPE_ID,TAG_TYPE,STATUS,CREATED_BY,CREATED_DATE,MODIFIED_BY,MODIFIED_DATE) values (76,'ascii',1,1,to_date('11-APR-19','DD-MON-RR'),null,null);
Insert into SH2ORANGE31.TAGTYPES (TAG_TYPE_ID,TAG_TYPE,STATUS,CREATED_BY,CREATED_DATE,MODIFIED_BY,MODIFIED_DATE) values (77,'asp.net',1,1,to_date('11-APR-19','DD-MON-RR'),null,null);
Insert into SH2ORANGE31.TAGTYPES (TAG_TYPE_ID,TAG_TYPE,STATUS,CREATED_BY,CREATED_DATE,MODIFIED_BY,MODIFIED_DATE) values (78,'asp.net-mvc-2',1,1,to_date('11-APR-19','DD-MON-RR'),null,null);
Insert into SH2ORANGE31.TAGTYPES (TAG_TYPE_ID,TAG_TYPE,STATUS,CREATED_BY,CREATED_DATE,MODIFIED_BY,MODIFIED_DATE) values (79,'asp.net-mvc-3',1,1,to_date('11-APR-19','DD-MON-RR'),null,null);
Insert into SH2ORANGE31.TAGTYPES (TAG_TYPE_ID,TAG_TYPE,STATUS,CREATED_BY,CREATED_DATE,MODIFIED_BY,MODIFIED_DATE) values (80,'batch-file',1,1,to_date('11-APR-19','DD-MON-RR'),null,null);
Insert into SH2ORANGE31.TAGTYPES (TAG_TYPE_ID,TAG_TYPE,STATUS,CREATED_BY,CREATED_DATE,MODIFIED_BY,MODIFIED_DATE) values (81,'binary',1,1,to_date('11-APR-19','DD-MON-RR'),null,null);
Insert into SH2ORANGE31.TAGTYPES (TAG_TYPE_ID,TAG_TYPE,STATUS,CREATED_BY,CREATED_DATE,MODIFIED_BY,MODIFIED_DATE) values (82,'browser',1,1,to_date('11-APR-19','DD-MON-RR'),null,null);
Insert into SH2ORANGE31.TAGTYPES (TAG_TYPE_ID,TAG_TYPE,STATUS,CREATED_BY,CREATED_DATE,MODIFIED_BY,MODIFIED_DATE) values (83,'core-animation',1,1,to_date('11-APR-19','DD-MON-RR'),null,null);
Insert into SH2ORANGE31.TAGTYPES (TAG_TYPE_ID,TAG_TYPE,STATUS,CREATED_BY,CREATED_DATE,MODIFIED_BY,MODIFIED_DATE) values (84,'core-graphics',1,1,to_date('11-APR-19','DD-MON-RR'),null,null);
Insert into SH2ORANGE31.TAGTYPES (TAG_TYPE_ID,TAG_TYPE,STATUS,CREATED_BY,CREATED_DATE,MODIFIED_BY,MODIFIED_DATE) values (85,'css',1,1,to_date('11-APR-19','DD-MON-RR'),null,null);
Insert into SH2ORANGE31.TAGTYPES (TAG_TYPE_ID,TAG_TYPE,STATUS,CREATED_BY,CREATED_DATE,MODIFIED_BY,MODIFIED_DATE) values (86,'css-selectors',1,1,to_date('11-APR-19','DD-MON-RR'),null,null);
Insert into SH2ORANGE31.TAGTYPES (TAG_TYPE_ID,TAG_TYPE,STATUS,CREATED_BY,CREATED_DATE,MODIFIED_BY,MODIFIED_DATE) values (87,'csv',1,1,to_date('11-APR-19','DD-MON-RR'),null,null);
Insert into SH2ORANGE31.TAGTYPES (TAG_TYPE_ID,TAG_TYPE,STATUS,CREATED_BY,CREATED_DATE,MODIFIED_BY,MODIFIED_DATE) values (88,'decimal',1,1,to_date('11-APR-19','DD-MON-RR'),null,null);
Insert into SH2ORANGE31.TAGTYPES (TAG_TYPE_ID,TAG_TYPE,STATUS,CREATED_BY,CREATED_DATE,MODIFIED_BY,MODIFIED_DATE) values (89,'delphi-2010',1,1,to_date('11-APR-19','DD-MON-RR'),null,null);
Insert into SH2ORANGE31.TAGTYPES (TAG_TYPE_ID,TAG_TYPE,STATUS,CREATED_BY,CREATED_DATE,MODIFIED_BY,MODIFIED_DATE) values (90,'design-patterns',1,1,to_date('11-APR-19','DD-MON-RR'),null,null);
Insert into SH2ORANGE31.TAGTYPES (TAG_TYPE_ID,TAG_TYPE,STATUS,CREATED_BY,CREATED_DATE,MODIFIED_BY,MODIFIED_DATE) values (91,'django-models',1,1,to_date('11-APR-19','DD-MON-RR'),null,null);
Insert into SH2ORANGE31.TAGTYPES (TAG_TYPE_ID,TAG_TYPE,STATUS,CREATED_BY,CREATED_DATE,MODIFIED_BY,MODIFIED_DATE) values (92,'django-templates',1,1,to_date('11-APR-19','DD-MON-RR'),null,null);
Insert into SH2ORANGE31.TAGTYPES (TAG_TYPE_ID,TAG_TYPE,STATUS,CREATED_BY,CREATED_DATE,MODIFIED_BY,MODIFIED_DATE) values (93,'dotnetopenauth',1,1,to_date('11-APR-19','DD-MON-RR'),null,null);
Insert into SH2ORANGE31.TAGTYPES (TAG_TYPE_ID,TAG_TYPE,STATUS,CREATED_BY,CREATED_DATE,MODIFIED_BY,MODIFIED_DATE) values (94,'dvcs',1,1,to_date('11-APR-19','DD-MON-RR'),null,null);
Insert into SH2ORANGE31.TAGTYPES (TAG_TYPE_ID,TAG_TYPE,STATUS,CREATED_BY,CREATED_DATE,MODIFIED_BY,MODIFIED_DATE) values (95,'eclipse',1,1,to_date('11-APR-19','DD-MON-RR'),null,null);
Insert into SH2ORANGE31.TAGTYPES (TAG_TYPE_ID,TAG_TYPE,STATUS,CREATED_BY,CREATED_DATE,MODIFIED_BY,MODIFIED_DATE) values (96,'eclipse-plugin',1,1,to_date('11-APR-19','DD-MON-RR'),null,null);
Insert into SH2ORANGE31.TAGTYPES (TAG_TYPE_ID,TAG_TYPE,STATUS,CREATED_BY,CREATED_DATE,MODIFIED_BY,MODIFIED_DATE) values (97,'ejb-3.0',1,1,to_date('11-APR-19','DD-MON-RR'),null,null);
Insert into SH2ORANGE31.TAGTYPES (TAG_TYPE_ID,TAG_TYPE,STATUS,CREATED_BY,CREATED_DATE,MODIFIED_BY,MODIFIED_DATE) values (98,'exception',1,1,to_date('11-APR-19','DD-MON-RR'),null,null);
Insert into SH2ORANGE31.TAGTYPES (TAG_TYPE_ID,TAG_TYPE,STATUS,CREATED_BY,CREATED_DATE,MODIFIED_BY,MODIFIED_DATE) values (99,'expression-trees',1,1,to_date('11-APR-19','DD-MON-RR'),null,null);
Insert into SH2ORANGE31.TAGTYPES (TAG_TYPE_ID,TAG_TYPE,STATUS,CREATED_BY,CREATED_DATE,MODIFIED_BY,MODIFIED_DATE) values (100,'file-io',1,1,to_date('11-APR-19','DD-MON-RR'),null,null);
Insert into SH2ORANGE31.TAGTYPES (TAG_TYPE_ID,TAG_TYPE,STATUS,CREATED_BY,CREATED_DATE,MODIFIED_BY,MODIFIED_DATE) values (101,'firebird',1,1,to_date('11-APR-19','DD-MON-RR'),null,null);
Insert into SH2ORANGE31.TAGTYPES (TAG_TYPE_ID,TAG_TYPE,STATUS,CREATED_BY,CREATED_DATE,MODIFIED_BY,MODIFIED_DATE) values (102,'firefox',1,1,to_date('11-APR-19','DD-MON-RR'),null,null);
Insert into SH2ORANGE31.TAGTYPES (TAG_TYPE_ID,TAG_TYPE,STATUS,CREATED_BY,CREATED_DATE,MODIFIED_BY,MODIFIED_DATE) values (103,'foreach',1,1,to_date('11-APR-19','DD-MON-RR'),null,null);
Insert into SH2ORANGE31.TAGTYPES (TAG_TYPE_ID,TAG_TYPE,STATUS,CREATED_BY,CREATED_DATE,MODIFIED_BY,MODIFIED_DATE) values (104,'formatting',1,1,to_date('11-APR-19','DD-MON-RR'),null,null);
Insert into SH2ORANGE31.TAGTYPES (TAG_TYPE_ID,TAG_TYPE,STATUS,CREATED_BY,CREATED_DATE,MODIFIED_BY,MODIFIED_DATE) values (105,'g++',1,1,to_date('11-APR-19','DD-MON-RR'),null,null);
Insert into SH2ORANGE31.TAGTYPES (TAG_TYPE_ID,TAG_TYPE,STATUS,CREATED_BY,CREATED_DATE,MODIFIED_BY,MODIFIED_DATE) values (106,'iframe',1,1,to_date('11-APR-19','DD-MON-RR'),null,null);
Insert into SH2ORANGE31.TAGTYPES (TAG_TYPE_ID,TAG_TYPE,STATUS,CREATED_BY,CREATED_DATE,MODIFIED_BY,MODIFIED_DATE) values (107,'image',1,1,to_date('11-APR-19','DD-MON-RR'),null,null);
Insert into SH2ORANGE31.TAGTYPES (TAG_TYPE_ID,TAG_TYPE,STATUS,CREATED_BY,CREATED_DATE,MODIFIED_BY,MODIFIED_DATE) values (108,'import',1,1,to_date('11-APR-19','DD-MON-RR'),null,null);
Insert into SH2ORANGE31.TAGTYPES (TAG_TYPE_ID,TAG_TYPE,STATUS,CREATED_BY,CREATED_DATE,MODIFIED_BY,MODIFIED_DATE) values (109,'internet-explorer',1,1,to_date('11-APR-19','DD-MON-RR'),null,null);
Insert into SH2ORANGE31.TAGTYPES (TAG_TYPE_ID,TAG_TYPE,STATUS,CREATED_BY,CREATED_DATE,MODIFIED_BY,MODIFIED_DATE) values (110,'Investor',1,1,to_date('11-APR-19','DD-MON-RR'),null,null);
Insert into SH2ORANGE31.TAGTYPES (TAG_TYPE_ID,TAG_TYPE,STATUS,CREATED_BY,CREATED_DATE,MODIFIED_BY,MODIFIED_DATE) values (111,'io',1,1,to_date('11-APR-19','DD-MON-RR'),null,null);
Insert into SH2ORANGE31.TAGTYPES (TAG_TYPE_ID,TAG_TYPE,STATUS,CREATED_BY,CREATED_DATE,MODIFIED_BY,MODIFIED_DATE) values (112,'iphone',1,1,to_date('11-APR-19','DD-MON-RR'),null,null);
Insert into SH2ORANGE31.TAGTYPES (TAG_TYPE_ID,TAG_TYPE,STATUS,CREATED_BY,CREATED_DATE,MODIFIED_BY,MODIFIED_DATE) values (113,'java',1,1,to_date('11-APR-19','DD-MON-RR'),null,null);
Insert into SH2ORANGE31.TAGTYPES (TAG_TYPE_ID,TAG_TYPE,STATUS,CREATED_BY,CREATED_DATE,MODIFIED_BY,MODIFIED_DATE) values (114,'jboss',1,1,to_date('11-APR-19','DD-MON-RR'),null,null);
Insert into SH2ORANGE31.TAGTYPES (TAG_TYPE_ID,TAG_TYPE,STATUS,CREATED_BY,CREATED_DATE,MODIFIED_BY,MODIFIED_DATE) values (115,'jquery',1,1,to_date('11-APR-19','DD-MON-RR'),null,null);
Insert into SH2ORANGE31.TAGTYPES (TAG_TYPE_ID,TAG_TYPE,STATUS,CREATED_BY,CREATED_DATE,MODIFIED_BY,MODIFIED_DATE) values (116,'jquery-plugins',1,1,to_date('11-APR-19','DD-MON-RR'),null,null);
Insert into SH2ORANGE31.TAGTYPES (TAG_TYPE_ID,TAG_TYPE,STATUS,CREATED_BY,CREATED_DATE,MODIFIED_BY,MODIFIED_DATE) values (117,'jquery-selectors',1,1,to_date('11-APR-19','DD-MON-RR'),null,null);
Insert into SH2ORANGE31.TAGTYPES (TAG_TYPE_ID,TAG_TYPE,STATUS,CREATED_BY,CREATED_DATE,MODIFIED_BY,MODIFIED_DATE) values (118,'jvm',1,1,to_date('11-APR-19','DD-MON-RR'),null,null);
Insert into SH2ORANGE31.TAGTYPES (TAG_TYPE_ID,TAG_TYPE,STATUS,CREATED_BY,CREATED_DATE,MODIFIED_BY,MODIFIED_DATE) values (119,'linux',1,1,to_date('11-APR-19','DD-MON-RR'),null,null);
Insert into SH2ORANGE31.TAGTYPES (TAG_TYPE_ID,TAG_TYPE,STATUS,CREATED_BY,CREATED_DATE,MODIFIED_BY,MODIFIED_DATE) values (120,'magento',1,1,to_date('11-APR-19','DD-MON-RR'),null,null);
Insert into SH2ORANGE31.TAGTYPES (TAG_TYPE_ID,TAG_TYPE,STATUS,CREATED_BY,CREATED_DATE,MODIFIED_BY,MODIFIED_DATE) values (121,'math',1,1,to_date('11-APR-19','DD-MON-RR'),null,null);
Insert into SH2ORANGE31.TAGTYPES (TAG_TYPE_ID,TAG_TYPE,STATUS,CREATED_BY,CREATED_DATE,MODIFIED_BY,MODIFIED_DATE) values (122,'matrix',1,1,to_date('11-APR-19','DD-MON-RR'),null,null);
Insert into SH2ORANGE31.TAGTYPES (TAG_TYPE_ID,TAG_TYPE,STATUS,CREATED_BY,CREATED_DATE,MODIFIED_BY,MODIFIED_DATE) values (123,'ms-access-2007',1,1,to_date('11-APR-19','DD-MON-RR'),null,null);
Insert into SH2ORANGE31.TAGTYPES (TAG_TYPE_ID,TAG_TYPE,STATUS,CREATED_BY,CREATED_DATE,MODIFIED_BY,MODIFIED_DATE) values (124,'msbuild',1,1,to_date('11-APR-19','DD-MON-RR'),null,null);
Insert into SH2ORANGE31.TAGTYPES (TAG_TYPE_ID,TAG_TYPE,STATUS,CREATED_BY,CREATED_DATE,MODIFIED_BY,MODIFIED_DATE) values (125,'mvvm',1,1,to_date('11-APR-19','DD-MON-RR'),null,null);
Insert into SH2ORANGE31.TAGTYPES (TAG_TYPE_ID,TAG_TYPE,STATUS,CREATED_BY,CREATED_DATE,MODIFIED_BY,MODIFIED_DATE) values (126,'namespaces',1,1,to_date('11-APR-19','DD-MON-RR'),null,null);
Insert into SH2ORANGE31.TAGTYPES (TAG_TYPE_ID,TAG_TYPE,STATUS,CREATED_BY,CREATED_DATE,MODIFIED_BY,MODIFIED_DATE) values (127,'node.js',1,1,to_date('11-APR-19','DD-MON-RR'),null,null);
Insert into SH2ORANGE31.TAGTYPES (TAG_TYPE_ID,TAG_TYPE,STATUS,CREATED_BY,CREATED_DATE,MODIFIED_BY,MODIFIED_DATE) values (128,'null',1,1,to_date('11-APR-19','DD-MON-RR'),null,null);
Insert into SH2ORANGE31.TAGTYPES (TAG_TYPE_ID,TAG_TYPE,STATUS,CREATED_BY,CREATED_DATE,MODIFIED_BY,MODIFIED_DATE) values (129,'object',1,1,to_date('11-APR-19','DD-MON-RR'),null,null);
Insert into SH2ORANGE31.TAGTYPES (TAG_TYPE_ID,TAG_TYPE,STATUS,CREATED_BY,CREATED_DATE,MODIFIED_BY,MODIFIED_DATE) values (130,'operator-overloading',1,1,to_date('11-APR-19','DD-MON-RR'),null,null);
Insert into SH2ORANGE31.TAGTYPES (TAG_TYPE_ID,TAG_TYPE,STATUS,CREATED_BY,CREATED_DATE,MODIFIED_BY,MODIFIED_DATE) values (131,'operators',1,1,to_date('11-APR-19','DD-MON-RR'),null,null);
Insert into SH2ORANGE31.TAGTYPES (TAG_TYPE_ID,TAG_TYPE,STATUS,CREATED_BY,CREATED_DATE,MODIFIED_BY,MODIFIED_DATE) values (132,'optimization',1,1,to_date('11-APR-19','DD-MON-RR'),null,null);
Insert into SH2ORANGE31.TAGTYPES (TAG_TYPE_ID,TAG_TYPE,STATUS,CREATED_BY,CREATED_DATE,MODIFIED_BY,MODIFIED_DATE) values (133,'oracle10g',1,1,to_date('11-APR-19','DD-MON-RR'),null,null);
Insert into SH2ORANGE31.TAGTYPES (TAG_TYPE_ID,TAG_TYPE,STATUS,CREATED_BY,CREATED_DATE,MODIFIED_BY,MODIFIED_DATE) values (134,'overloading',1,1,to_date('11-APR-19','DD-MON-RR'),null,null);
Insert into SH2ORANGE31.TAGTYPES (TAG_TYPE_ID,TAG_TYPE,STATUS,CREATED_BY,CREATED_DATE,MODIFIED_BY,MODIFIED_DATE) values (135,'pass-by-reference',1,1,to_date('11-APR-19','DD-MON-RR'),null,null);
Insert into SH2ORANGE31.TAGTYPES (TAG_TYPE_ID,TAG_TYPE,STATUS,CREATED_BY,CREATED_DATE,MODIFIED_BY,MODIFIED_DATE) values (136,'scrum',1,1,to_date('11-APR-19','DD-MON-RR'),null,null);
Insert into SH2ORANGE31.TAGTYPES (TAG_TYPE_ID,TAG_TYPE,STATUS,CREATED_BY,CREATED_DATE,MODIFIED_BY,MODIFIED_DATE) values (137,'sql-server-2000',1,1,to_date('11-APR-19','DD-MON-RR'),null,null);
Insert into SH2ORANGE31.TAGTYPES (TAG_TYPE_ID,TAG_TYPE,STATUS,CREATED_BY,CREATED_DATE,MODIFIED_BY,MODIFIED_DATE) values (138,'ssl',1,1,to_date('11-APR-19','DD-MON-RR'),null,null);
Insert into SH2ORANGE31.TAGTYPES (TAG_TYPE_ID,TAG_TYPE,STATUS,CREATED_BY,CREATED_DATE,MODIFIED_BY,MODIFIED_DATE) values (139,'unix',1,1,to_date('11-APR-19','DD-MON-RR'),null,null);
Insert into SH2ORANGE31.TAGTYPES (TAG_TYPE_ID,TAG_TYPE,STATUS,CREATED_BY,CREATED_DATE,MODIFIED_BY,MODIFIED_DATE) values (140,'utf-8',1,1,to_date('11-APR-19','DD-MON-RR'),null,null);
Insert into SH2ORANGE31.TAGTYPES (TAG_TYPE_ID,TAG_TYPE,STATUS,CREATED_BY,CREATED_DATE,MODIFIED_BY,MODIFIED_DATE) values (141,'vim',1,1,to_date('11-APR-19','DD-MON-RR'),null,null);
Insert into SH2ORANGE31.TAGTYPES (TAG_TYPE_ID,TAG_TYPE,STATUS,CREATED_BY,CREATED_DATE,MODIFIED_BY,MODIFIED_DATE) values (142,'visual-studio-2008',1,1,to_date('11-APR-19','DD-MON-RR'),null,null);
Insert into SH2ORANGE31.TAGTYPES (TAG_TYPE_ID,TAG_TYPE,STATUS,CREATED_BY,CREATED_DATE,MODIFIED_BY,MODIFIED_DATE) values (143,'wcf-binding',1,1,to_date('11-APR-19','DD-MON-RR'),null,null);
Insert into SH2ORANGE31.TAGTYPES (TAG_TYPE_ID,TAG_TYPE,STATUS,CREATED_BY,CREATED_DATE,MODIFIED_BY,MODIFIED_DATE) values (144,'weblogic',1,1,to_date('11-APR-19','DD-MON-RR'),null,null);
Insert into SH2ORANGE31.TAGTYPES (TAG_TYPE_ID,TAG_TYPE,STATUS,CREATED_BY,CREATED_DATE,MODIFIED_BY,MODIFIED_DATE) values (145,'windows',1,1,to_date('11-APR-19','DD-MON-RR'),null,null);
Insert into SH2ORANGE31.TAGTYPES (TAG_TYPE_ID,TAG_TYPE,STATUS,CREATED_BY,CREATED_DATE,MODIFIED_BY,MODIFIED_DATE) values (146,'windows-7',1,1,to_date('11-APR-19','DD-MON-RR'),null,null);
Insert into SH2ORANGE31.TAGTYPES (TAG_TYPE_ID,TAG_TYPE,STATUS,CREATED_BY,CREATED_DATE,MODIFIED_BY,MODIFIED_DATE) values (147,'winforms',1,1,to_date('11-APR-19','DD-MON-RR'),null,null);
Insert into SH2ORANGE31.TAGTYPES (TAG_TYPE_ID,TAG_TYPE,STATUS,CREATED_BY,CREATED_DATE,MODIFIED_BY,MODIFIED_DATE) values (148,'wordpress',1,1,to_date('11-APR-19','DD-MON-RR'),null,null);
Insert into SH2ORANGE31.TAGTYPES (TAG_TYPE_ID,TAG_TYPE,STATUS,CREATED_BY,CREATED_DATE,MODIFIED_BY,MODIFIED_DATE) values (149,'xaml',1,1,to_date('11-APR-19','DD-MON-RR'),null,null);
Insert into SH2ORANGE31.TAGTYPES (TAG_TYPE_ID,TAG_TYPE,STATUS,CREATED_BY,CREATED_DATE,MODIFIED_BY,MODIFIED_DATE) values (150,'xcode',1,1,to_date('11-APR-19','DD-MON-RR'),null,null);
Insert into SH2ORANGE31.TAGTYPES (TAG_TYPE_ID,TAG_TYPE,STATUS,CREATED_BY,CREATED_DATE,MODIFIED_BY,MODIFIED_DATE) values (151,'xsd',1,1,to_date('11-APR-19','DD-MON-RR'),null,null);
Insert into SH2ORANGE31.TAGTYPES (TAG_TYPE_ID,TAG_TYPE,STATUS,CREATED_BY,CREATED_DATE,MODIFIED_BY,MODIFIED_DATE) values (152,'zend-framework',1,1,to_date('11-APR-19','DD-MON-RR'),null,null);
Insert into SH2ORANGE31.TAGTYPES (TAG_TYPE_ID,TAG_TYPE,STATUS,CREATED_BY,CREATED_DATE,MODIFIED_BY,MODIFIED_DATE) values (153,'.net-3.5',1,1,to_date('11-APR-19','DD-MON-RR'),null,null);
Insert into SH2ORANGE31.TAGTYPES (TAG_TYPE_ID,TAG_TYPE,STATUS,CREATED_BY,CREATED_DATE,MODIFIED_BY,MODIFIED_DATE) values (154,'.net-4.0',1,1,to_date('11-APR-19','DD-MON-RR'),null,null);
Insert into SH2ORANGE31.TAGTYPES (TAG_TYPE_ID,TAG_TYPE,STATUS,CREATED_BY,CREATED_DATE,MODIFIED_BY,MODIFIED_DATE) values (155,'abstract-class',1,1,to_date('11-APR-19','DD-MON-RR'),null,null);
Insert into SH2ORANGE31.TAGTYPES (TAG_TYPE_ID,TAG_TYPE,STATUS,CREATED_BY,CREATED_DATE,MODIFIED_BY,MODIFIED_DATE) values (156,'agile',1,1,to_date('11-APR-19','DD-MON-RR'),null,null);
Insert into SH2ORANGE31.TAGTYPES (TAG_TYPE_ID,TAG_TYPE,STATUS,CREATED_BY,CREATED_DATE,MODIFIED_BY,MODIFIED_DATE) values (157,'arraylist',1,1,to_date('11-APR-19','DD-MON-RR'),null,null);
Insert into SH2ORANGE31.TAGTYPES (TAG_TYPE_ID,TAG_TYPE,STATUS,CREATED_BY,CREATED_DATE,MODIFIED_BY,MODIFIED_DATE) values (158,'asp.net-mvc',1,1,to_date('11-APR-19','DD-MON-RR'),null,null);
Insert into SH2ORANGE31.TAGTYPES (TAG_TYPE_ID,TAG_TYPE,STATUS,CREATED_BY,CREATED_DATE,MODIFIED_BY,MODIFIED_DATE) values (159,'azure',1,1,to_date('11-APR-19','DD-MON-RR'),null,null);
Insert into SH2ORANGE31.TAGTYPES (TAG_TYPE_ID,TAG_TYPE,STATUS,CREATED_BY,CREATED_DATE,MODIFIED_BY,MODIFIED_DATE) values (160,'entity-framework-4',1,1,to_date('11-APR-19','DD-MON-RR'),null,null);
Insert into SH2ORANGE31.TAGTYPES (TAG_TYPE_ID,TAG_TYPE,STATUS,CREATED_BY,CREATED_DATE,MODIFIED_BY,MODIFIED_DATE) values (161,'events',1,1,to_date('11-APR-19','DD-MON-RR'),null,null);
Insert into SH2ORANGE31.TAGTYPES (TAG_TYPE_ID,TAG_TYPE,STATUS,CREATED_BY,CREATED_DATE,MODIFIED_BY,MODIFIED_DATE) values (162,'facebook',1,1,to_date('11-APR-19','DD-MON-RR'),null,null);
REM INSERTING into SH2ORANGE31.USERSDETAILS
SET DEFINE OFF;
Insert into SH2ORANGE31.USERSDETAILS (USER_ID,USER_CODE,NAME1,NAME2,USER_TYPE,STATUS,CREATED_DATE,MODIFIED_BY,MODIFIED_DATE,DESCRIPTION,AGE,DISPLAY_NAME,LAST_ACCESS_DATE,REPUTATION,VIEWERS,WEBSITE_URL,PARENT_ID) values (2,'Rem30','Remsheed',null,2,1,to_date('25-APR-19','DD-MON-RR'),null,null,null,null,'Remsheed',to_date('25-APR-19','DD-MON-RR'),null,null,null,null);
Insert into SH2ORANGE31.USERSDETAILS (USER_ID,USER_CODE,NAME1,NAME2,USER_TYPE,STATUS,CREATED_DATE,MODIFIED_BY,MODIFIED_DATE,DESCRIPTION,AGE,DISPLAY_NAME,LAST_ACCESS_DATE,REPUTATION,VIEWERS,WEBSITE_URL,PARENT_ID) values (3,'Sha30','Shanavas',null,2,1,to_date('25-APR-19','DD-MON-RR'),null,null,null,null,'Shanavas',to_date('25-APR-19','DD-MON-RR'),null,null,null,null);
Insert into SH2ORANGE31.USERSDETAILS (USER_ID,USER_CODE,NAME1,NAME2,USER_TYPE,STATUS,CREATED_DATE,MODIFIED_BY,MODIFIED_DATE,DESCRIPTION,AGE,DISPLAY_NAME,LAST_ACCESS_DATE,REPUTATION,VIEWERS,WEBSITE_URL,PARENT_ID) values (4,'Fai33','Faisal','Habbeb',2,1,to_date('25-APR-19','DD-MON-RR'),null,null,null,null,'Faisal',to_date('25-APR-19','DD-MON-RR'),null,null,null,null);
Insert into SH2ORANGE31.USERSDETAILS (USER_ID,USER_CODE,NAME1,NAME2,USER_TYPE,STATUS,CREATED_DATE,MODIFIED_BY,MODIFIED_DATE,DESCRIPTION,AGE,DISPLAY_NAME,LAST_ACCESS_DATE,REPUTATION,VIEWERS,WEBSITE_URL,PARENT_ID) values (5,'Aad33','Aadheeb',null,2,1,to_date('25-APR-19','DD-MON-RR'),null,null,null,null,'Aadheeb',to_date('25-APR-19','DD-MON-RR'),null,null,null,null);
Insert into SH2ORANGE31.USERSDETAILS (USER_ID,USER_CODE,NAME1,NAME2,USER_TYPE,STATUS,CREATED_DATE,MODIFIED_BY,MODIFIED_DATE,DESCRIPTION,AGE,DISPLAY_NAME,LAST_ACCESS_DATE,REPUTATION,VIEWERS,WEBSITE_URL,PARENT_ID) values (6,'Moj50','Mojish',null,2,1,to_date('25-APR-19','DD-MON-RR'),null,null,null,null,'Mojish',to_date('25-APR-19','DD-MON-RR'),null,null,null,null);
Insert into SH2ORANGE31.USERSDETAILS (USER_ID,USER_CODE,NAME1,NAME2,USER_TYPE,STATUS,CREATED_DATE,MODIFIED_BY,MODIFIED_DATE,DESCRIPTION,AGE,DISPLAY_NAME,LAST_ACCESS_DATE,REPUTATION,VIEWERS,WEBSITE_URL,PARENT_ID) values (7,'Abh50','Abhilash',null,2,1,to_date('25-APR-19','DD-MON-RR'),null,null,null,null,'Abhilash',to_date('25-APR-19','DD-MON-RR'),null,null,null,null);
Insert into SH2ORANGE31.USERSDETAILS (USER_ID,USER_CODE,NAME1,NAME2,USER_TYPE,STATUS,CREATED_DATE,MODIFIED_BY,MODIFIED_DATE,DESCRIPTION,AGE,DISPLAY_NAME,LAST_ACCESS_DATE,REPUTATION,VIEWERS,WEBSITE_URL,PARENT_ID) values (10,'Fal50','Falah',null,2,1,to_date('26-APR-19','DD-MON-RR'),null,null,null,null,'Falah',to_date('26-APR-19','DD-MON-RR'),null,null,null,null);
Insert into SH2ORANGE31.USERSDETAILS (USER_ID,USER_CODE,NAME1,NAME2,USER_TYPE,STATUS,CREATED_DATE,MODIFIED_BY,MODIFIED_DATE,DESCRIPTION,AGE,DISPLAY_NAME,LAST_ACCESS_DATE,REPUTATION,VIEWERS,WEBSITE_URL,PARENT_ID) values (24,'Rah55','Rahul',null,2,1,to_date('26-APR-19','DD-MON-RR'),null,null,null,null,'Rahul',to_date('26-APR-19','DD-MON-RR'),null,null,null,null);
Insert into SH2ORANGE31.USERSDETAILS (USER_ID,USER_CODE,NAME1,NAME2,USER_TYPE,STATUS,CREATED_DATE,MODIFIED_BY,MODIFIED_DATE,DESCRIPTION,AGE,DISPLAY_NAME,LAST_ACCESS_DATE,REPUTATION,VIEWERS,WEBSITE_URL,PARENT_ID) values (13,'Dip55','Dipu',null,2,1,to_date('26-APR-19','DD-MON-RR'),null,null,null,null,'Dipu',to_date('26-APR-19','DD-MON-RR'),null,null,null,null);
Insert into SH2ORANGE31.USERSDETAILS (USER_ID,USER_CODE,NAME1,NAME2,USER_TYPE,STATUS,CREATED_DATE,MODIFIED_BY,MODIFIED_DATE,DESCRIPTION,AGE,DISPLAY_NAME,LAST_ACCESS_DATE,REPUTATION,VIEWERS,WEBSITE_URL,PARENT_ID) values (22,'Har66','Hari',null,2,1,to_date('26-APR-19','DD-MON-RR'),null,null,null,null,'Hari',to_date('26-APR-19','DD-MON-RR'),null,null,null,null);
Insert into SH2ORANGE31.USERSDETAILS (USER_ID,USER_CODE,NAME1,NAME2,USER_TYPE,STATUS,CREATED_DATE,MODIFIED_BY,MODIFIED_DATE,DESCRIPTION,AGE,DISPLAY_NAME,LAST_ACCESS_DATE,REPUTATION,VIEWERS,WEBSITE_URL,PARENT_ID) values (16,'Ali74','Ali',null,2,1,to_date('26-APR-19','DD-MON-RR'),null,null,null,null,'Ali',to_date('26-APR-19','DD-MON-RR'),null,null,null,null);
Insert into SH2ORANGE31.USERSDETAILS (USER_ID,USER_CODE,NAME1,NAME2,USER_TYPE,STATUS,CREATED_DATE,MODIFIED_BY,MODIFIED_DATE,DESCRIPTION,AGE,DISPLAY_NAME,LAST_ACCESS_DATE,REPUTATION,VIEWERS,WEBSITE_URL,PARENT_ID) values (18,'Adu77','Adul',null,2,1,to_date('26-APR-19','DD-MON-RR'),null,null,null,null,'Adul',to_date('26-APR-19','DD-MON-RR'),null,null,null,null);
Insert into SH2ORANGE31.USERSDETAILS (USER_ID,USER_CODE,NAME1,NAME2,USER_TYPE,STATUS,CREATED_DATE,MODIFIED_BY,MODIFIED_DATE,DESCRIPTION,AGE,DISPLAY_NAME,LAST_ACCESS_DATE,REPUTATION,VIEWERS,WEBSITE_URL,PARENT_ID) values (27,'Riy77','Riyas',null,2,1,to_date('26-APR-19','DD-MON-RR'),null,null,null,null,'Riyas',to_date('26-APR-19','DD-MON-RR'),null,null,null,null);
Insert into SH2ORANGE31.USERSDETAILS (USER_ID,USER_CODE,NAME1,NAME2,USER_TYPE,STATUS,CREATED_DATE,MODIFIED_BY,MODIFIED_DATE,DESCRIPTION,AGE,DISPLAY_NAME,LAST_ACCESS_DATE,REPUTATION,VIEWERS,WEBSITE_URL,PARENT_ID) values (8,'Jin70','Jinu',null,2,1,to_date('26-APR-19','DD-MON-RR'),null,null,null,null,'Jinu',to_date('26-APR-19','DD-MON-RR'),null,null,null,null);
Insert into SH2ORANGE31.USERSDETAILS (USER_ID,USER_CODE,NAME1,NAME2,USER_TYPE,STATUS,CREATED_DATE,MODIFIED_BY,MODIFIED_DATE,DESCRIPTION,AGE,DISPLAY_NAME,LAST_ACCESS_DATE,REPUTATION,VIEWERS,WEBSITE_URL,PARENT_ID) values (20,'Sub81','Subin','Peruvalloor',2,1,to_date('26-APR-19','DD-MON-RR'),null,null,null,null,'Subin',to_date('26-APR-19','DD-MON-RR'),null,null,null,null);
Insert into SH2ORANGE31.USERSDETAILS (USER_ID,USER_CODE,NAME1,NAME2,USER_TYPE,STATUS,CREATED_DATE,MODIFIED_BY,MODIFIED_DATE,DESCRIPTION,AGE,DISPLAY_NAME,LAST_ACCESS_DATE,REPUTATION,VIEWERS,WEBSITE_URL,PARENT_ID) values (11,'Pra81','Prasanth',null,2,1,to_date('26-APR-19','DD-MON-RR'),null,null,null,null,'Prasanth',to_date('26-APR-19','DD-MON-RR'),null,null,null,null);
Insert into SH2ORANGE31.USERSDETAILS (USER_ID,USER_CODE,NAME1,NAME2,USER_TYPE,STATUS,CREATED_DATE,MODIFIED_BY,MODIFIED_DATE,DESCRIPTION,AGE,DISPLAY_NAME,LAST_ACCESS_DATE,REPUTATION,VIEWERS,WEBSITE_URL,PARENT_ID) values (12,'Jef82','Jeffy',null,2,1,to_date('26-APR-19','DD-MON-RR'),null,null,null,null,'Jeffy',to_date('26-APR-19','DD-MON-RR'),null,null,null,null);
Insert into SH2ORANGE31.USERSDETAILS (USER_ID,USER_CODE,NAME1,NAME2,USER_TYPE,STATUS,CREATED_DATE,MODIFIED_BY,MODIFIED_DATE,DESCRIPTION,AGE,DISPLAY_NAME,LAST_ACCESS_DATE,REPUTATION,VIEWERS,WEBSITE_URL,PARENT_ID) values (21,'Cib89','Cibin',null,2,1,to_date('26-APR-19','DD-MON-RR'),null,null,null,null,'Cibin',to_date('26-APR-19','DD-MON-RR'),null,null,null,null);
Insert into SH2ORANGE31.USERSDETAILS (USER_ID,USER_CODE,NAME1,NAME2,USER_TYPE,STATUS,CREATED_DATE,MODIFIED_BY,MODIFIED_DATE,DESCRIPTION,AGE,DISPLAY_NAME,LAST_ACCESS_DATE,REPUTATION,VIEWERS,WEBSITE_URL,PARENT_ID) values (14,'Smi89','Smitha',null,2,1,to_date('26-APR-19','DD-MON-RR'),null,null,null,null,'Smitha',to_date('26-APR-19','DD-MON-RR'),null,null,null,null);
Insert into SH2ORANGE31.USERSDETAILS (USER_ID,USER_CODE,NAME1,NAME2,USER_TYPE,STATUS,CREATED_DATE,MODIFIED_BY,MODIFIED_DATE,DESCRIPTION,AGE,DISPLAY_NAME,LAST_ACCESS_DATE,REPUTATION,VIEWERS,WEBSITE_URL,PARENT_ID) values (15,'Nik89','Nikhil','John',2,1,to_date('26-APR-19','DD-MON-RR'),null,null,null,null,'Nikhil',to_date('26-APR-19','DD-MON-RR'),null,null,null,null);
Insert into SH2ORANGE31.USERSDETAILS (USER_ID,USER_CODE,NAME1,NAME2,USER_TYPE,STATUS,CREATED_DATE,MODIFIED_BY,MODIFIED_DATE,DESCRIPTION,AGE,DISPLAY_NAME,LAST_ACCESS_DATE,REPUTATION,VIEWERS,WEBSITE_URL,PARENT_ID) values (25,'Mub90','Mubarak',null,2,1,to_date('26-APR-19','DD-MON-RR'),null,null,null,null,'Mubarak',to_date('26-APR-19','DD-MON-RR'),null,null,null,null);
Insert into SH2ORANGE31.USERSDETAILS (USER_ID,USER_CODE,NAME1,NAME2,USER_TYPE,STATUS,CREATED_DATE,MODIFIED_BY,MODIFIED_DATE,DESCRIPTION,AGE,DISPLAY_NAME,LAST_ACCESS_DATE,REPUTATION,VIEWERS,WEBSITE_URL,PARENT_ID) values (17,'Sou94','Soummya',null,2,1,to_date('26-APR-19','DD-MON-RR'),null,null,null,null,'Soummya',to_date('26-APR-19','DD-MON-RR'),null,null,null,null);
Insert into SH2ORANGE31.USERSDETAILS (USER_ID,USER_CODE,NAME1,NAME2,USER_TYPE,STATUS,CREATED_DATE,MODIFIED_BY,MODIFIED_DATE,DESCRIPTION,AGE,DISPLAY_NAME,LAST_ACCESS_DATE,REPUTATION,VIEWERS,WEBSITE_URL,PARENT_ID) values (26,'Joy94','Joy',null,2,1,to_date('26-APR-19','DD-MON-RR'),null,null,null,null,'Joy',to_date('26-APR-19','DD-MON-RR'),null,null,null,null);
Insert into SH2ORANGE31.USERSDETAILS (USER_ID,USER_CODE,NAME1,NAME2,USER_TYPE,STATUS,CREATED_DATE,MODIFIED_BY,MODIFIED_DATE,DESCRIPTION,AGE,DISPLAY_NAME,LAST_ACCESS_DATE,REPUTATION,VIEWERS,WEBSITE_URL,PARENT_ID) values (19,'Gog94','Gogul',null,2,1,to_date('26-APR-19','DD-MON-RR'),null,null,null,null,'Gogul',to_date('26-APR-19','DD-MON-RR'),null,null,null,null);
Insert into SH2ORANGE31.USERSDETAILS (USER_ID,USER_CODE,NAME1,NAME2,USER_TYPE,STATUS,CREATED_DATE,MODIFIED_BY,MODIFIED_DATE,DESCRIPTION,AGE,DISPLAY_NAME,LAST_ACCESS_DATE,REPUTATION,VIEWERS,WEBSITE_URL,PARENT_ID) values (28,'Jit94','Jithin	',null,2,1,to_date('27-APR-19','DD-MON-RR'),null,null,null,null,'Jithin	',to_date('27-APR-19','DD-MON-RR'),null,null,null,null);
Insert into SH2ORANGE31.USERSDETAILS (USER_ID,USER_CODE,NAME1,NAME2,USER_TYPE,STATUS,CREATED_DATE,MODIFIED_BY,MODIFIED_DATE,DESCRIPTION,AGE,DISPLAY_NAME,LAST_ACCESS_DATE,REPUTATION,VIEWERS,WEBSITE_URL,PARENT_ID) values (29,'Sou95','Soumya	',null,2,1,to_date('27-APR-19','DD-MON-RR'),null,null,null,null,'Soumya	',to_date('27-APR-19','DD-MON-RR'),null,null,null,null);
Insert into SH2ORANGE31.USERSDETAILS (USER_ID,USER_CODE,NAME1,NAME2,USER_TYPE,STATUS,CREATED_DATE,MODIFIED_BY,MODIFIED_DATE,DESCRIPTION,AGE,DISPLAY_NAME,LAST_ACCESS_DATE,REPUTATION,VIEWERS,WEBSITE_URL,PARENT_ID) values (30,'Sun95','Suneesh',null,2,1,to_date('27-APR-19','DD-MON-RR'),null,null,null,null,'Suneesh',to_date('27-APR-19','DD-MON-RR'),null,null,null,null);
Insert into SH2ORANGE31.USERSDETAILS (USER_ID,USER_CODE,NAME1,NAME2,USER_TYPE,STATUS,CREATED_DATE,MODIFIED_BY,MODIFIED_DATE,DESCRIPTION,AGE,DISPLAY_NAME,LAST_ACCESS_DATE,REPUTATION,VIEWERS,WEBSITE_URL,PARENT_ID) values (31,'Rij95','Rijo 	',null,2,1,to_date('27-APR-19','DD-MON-RR'),null,null,null,null,'Rijo 	',to_date('27-APR-19','DD-MON-RR'),null,null,null,null);
Insert into SH2ORANGE31.USERSDETAILS (USER_ID,USER_CODE,NAME1,NAME2,USER_TYPE,STATUS,CREATED_DATE,MODIFIED_BY,MODIFIED_DATE,DESCRIPTION,AGE,DISPLAY_NAME,LAST_ACCESS_DATE,REPUTATION,VIEWERS,WEBSITE_URL,PARENT_ID) values (32,'Anj95','Anju 	',null,2,1,to_date('27-APR-19','DD-MON-RR'),null,null,null,null,'Anju 	',to_date('27-APR-19','DD-MON-RR'),null,null,null,null);
Insert into SH2ORANGE31.USERSDETAILS (USER_ID,USER_CODE,NAME1,NAME2,USER_TYPE,STATUS,CREATED_DATE,MODIFIED_BY,MODIFIED_DATE,DESCRIPTION,AGE,DISPLAY_NAME,LAST_ACCESS_DATE,REPUTATION,VIEWERS,WEBSITE_URL,PARENT_ID) values (33,'Has95','Hashim',null,2,1,to_date('27-APR-19','DD-MON-RR'),null,null,null,null,'Hashim',to_date('27-APR-19','DD-MON-RR'),null,null,null,null);
Insert into SH2ORANGE31.USERSDETAILS (USER_ID,USER_CODE,NAME1,NAME2,USER_TYPE,STATUS,CREATED_DATE,MODIFIED_BY,MODIFIED_DATE,DESCRIPTION,AGE,DISPLAY_NAME,LAST_ACCESS_DATE,REPUTATION,VIEWERS,WEBSITE_URL,PARENT_ID) values (34,'Sis96','Sisily','Mani',2,1,to_date('27-APR-19','DD-MON-RR'),null,null,null,null,'Sisily',to_date('27-APR-19','DD-MON-RR'),null,null,null,null);
Insert into SH2ORANGE31.USERSDETAILS (USER_ID,USER_CODE,NAME1,NAME2,USER_TYPE,STATUS,CREATED_DATE,MODIFIED_BY,MODIFIED_DATE,DESCRIPTION,AGE,DISPLAY_NAME,LAST_ACCESS_DATE,REPUTATION,VIEWERS,WEBSITE_URL,PARENT_ID) values (35,'Niv96','Nivya	',null,2,1,to_date('27-APR-19','DD-MON-RR'),null,null,null,null,'Nivya	',to_date('27-APR-19','DD-MON-RR'),null,null,null,null);
Insert into SH2ORANGE31.USERSDETAILS (USER_ID,USER_CODE,NAME1,NAME2,USER_TYPE,STATUS,CREATED_DATE,MODIFIED_BY,MODIFIED_DATE,DESCRIPTION,AGE,DISPLAY_NAME,LAST_ACCESS_DATE,REPUTATION,VIEWERS,WEBSITE_URL,PARENT_ID) values (36,'Dhi96','Dhivya',null,2,1,to_date('27-APR-19','DD-MON-RR'),null,null,null,null,'Dhivya',to_date('27-APR-19','DD-MON-RR'),null,null,null,null);
Insert into SH2ORANGE31.USERSDETAILS (USER_ID,USER_CODE,NAME1,NAME2,USER_TYPE,STATUS,CREATED_DATE,MODIFIED_BY,MODIFIED_DATE,DESCRIPTION,AGE,DISPLAY_NAME,LAST_ACCESS_DATE,REPUTATION,VIEWERS,WEBSITE_URL,PARENT_ID) values (37,'Nee96','Neeraj',null,2,1,to_date('27-APR-19','DD-MON-RR'),null,null,null,null,'Neeraj',to_date('27-APR-19','DD-MON-RR'),null,null,null,null);
Insert into SH2ORANGE31.USERSDETAILS (USER_ID,USER_CODE,NAME1,NAME2,USER_TYPE,STATUS,CREATED_DATE,MODIFIED_BY,MODIFIED_DATE,DESCRIPTION,AGE,DISPLAY_NAME,LAST_ACCESS_DATE,REPUTATION,VIEWERS,WEBSITE_URL,PARENT_ID) values (38,'Sha96','Shajahan',null,2,1,to_date('27-APR-19','DD-MON-RR'),null,null,null,null,'Shajahan',to_date('27-APR-19','DD-MON-RR'),null,null,null,null);
Insert into SH2ORANGE31.USERSDETAILS (USER_ID,USER_CODE,NAME1,NAME2,USER_TYPE,STATUS,CREATED_DATE,MODIFIED_BY,MODIFIED_DATE,DESCRIPTION,AGE,DISPLAY_NAME,LAST_ACCESS_DATE,REPUTATION,VIEWERS,WEBSITE_URL,PARENT_ID) values (39,'Jit97','Jithesh',null,2,1,to_date('27-APR-19','DD-MON-RR'),null,null,null,null,'Jithesh',to_date('27-APR-19','DD-MON-RR'),null,null,null,null);
Insert into SH2ORANGE31.USERSDETAILS (USER_ID,USER_CODE,NAME1,NAME2,USER_TYPE,STATUS,CREATED_DATE,MODIFIED_BY,MODIFIED_DATE,DESCRIPTION,AGE,DISPLAY_NAME,LAST_ACCESS_DATE,REPUTATION,VIEWERS,WEBSITE_URL,PARENT_ID) values (40,'Joe97','Joe 	',null,2,1,to_date('27-APR-19','DD-MON-RR'),null,null,null,null,'Joe 	',to_date('27-APR-19','DD-MON-RR'),null,null,null,null);
Insert into SH2ORANGE31.USERSDETAILS (USER_ID,USER_CODE,NAME1,NAME2,USER_TYPE,STATUS,CREATED_DATE,MODIFIED_BY,MODIFIED_DATE,DESCRIPTION,AGE,DISPLAY_NAME,LAST_ACCESS_DATE,REPUTATION,VIEWERS,WEBSITE_URL,PARENT_ID) values (41,'Jin97','Jins	',null,2,1,to_date('27-APR-19','DD-MON-RR'),null,null,null,null,'Jins	',to_date('27-APR-19','DD-MON-RR'),null,null,null,null);
Insert into SH2ORANGE31.USERSDETAILS (USER_ID,USER_CODE,NAME1,NAME2,USER_TYPE,STATUS,CREATED_DATE,MODIFIED_BY,MODIFIED_DATE,DESCRIPTION,AGE,DISPLAY_NAME,LAST_ACCESS_DATE,REPUTATION,VIEWERS,WEBSITE_URL,PARENT_ID) values (42,'Shi97','Shinto	',null,2,1,to_date('27-APR-19','DD-MON-RR'),null,null,null,null,'Shinto	',to_date('27-APR-19','DD-MON-RR'),null,null,null,null);
Insert into SH2ORANGE31.USERSDETAILS (USER_ID,USER_CODE,NAME1,NAME2,USER_TYPE,STATUS,CREATED_DATE,MODIFIED_BY,MODIFIED_DATE,DESCRIPTION,AGE,DISPLAY_NAME,LAST_ACCESS_DATE,REPUTATION,VIEWERS,WEBSITE_URL,PARENT_ID) values (43,'Sus98','Susheel',null,2,1,to_date('27-APR-19','DD-MON-RR'),null,null,null,null,'Susheel',to_date('27-APR-19','DD-MON-RR'),null,null,null,null);
Insert into SH2ORANGE31.USERSDETAILS (USER_ID,USER_CODE,NAME1,NAME2,USER_TYPE,STATUS,CREATED_DATE,MODIFIED_BY,MODIFIED_DATE,DESCRIPTION,AGE,DISPLAY_NAME,LAST_ACCESS_DATE,REPUTATION,VIEWERS,WEBSITE_URL,PARENT_ID) values (44,'Sun98','Sunitha',null,2,1,to_date('27-APR-19','DD-MON-RR'),null,null,null,null,'Sunitha',to_date('27-APR-19','DD-MON-RR'),null,null,null,null);
Insert into SH2ORANGE31.USERSDETAILS (USER_ID,USER_CODE,NAME1,NAME2,USER_TYPE,STATUS,CREATED_DATE,MODIFIED_BY,MODIFIED_DATE,DESCRIPTION,AGE,DISPLAY_NAME,LAST_ACCESS_DATE,REPUTATION,VIEWERS,WEBSITE_URL,PARENT_ID) values (45,'Sya98','Syam	',null,2,1,to_date('27-APR-19','DD-MON-RR'),null,null,null,null,'Syam	',to_date('27-APR-19','DD-MON-RR'),null,null,null,null);
Insert into SH2ORANGE31.USERSDETAILS (USER_ID,USER_CODE,NAME1,NAME2,USER_TYPE,STATUS,CREATED_DATE,MODIFIED_BY,MODIFIED_DATE,DESCRIPTION,AGE,DISPLAY_NAME,LAST_ACCESS_DATE,REPUTATION,VIEWERS,WEBSITE_URL,PARENT_ID) values (46,'Aby98','Aby	',null,2,1,to_date('27-APR-19','DD-MON-RR'),null,null,null,null,'Aby	',to_date('27-APR-19','DD-MON-RR'),null,null,null,null);
Insert into SH2ORANGE31.USERSDETAILS (USER_ID,USER_CODE,NAME1,NAME2,USER_TYPE,STATUS,CREATED_DATE,MODIFIED_BY,MODIFIED_DATE,DESCRIPTION,AGE,DISPLAY_NAME,LAST_ACCESS_DATE,REPUTATION,VIEWERS,WEBSITE_URL,PARENT_ID) values (47,'Nid98','Nidhin',null,2,1,to_date('28-APR-19','DD-MON-RR'),null,null,null,null,'Nidhin',to_date('28-APR-19','DD-MON-RR'),null,null,null,null);
Insert into SH2ORANGE31.USERSDETAILS (USER_ID,USER_CODE,NAME1,NAME2,USER_TYPE,STATUS,CREATED_DATE,MODIFIED_BY,MODIFIED_DATE,DESCRIPTION,AGE,DISPLAY_NAME,LAST_ACCESS_DATE,REPUTATION,VIEWERS,WEBSITE_URL,PARENT_ID) values (48,'Vib99','Vibin',null,2,1,to_date('28-APR-19','DD-MON-RR'),null,null,null,null,'Vibin',to_date('28-APR-19','DD-MON-RR'),null,null,null,null);
Insert into SH2ORANGE31.USERSDETAILS (USER_ID,USER_CODE,NAME1,NAME2,USER_TYPE,STATUS,CREATED_DATE,MODIFIED_BY,MODIFIED_DATE,DESCRIPTION,AGE,DISPLAY_NAME,LAST_ACCESS_DATE,REPUTATION,VIEWERS,WEBSITE_URL,PARENT_ID) values (49,'Asi99','Asif','Sevathal',2,1,to_date('28-APR-19','DD-MON-RR'),null,null,null,null,'Asif',to_date('28-APR-19','DD-MON-RR'),null,null,null,null);
Insert into SH2ORANGE31.USERSDETAILS (USER_ID,USER_CODE,NAME1,NAME2,USER_TYPE,STATUS,CREATED_DATE,MODIFIED_BY,MODIFIED_DATE,DESCRIPTION,AGE,DISPLAY_NAME,LAST_ACCESS_DATE,REPUTATION,VIEWERS,WEBSITE_URL,PARENT_ID) values (50,'Smr99','Smrithy',null,2,1,to_date('28-APR-19','DD-MON-RR'),null,null,null,null,'Smrithy',to_date('28-APR-19','DD-MON-RR'),null,null,null,null);
Insert into SH2ORANGE31.USERSDETAILS (USER_ID,USER_CODE,NAME1,NAME2,USER_TYPE,STATUS,CREATED_DATE,MODIFIED_BY,MODIFIED_DATE,DESCRIPTION,AGE,DISPLAY_NAME,LAST_ACCESS_DATE,REPUTATION,VIEWERS,WEBSITE_URL,PARENT_ID) values (51,'Jen99','Jenish',null,2,1,to_date('28-APR-19','DD-MON-RR'),null,null,null,null,'Jenish',to_date('28-APR-19','DD-MON-RR'),null,null,null,null);
Insert into SH2ORANGE31.USERSDETAILS (USER_ID,USER_CODE,NAME1,NAME2,USER_TYPE,STATUS,CREATED_DATE,MODIFIED_BY,MODIFIED_DATE,DESCRIPTION,AGE,DISPLAY_NAME,LAST_ACCESS_DATE,REPUTATION,VIEWERS,WEBSITE_URL,PARENT_ID) values (52,'Abh99','Abhilash','Divakaran',2,1,to_date('28-APR-19','DD-MON-RR'),null,null,null,null,'Abhilash',to_date('28-APR-19','DD-MON-RR'),null,null,null,null);
Insert into SH2ORANGE31.USERSDETAILS (USER_ID,USER_CODE,NAME1,NAME2,USER_TYPE,STATUS,CREATED_DATE,MODIFIED_BY,MODIFIED_DATE,DESCRIPTION,AGE,DISPLAY_NAME,LAST_ACCESS_DATE,REPUTATION,VIEWERS,WEBSITE_URL,PARENT_ID) values (53,'Irs99','Irshad',null,2,1,to_date('28-APR-19','DD-MON-RR'),null,null,null,null,'Irshad',to_date('28-APR-19','DD-MON-RR'),null,null,null,null);
Insert into SH2ORANGE31.USERSDETAILS (USER_ID,USER_CODE,NAME1,NAME2,USER_TYPE,STATUS,CREATED_DATE,MODIFIED_BY,MODIFIED_DATE,DESCRIPTION,AGE,DISPLAY_NAME,LAST_ACCESS_DATE,REPUTATION,VIEWERS,WEBSITE_URL,PARENT_ID) values (54,'Joh99','Johns',null,2,1,to_date('28-APR-19','DD-MON-RR'),null,null,null,null,'Johns',to_date('28-APR-19','DD-MON-RR'),null,null,null,null);
Insert into SH2ORANGE31.USERSDETAILS (USER_ID,USER_CODE,NAME1,NAME2,USER_TYPE,STATUS,CREATED_DATE,MODIFIED_BY,MODIFIED_DATE,DESCRIPTION,AGE,DISPLAY_NAME,LAST_ACCESS_DATE,REPUTATION,VIEWERS,WEBSITE_URL,PARENT_ID) values (9,'Nij81','Nijil',null,2,1,to_date('26-APR-19','DD-MON-RR'),null,null,null,null,'Nijil',to_date('26-APR-19','DD-MON-RR'),null,null,null,null);
Insert into SH2ORANGE31.USERSDETAILS (USER_ID,USER_CODE,NAME1,NAME2,USER_TYPE,STATUS,CREATED_DATE,MODIFIED_BY,MODIFIED_DATE,DESCRIPTION,AGE,DISPLAY_NAME,LAST_ACCESS_DATE,REPUTATION,VIEWERS,WEBSITE_URL,PARENT_ID) values (55,'Tol56','Tolulope','Ademilua',2,1,to_date('17-MAY-19','DD-MON-RR'),null,null,null,null,'Tolulope',to_date('17-MAY-19','DD-MON-RR'),null,null,null,null);
Insert into SH2ORANGE31.USERSDETAILS (USER_ID,USER_CODE,NAME1,NAME2,USER_TYPE,STATUS,CREATED_DATE,MODIFIED_BY,MODIFIED_DATE,DESCRIPTION,AGE,DISPLAY_NAME,LAST_ACCESS_DATE,REPUTATION,VIEWERS,WEBSITE_URL,PARENT_ID) values (75,'Tol56','Tolu','Emmanuel',2,1,to_date('18-MAY-19','DD-MON-RR'),null,null,null,null,'Tolu',to_date('18-MAY-19','DD-MON-RR'),null,null,null,null);
Insert into SH2ORANGE31.USERSDETAILS (USER_ID,USER_CODE,NAME1,NAME2,USER_TYPE,STATUS,CREATED_DATE,MODIFIED_BY,MODIFIED_DATE,DESCRIPTION,AGE,DISPLAY_NAME,LAST_ACCESS_DATE,REPUTATION,VIEWERS,WEBSITE_URL,PARENT_ID) values (1,'sij58','sijo','pious',2,1,to_date('24-APR-19','DD-MON-RR'),null,null,null,null,'sijo',to_date('03-MAY-19','DD-MON-RR'),null,null,null,null);
REM INSERTING into SH2ORANGE31.USERTYPES
SET DEFINE OFF;
Insert into SH2ORANGE31.USERTYPES (USER_TYPE_ID,USER_TYPE,STATUS,CREATED_BY,CREATED_DATE,MODIFIED_BY,MODIFIED_DATE) values (2,'User',1,1,to_date('30-MAR-19','DD-MON-RR'),null,null);
Insert into SH2ORANGE31.USERTYPES (USER_TYPE_ID,USER_TYPE,STATUS,CREATED_BY,CREATED_DATE,MODIFIED_BY,MODIFIED_DATE) values (1,'Admin',1,1,to_date('30-MAR-19','DD-MON-RR'),null,null);
REM INSERTING into SH2ORANGE31.VOTES
SET DEFINE OFF;
Insert into SH2ORANGE31.VOTES (VOTE_ID,BOUNTY_AMOUNT,VOTED_BY,VOTED_TO,VOTE_TYPE_ID,POST_ID,TAG_TYPE_ID,CREATED_DATE,STATUS,MODIFIED_BY,MODIFIED_DATE) values (21,1,1,8,1,33,55,to_date('04-MAY-19','DD-MON-RR'),1,1,to_date('11-MAY-19','DD-MON-RR'));
Insert into SH2ORANGE31.VOTES (VOTE_ID,BOUNTY_AMOUNT,VOTED_BY,VOTED_TO,VOTE_TYPE_ID,POST_ID,TAG_TYPE_ID,CREATED_DATE,STATUS,MODIFIED_BY,MODIFIED_DATE) values (22,1,1,8,1,33,55,to_date('04-MAY-19','DD-MON-RR'),1,1,to_date('11-MAY-19','DD-MON-RR'));
Insert into SH2ORANGE31.VOTES (VOTE_ID,BOUNTY_AMOUNT,VOTED_BY,VOTED_TO,VOTE_TYPE_ID,POST_ID,TAG_TYPE_ID,CREATED_DATE,STATUS,MODIFIED_BY,MODIFIED_DATE) values (23,1,1,8,1,33,55,to_date('04-MAY-19','DD-MON-RR'),1,1,to_date('11-MAY-19','DD-MON-RR'));
Insert into SH2ORANGE31.VOTES (VOTE_ID,BOUNTY_AMOUNT,VOTED_BY,VOTED_TO,VOTE_TYPE_ID,POST_ID,TAG_TYPE_ID,CREATED_DATE,STATUS,MODIFIED_BY,MODIFIED_DATE) values (24,1,1,8,1,33,55,to_date('04-MAY-19','DD-MON-RR'),1,1,to_date('11-MAY-19','DD-MON-RR'));
Insert into SH2ORANGE31.VOTES (VOTE_ID,BOUNTY_AMOUNT,VOTED_BY,VOTED_TO,VOTE_TYPE_ID,POST_ID,TAG_TYPE_ID,CREATED_DATE,STATUS,MODIFIED_BY,MODIFIED_DATE) values (25,1,1,8,1,33,55,to_date('04-MAY-19','DD-MON-RR'),1,1,to_date('11-MAY-19','DD-MON-RR'));
Insert into SH2ORANGE31.VOTES (VOTE_ID,BOUNTY_AMOUNT,VOTED_BY,VOTED_TO,VOTE_TYPE_ID,POST_ID,TAG_TYPE_ID,CREATED_DATE,STATUS,MODIFIED_BY,MODIFIED_DATE) values (26,1,1,6,1,34,55,to_date('04-MAY-19','DD-MON-RR'),1,1,to_date('11-MAY-19','DD-MON-RR'));
Insert into SH2ORANGE31.VOTES (VOTE_ID,BOUNTY_AMOUNT,VOTED_BY,VOTED_TO,VOTE_TYPE_ID,POST_ID,TAG_TYPE_ID,CREATED_DATE,STATUS,MODIFIED_BY,MODIFIED_DATE) values (27,1,1,6,1,34,55,to_date('04-MAY-19','DD-MON-RR'),1,1,to_date('11-MAY-19','DD-MON-RR'));
Insert into SH2ORANGE31.VOTES (VOTE_ID,BOUNTY_AMOUNT,VOTED_BY,VOTED_TO,VOTE_TYPE_ID,POST_ID,TAG_TYPE_ID,CREATED_DATE,STATUS,MODIFIED_BY,MODIFIED_DATE) values (28,1,1,6,1,34,55,to_date('04-MAY-19','DD-MON-RR'),1,1,to_date('11-MAY-19','DD-MON-RR'));
Insert into SH2ORANGE31.VOTES (VOTE_ID,BOUNTY_AMOUNT,VOTED_BY,VOTED_TO,VOTE_TYPE_ID,POST_ID,TAG_TYPE_ID,CREATED_DATE,STATUS,MODIFIED_BY,MODIFIED_DATE) values (29,1,1,6,1,34,55,to_date('04-MAY-19','DD-MON-RR'),1,1,to_date('11-MAY-19','DD-MON-RR'));
Insert into SH2ORANGE31.VOTES (VOTE_ID,BOUNTY_AMOUNT,VOTED_BY,VOTED_TO,VOTE_TYPE_ID,POST_ID,TAG_TYPE_ID,CREATED_DATE,STATUS,MODIFIED_BY,MODIFIED_DATE) values (30,1,1,6,1,34,55,to_date('04-MAY-19','DD-MON-RR'),1,1,to_date('11-MAY-19','DD-MON-RR'));
Insert into SH2ORANGE31.VOTES (VOTE_ID,BOUNTY_AMOUNT,VOTED_BY,VOTED_TO,VOTE_TYPE_ID,POST_ID,TAG_TYPE_ID,CREATED_DATE,STATUS,MODIFIED_BY,MODIFIED_DATE) values (31,1,1,6,1,34,55,to_date('04-MAY-19','DD-MON-RR'),1,1,to_date('11-MAY-19','DD-MON-RR'));
Insert into SH2ORANGE31.VOTES (VOTE_ID,BOUNTY_AMOUNT,VOTED_BY,VOTED_TO,VOTE_TYPE_ID,POST_ID,TAG_TYPE_ID,CREATED_DATE,STATUS,MODIFIED_BY,MODIFIED_DATE) values (32,1,1,6,1,34,55,to_date('04-MAY-19','DD-MON-RR'),1,1,to_date('11-MAY-19','DD-MON-RR'));
Insert into SH2ORANGE31.VOTES (VOTE_ID,BOUNTY_AMOUNT,VOTED_BY,VOTED_TO,VOTE_TYPE_ID,POST_ID,TAG_TYPE_ID,CREATED_DATE,STATUS,MODIFIED_BY,MODIFIED_DATE) values (33,1,1,6,1,34,55,to_date('04-MAY-19','DD-MON-RR'),1,1,to_date('11-MAY-19','DD-MON-RR'));
Insert into SH2ORANGE31.VOTES (VOTE_ID,BOUNTY_AMOUNT,VOTED_BY,VOTED_TO,VOTE_TYPE_ID,POST_ID,TAG_TYPE_ID,CREATED_DATE,STATUS,MODIFIED_BY,MODIFIED_DATE) values (34,1,1,6,1,34,55,to_date('04-MAY-19','DD-MON-RR'),1,1,to_date('11-MAY-19','DD-MON-RR'));
Insert into SH2ORANGE31.VOTES (VOTE_ID,BOUNTY_AMOUNT,VOTED_BY,VOTED_TO,VOTE_TYPE_ID,POST_ID,TAG_TYPE_ID,CREATED_DATE,STATUS,MODIFIED_BY,MODIFIED_DATE) values (35,1,1,6,1,34,55,to_date('04-MAY-19','DD-MON-RR'),1,1,to_date('11-MAY-19','DD-MON-RR'));
Insert into SH2ORANGE31.VOTES (VOTE_ID,BOUNTY_AMOUNT,VOTED_BY,VOTED_TO,VOTE_TYPE_ID,POST_ID,TAG_TYPE_ID,CREATED_DATE,STATUS,MODIFIED_BY,MODIFIED_DATE) values (36,1,1,20,2,65,55,to_date('04-MAY-19','DD-MON-RR'),1,1,to_date('11-MAY-19','DD-MON-RR'));
Insert into SH2ORANGE31.VOTES (VOTE_ID,BOUNTY_AMOUNT,VOTED_BY,VOTED_TO,VOTE_TYPE_ID,POST_ID,TAG_TYPE_ID,CREATED_DATE,STATUS,MODIFIED_BY,MODIFIED_DATE) values (37,1,1,20,2,65,55,to_date('04-MAY-19','DD-MON-RR'),1,1,to_date('11-MAY-19','DD-MON-RR'));
Insert into SH2ORANGE31.VOTES (VOTE_ID,BOUNTY_AMOUNT,VOTED_BY,VOTED_TO,VOTE_TYPE_ID,POST_ID,TAG_TYPE_ID,CREATED_DATE,STATUS,MODIFIED_BY,MODIFIED_DATE) values (38,1,1,20,2,65,55,to_date('04-MAY-19','DD-MON-RR'),1,1,to_date('11-MAY-19','DD-MON-RR'));
Insert into SH2ORANGE31.VOTES (VOTE_ID,BOUNTY_AMOUNT,VOTED_BY,VOTED_TO,VOTE_TYPE_ID,POST_ID,TAG_TYPE_ID,CREATED_DATE,STATUS,MODIFIED_BY,MODIFIED_DATE) values (39,1,1,20,2,65,55,to_date('04-MAY-19','DD-MON-RR'),1,1,to_date('11-MAY-19','DD-MON-RR'));
Insert into SH2ORANGE31.VOTES (VOTE_ID,BOUNTY_AMOUNT,VOTED_BY,VOTED_TO,VOTE_TYPE_ID,POST_ID,TAG_TYPE_ID,CREATED_DATE,STATUS,MODIFIED_BY,MODIFIED_DATE) values (40,1,1,20,2,65,55,to_date('04-MAY-19','DD-MON-RR'),1,1,to_date('11-MAY-19','DD-MON-RR'));
Insert into SH2ORANGE31.VOTES (VOTE_ID,BOUNTY_AMOUNT,VOTED_BY,VOTED_TO,VOTE_TYPE_ID,POST_ID,TAG_TYPE_ID,CREATED_DATE,STATUS,MODIFIED_BY,MODIFIED_DATE) values (41,1,1,20,2,65,55,to_date('04-MAY-19','DD-MON-RR'),1,1,to_date('11-MAY-19','DD-MON-RR'));
Insert into SH2ORANGE31.VOTES (VOTE_ID,BOUNTY_AMOUNT,VOTED_BY,VOTED_TO,VOTE_TYPE_ID,POST_ID,TAG_TYPE_ID,CREATED_DATE,STATUS,MODIFIED_BY,MODIFIED_DATE) values (42,1,1,20,2,65,55,to_date('04-MAY-19','DD-MON-RR'),1,1,to_date('11-MAY-19','DD-MON-RR'));
Insert into SH2ORANGE31.VOTES (VOTE_ID,BOUNTY_AMOUNT,VOTED_BY,VOTED_TO,VOTE_TYPE_ID,POST_ID,TAG_TYPE_ID,CREATED_DATE,STATUS,MODIFIED_BY,MODIFIED_DATE) values (43,1,1,20,2,65,55,to_date('04-MAY-19','DD-MON-RR'),1,1,to_date('11-MAY-19','DD-MON-RR'));
Insert into SH2ORANGE31.VOTES (VOTE_ID,BOUNTY_AMOUNT,VOTED_BY,VOTED_TO,VOTE_TYPE_ID,POST_ID,TAG_TYPE_ID,CREATED_DATE,STATUS,MODIFIED_BY,MODIFIED_DATE) values (44,1,1,16,2,73,55,to_date('04-MAY-19','DD-MON-RR'),1,1,to_date('11-MAY-19','DD-MON-RR'));
Insert into SH2ORANGE31.VOTES (VOTE_ID,BOUNTY_AMOUNT,VOTED_BY,VOTED_TO,VOTE_TYPE_ID,POST_ID,TAG_TYPE_ID,CREATED_DATE,STATUS,MODIFIED_BY,MODIFIED_DATE) values (45,1,1,16,2,73,55,to_date('04-MAY-19','DD-MON-RR'),1,1,to_date('11-MAY-19','DD-MON-RR'));
Insert into SH2ORANGE31.VOTES (VOTE_ID,BOUNTY_AMOUNT,VOTED_BY,VOTED_TO,VOTE_TYPE_ID,POST_ID,TAG_TYPE_ID,CREATED_DATE,STATUS,MODIFIED_BY,MODIFIED_DATE) values (46,1,1,8,1,33,55,to_date('04-MAY-19','DD-MON-RR'),1,1,to_date('11-MAY-19','DD-MON-RR'));
Insert into SH2ORANGE31.VOTES (VOTE_ID,BOUNTY_AMOUNT,VOTED_BY,VOTED_TO,VOTE_TYPE_ID,POST_ID,TAG_TYPE_ID,CREATED_DATE,STATUS,MODIFIED_BY,MODIFIED_DATE) values (47,1,1,8,1,33,55,to_date('04-MAY-19','DD-MON-RR'),1,1,to_date('11-MAY-19','DD-MON-RR'));
Insert into SH2ORANGE31.VOTES (VOTE_ID,BOUNTY_AMOUNT,VOTED_BY,VOTED_TO,VOTE_TYPE_ID,POST_ID,TAG_TYPE_ID,CREATED_DATE,STATUS,MODIFIED_BY,MODIFIED_DATE) values (48,1,1,8,1,33,55,to_date('04-MAY-19','DD-MON-RR'),1,1,to_date('11-MAY-19','DD-MON-RR'));
Insert into SH2ORANGE31.VOTES (VOTE_ID,BOUNTY_AMOUNT,VOTED_BY,VOTED_TO,VOTE_TYPE_ID,POST_ID,TAG_TYPE_ID,CREATED_DATE,STATUS,MODIFIED_BY,MODIFIED_DATE) values (49,1,1,8,1,33,55,to_date('04-MAY-19','DD-MON-RR'),1,1,to_date('11-MAY-19','DD-MON-RR'));
Insert into SH2ORANGE31.VOTES (VOTE_ID,BOUNTY_AMOUNT,VOTED_BY,VOTED_TO,VOTE_TYPE_ID,POST_ID,TAG_TYPE_ID,CREATED_DATE,STATUS,MODIFIED_BY,MODIFIED_DATE) values (50,1,1,8,1,33,55,to_date('04-MAY-19','DD-MON-RR'),1,1,to_date('11-MAY-19','DD-MON-RR'));
Insert into SH2ORANGE31.VOTES (VOTE_ID,BOUNTY_AMOUNT,VOTED_BY,VOTED_TO,VOTE_TYPE_ID,POST_ID,TAG_TYPE_ID,CREATED_DATE,STATUS,MODIFIED_BY,MODIFIED_DATE) values (51,1,1,8,1,33,55,to_date('04-MAY-19','DD-MON-RR'),1,1,to_date('11-MAY-19','DD-MON-RR'));
Insert into SH2ORANGE31.VOTES (VOTE_ID,BOUNTY_AMOUNT,VOTED_BY,VOTED_TO,VOTE_TYPE_ID,POST_ID,TAG_TYPE_ID,CREATED_DATE,STATUS,MODIFIED_BY,MODIFIED_DATE) values (52,1,1,8,1,33,55,to_date('04-MAY-19','DD-MON-RR'),1,1,to_date('11-MAY-19','DD-MON-RR'));
Insert into SH2ORANGE31.VOTES (VOTE_ID,BOUNTY_AMOUNT,VOTED_BY,VOTED_TO,VOTE_TYPE_ID,POST_ID,TAG_TYPE_ID,CREATED_DATE,STATUS,MODIFIED_BY,MODIFIED_DATE) values (53,1,1,8,1,33,55,to_date('04-MAY-19','DD-MON-RR'),1,1,to_date('11-MAY-19','DD-MON-RR'));
Insert into SH2ORANGE31.VOTES (VOTE_ID,BOUNTY_AMOUNT,VOTED_BY,VOTED_TO,VOTE_TYPE_ID,POST_ID,TAG_TYPE_ID,CREATED_DATE,STATUS,MODIFIED_BY,MODIFIED_DATE) values (54,1,1,8,1,33,55,to_date('04-MAY-19','DD-MON-RR'),1,1,to_date('11-MAY-19','DD-MON-RR'));
Insert into SH2ORANGE31.VOTES (VOTE_ID,BOUNTY_AMOUNT,VOTED_BY,VOTED_TO,VOTE_TYPE_ID,POST_ID,TAG_TYPE_ID,CREATED_DATE,STATUS,MODIFIED_BY,MODIFIED_DATE) values (55,1,1,8,1,33,55,to_date('04-MAY-19','DD-MON-RR'),1,1,to_date('11-MAY-19','DD-MON-RR'));
Insert into SH2ORANGE31.VOTES (VOTE_ID,BOUNTY_AMOUNT,VOTED_BY,VOTED_TO,VOTE_TYPE_ID,POST_ID,TAG_TYPE_ID,CREATED_DATE,STATUS,MODIFIED_BY,MODIFIED_DATE) values (56,1,1,26,1,28,70,to_date('04-MAY-19','DD-MON-RR'),1,null,null);
Insert into SH2ORANGE31.VOTES (VOTE_ID,BOUNTY_AMOUNT,VOTED_BY,VOTED_TO,VOTE_TYPE_ID,POST_ID,TAG_TYPE_ID,CREATED_DATE,STATUS,MODIFIED_BY,MODIFIED_DATE) values (57,1,1,26,1,28,70,to_date('04-MAY-19','DD-MON-RR'),1,null,null);
Insert into SH2ORANGE31.VOTES (VOTE_ID,BOUNTY_AMOUNT,VOTED_BY,VOTED_TO,VOTE_TYPE_ID,POST_ID,TAG_TYPE_ID,CREATED_DATE,STATUS,MODIFIED_BY,MODIFIED_DATE) values (58,1,1,26,1,28,70,to_date('04-MAY-19','DD-MON-RR'),1,null,null);
Insert into SH2ORANGE31.VOTES (VOTE_ID,BOUNTY_AMOUNT,VOTED_BY,VOTED_TO,VOTE_TYPE_ID,POST_ID,TAG_TYPE_ID,CREATED_DATE,STATUS,MODIFIED_BY,MODIFIED_DATE) values (59,1,1,26,2,36,70,to_date('04-MAY-19','DD-MON-RR'),1,null,null);
Insert into SH2ORANGE31.VOTES (VOTE_ID,BOUNTY_AMOUNT,VOTED_BY,VOTED_TO,VOTE_TYPE_ID,POST_ID,TAG_TYPE_ID,CREATED_DATE,STATUS,MODIFIED_BY,MODIFIED_DATE) values (60,1,1,26,2,36,70,to_date('04-MAY-19','DD-MON-RR'),1,null,null);
Insert into SH2ORANGE31.VOTES (VOTE_ID,BOUNTY_AMOUNT,VOTED_BY,VOTED_TO,VOTE_TYPE_ID,POST_ID,TAG_TYPE_ID,CREATED_DATE,STATUS,MODIFIED_BY,MODIFIED_DATE) values (61,1,1,11,1,52,70,to_date('04-MAY-19','DD-MON-RR'),1,null,null);
Insert into SH2ORANGE31.VOTES (VOTE_ID,BOUNTY_AMOUNT,VOTED_BY,VOTED_TO,VOTE_TYPE_ID,POST_ID,TAG_TYPE_ID,CREATED_DATE,STATUS,MODIFIED_BY,MODIFIED_DATE) values (62,1,1,11,1,52,70,to_date('04-MAY-19','DD-MON-RR'),1,null,null);
Insert into SH2ORANGE31.VOTES (VOTE_ID,BOUNTY_AMOUNT,VOTED_BY,VOTED_TO,VOTE_TYPE_ID,POST_ID,TAG_TYPE_ID,CREATED_DATE,STATUS,MODIFIED_BY,MODIFIED_DATE) values (63,1,1,11,1,52,70,to_date('04-MAY-19','DD-MON-RR'),1,null,null);
Insert into SH2ORANGE31.VOTES (VOTE_ID,BOUNTY_AMOUNT,VOTED_BY,VOTED_TO,VOTE_TYPE_ID,POST_ID,TAG_TYPE_ID,CREATED_DATE,STATUS,MODIFIED_BY,MODIFIED_DATE) values (64,1,1,11,1,52,70,to_date('04-MAY-19','DD-MON-RR'),1,null,null);
Insert into SH2ORANGE31.VOTES (VOTE_ID,BOUNTY_AMOUNT,VOTED_BY,VOTED_TO,VOTE_TYPE_ID,POST_ID,TAG_TYPE_ID,CREATED_DATE,STATUS,MODIFIED_BY,MODIFIED_DATE) values (65,1,1,11,1,52,70,to_date('04-MAY-19','DD-MON-RR'),1,null,null);
Insert into SH2ORANGE31.VOTES (VOTE_ID,BOUNTY_AMOUNT,VOTED_BY,VOTED_TO,VOTE_TYPE_ID,POST_ID,TAG_TYPE_ID,CREATED_DATE,STATUS,MODIFIED_BY,MODIFIED_DATE) values (66,1,1,11,1,52,70,to_date('04-MAY-19','DD-MON-RR'),1,null,null);
Insert into SH2ORANGE31.VOTES (VOTE_ID,BOUNTY_AMOUNT,VOTED_BY,VOTED_TO,VOTE_TYPE_ID,POST_ID,TAG_TYPE_ID,CREATED_DATE,STATUS,MODIFIED_BY,MODIFIED_DATE) values (67,1,1,11,1,52,70,to_date('04-MAY-19','DD-MON-RR'),1,null,null);
Insert into SH2ORANGE31.VOTES (VOTE_ID,BOUNTY_AMOUNT,VOTED_BY,VOTED_TO,VOTE_TYPE_ID,POST_ID,TAG_TYPE_ID,CREATED_DATE,STATUS,MODIFIED_BY,MODIFIED_DATE) values (68,1,1,36,2,74,70,to_date('04-MAY-19','DD-MON-RR'),1,null,null);
Insert into SH2ORANGE31.VOTES (VOTE_ID,BOUNTY_AMOUNT,VOTED_BY,VOTED_TO,VOTE_TYPE_ID,POST_ID,TAG_TYPE_ID,CREATED_DATE,STATUS,MODIFIED_BY,MODIFIED_DATE) values (69,1,1,36,2,74,70,to_date('04-MAY-19','DD-MON-RR'),1,null,null);
Insert into SH2ORANGE31.VOTES (VOTE_ID,BOUNTY_AMOUNT,VOTED_BY,VOTED_TO,VOTE_TYPE_ID,POST_ID,TAG_TYPE_ID,CREATED_DATE,STATUS,MODIFIED_BY,MODIFIED_DATE) values (70,1,1,36,2,74,70,to_date('04-MAY-19','DD-MON-RR'),1,null,null);
Insert into SH2ORANGE31.VOTES (VOTE_ID,BOUNTY_AMOUNT,VOTED_BY,VOTED_TO,VOTE_TYPE_ID,POST_ID,TAG_TYPE_ID,CREATED_DATE,STATUS,MODIFIED_BY,MODIFIED_DATE) values (71,1,1,36,2,74,70,to_date('04-MAY-19','DD-MON-RR'),1,null,null);
Insert into SH2ORANGE31.VOTES (VOTE_ID,BOUNTY_AMOUNT,VOTED_BY,VOTED_TO,VOTE_TYPE_ID,POST_ID,TAG_TYPE_ID,CREATED_DATE,STATUS,MODIFIED_BY,MODIFIED_DATE) values (72,1,1,36,2,74,70,to_date('04-MAY-19','DD-MON-RR'),1,null,null);
Insert into SH2ORANGE31.VOTES (VOTE_ID,BOUNTY_AMOUNT,VOTED_BY,VOTED_TO,VOTE_TYPE_ID,POST_ID,TAG_TYPE_ID,CREATED_DATE,STATUS,MODIFIED_BY,MODIFIED_DATE) values (73,1,1,36,1,74,70,to_date('04-MAY-19','DD-MON-RR'),1,null,null);
Insert into SH2ORANGE31.VOTES (VOTE_ID,BOUNTY_AMOUNT,VOTED_BY,VOTED_TO,VOTE_TYPE_ID,POST_ID,TAG_TYPE_ID,CREATED_DATE,STATUS,MODIFIED_BY,MODIFIED_DATE) values (74,1,1,36,1,74,70,to_date('04-MAY-19','DD-MON-RR'),1,null,null);
Insert into SH2ORANGE31.VOTES (VOTE_ID,BOUNTY_AMOUNT,VOTED_BY,VOTED_TO,VOTE_TYPE_ID,POST_ID,TAG_TYPE_ID,CREATED_DATE,STATUS,MODIFIED_BY,MODIFIED_DATE) values (75,1,1,12,1,27,95,to_date('04-MAY-19','DD-MON-RR'),1,null,null);
Insert into SH2ORANGE31.VOTES (VOTE_ID,BOUNTY_AMOUNT,VOTED_BY,VOTED_TO,VOTE_TYPE_ID,POST_ID,TAG_TYPE_ID,CREATED_DATE,STATUS,MODIFIED_BY,MODIFIED_DATE) values (76,1,1,12,1,27,95,to_date('04-MAY-19','DD-MON-RR'),1,null,null);
Insert into SH2ORANGE31.VOTES (VOTE_ID,BOUNTY_AMOUNT,VOTED_BY,VOTED_TO,VOTE_TYPE_ID,POST_ID,TAG_TYPE_ID,CREATED_DATE,STATUS,MODIFIED_BY,MODIFIED_DATE) values (77,1,1,12,1,27,95,to_date('04-MAY-19','DD-MON-RR'),1,null,null);
Insert into SH2ORANGE31.VOTES (VOTE_ID,BOUNTY_AMOUNT,VOTED_BY,VOTED_TO,VOTE_TYPE_ID,POST_ID,TAG_TYPE_ID,CREATED_DATE,STATUS,MODIFIED_BY,MODIFIED_DATE) values (78,1,1,12,1,27,95,to_date('04-MAY-19','DD-MON-RR'),1,null,null);
Insert into SH2ORANGE31.VOTES (VOTE_ID,BOUNTY_AMOUNT,VOTED_BY,VOTED_TO,VOTE_TYPE_ID,POST_ID,TAG_TYPE_ID,CREATED_DATE,STATUS,MODIFIED_BY,MODIFIED_DATE) values (79,1,1,12,1,27,95,to_date('04-MAY-19','DD-MON-RR'),1,null,null);
Insert into SH2ORANGE31.VOTES (VOTE_ID,BOUNTY_AMOUNT,VOTED_BY,VOTED_TO,VOTE_TYPE_ID,POST_ID,TAG_TYPE_ID,CREATED_DATE,STATUS,MODIFIED_BY,MODIFIED_DATE) values (80,1,1,12,1,27,95,to_date('04-MAY-19','DD-MON-RR'),1,null,null);
Insert into SH2ORANGE31.VOTES (VOTE_ID,BOUNTY_AMOUNT,VOTED_BY,VOTED_TO,VOTE_TYPE_ID,POST_ID,TAG_TYPE_ID,CREATED_DATE,STATUS,MODIFIED_BY,MODIFIED_DATE) values (81,1,1,12,1,27,95,to_date('04-MAY-19','DD-MON-RR'),1,null,null);
Insert into SH2ORANGE31.VOTES (VOTE_ID,BOUNTY_AMOUNT,VOTED_BY,VOTED_TO,VOTE_TYPE_ID,POST_ID,TAG_TYPE_ID,CREATED_DATE,STATUS,MODIFIED_BY,MODIFIED_DATE) values (82,1,1,41,1,32,95,to_date('04-MAY-19','DD-MON-RR'),1,null,null);
Insert into SH2ORANGE31.VOTES (VOTE_ID,BOUNTY_AMOUNT,VOTED_BY,VOTED_TO,VOTE_TYPE_ID,POST_ID,TAG_TYPE_ID,CREATED_DATE,STATUS,MODIFIED_BY,MODIFIED_DATE) values (83,1,1,41,1,32,95,to_date('04-MAY-19','DD-MON-RR'),1,null,null);
Insert into SH2ORANGE31.VOTES (VOTE_ID,BOUNTY_AMOUNT,VOTED_BY,VOTED_TO,VOTE_TYPE_ID,POST_ID,TAG_TYPE_ID,CREATED_DATE,STATUS,MODIFIED_BY,MODIFIED_DATE) values (84,1,1,41,1,32,95,to_date('04-MAY-19','DD-MON-RR'),1,null,null);
Insert into SH2ORANGE31.VOTES (VOTE_ID,BOUNTY_AMOUNT,VOTED_BY,VOTED_TO,VOTE_TYPE_ID,POST_ID,TAG_TYPE_ID,CREATED_DATE,STATUS,MODIFIED_BY,MODIFIED_DATE) values (85,1,1,41,1,32,95,to_date('04-MAY-19','DD-MON-RR'),1,null,null);
Insert into SH2ORANGE31.VOTES (VOTE_ID,BOUNTY_AMOUNT,VOTED_BY,VOTED_TO,VOTE_TYPE_ID,POST_ID,TAG_TYPE_ID,CREATED_DATE,STATUS,MODIFIED_BY,MODIFIED_DATE) values (86,1,1,41,1,32,95,to_date('04-MAY-19','DD-MON-RR'),1,null,null);
Insert into SH2ORANGE31.VOTES (VOTE_ID,BOUNTY_AMOUNT,VOTED_BY,VOTED_TO,VOTE_TYPE_ID,POST_ID,TAG_TYPE_ID,CREATED_DATE,STATUS,MODIFIED_BY,MODIFIED_DATE) values (87,1,1,41,1,32,95,to_date('04-MAY-19','DD-MON-RR'),1,null,null);
Insert into SH2ORANGE31.VOTES (VOTE_ID,BOUNTY_AMOUNT,VOTED_BY,VOTED_TO,VOTE_TYPE_ID,POST_ID,TAG_TYPE_ID,CREATED_DATE,STATUS,MODIFIED_BY,MODIFIED_DATE) values (88,1,1,41,1,32,95,to_date('04-MAY-19','DD-MON-RR'),1,null,null);
Insert into SH2ORANGE31.VOTES (VOTE_ID,BOUNTY_AMOUNT,VOTED_BY,VOTED_TO,VOTE_TYPE_ID,POST_ID,TAG_TYPE_ID,CREATED_DATE,STATUS,MODIFIED_BY,MODIFIED_DATE) values (89,1,1,30,2,56,95,to_date('04-MAY-19','DD-MON-RR'),1,null,null);
Insert into SH2ORANGE31.VOTES (VOTE_ID,BOUNTY_AMOUNT,VOTED_BY,VOTED_TO,VOTE_TYPE_ID,POST_ID,TAG_TYPE_ID,CREATED_DATE,STATUS,MODIFIED_BY,MODIFIED_DATE) values (90,1,1,30,1,56,95,to_date('04-MAY-19','DD-MON-RR'),1,null,null);
Insert into SH2ORANGE31.VOTES (VOTE_ID,BOUNTY_AMOUNT,VOTED_BY,VOTED_TO,VOTE_TYPE_ID,POST_ID,TAG_TYPE_ID,CREATED_DATE,STATUS,MODIFIED_BY,MODIFIED_DATE) values (91,1,1,30,1,56,95,to_date('04-MAY-19','DD-MON-RR'),1,null,null);
Insert into SH2ORANGE31.VOTES (VOTE_ID,BOUNTY_AMOUNT,VOTED_BY,VOTED_TO,VOTE_TYPE_ID,POST_ID,TAG_TYPE_ID,CREATED_DATE,STATUS,MODIFIED_BY,MODIFIED_DATE) values (92,1,1,25,1,57,95,to_date('04-MAY-19','DD-MON-RR'),1,null,null);
Insert into SH2ORANGE31.VOTES (VOTE_ID,BOUNTY_AMOUNT,VOTED_BY,VOTED_TO,VOTE_TYPE_ID,POST_ID,TAG_TYPE_ID,CREATED_DATE,STATUS,MODIFIED_BY,MODIFIED_DATE) values (93,1,1,25,1,57,95,to_date('04-MAY-19','DD-MON-RR'),1,null,null);
Insert into SH2ORANGE31.VOTES (VOTE_ID,BOUNTY_AMOUNT,VOTED_BY,VOTED_TO,VOTE_TYPE_ID,POST_ID,TAG_TYPE_ID,CREATED_DATE,STATUS,MODIFIED_BY,MODIFIED_DATE) values (94,1,1,25,1,57,95,to_date('04-MAY-19','DD-MON-RR'),1,null,null);
Insert into SH2ORANGE31.VOTES (VOTE_ID,BOUNTY_AMOUNT,VOTED_BY,VOTED_TO,VOTE_TYPE_ID,POST_ID,TAG_TYPE_ID,CREATED_DATE,STATUS,MODIFIED_BY,MODIFIED_DATE) values (95,1,1,25,1,57,95,to_date('04-MAY-19','DD-MON-RR'),1,null,null);
Insert into SH2ORANGE31.VOTES (VOTE_ID,BOUNTY_AMOUNT,VOTED_BY,VOTED_TO,VOTE_TYPE_ID,POST_ID,TAG_TYPE_ID,CREATED_DATE,STATUS,MODIFIED_BY,MODIFIED_DATE) values (96,1,1,25,1,57,95,to_date('04-MAY-19','DD-MON-RR'),1,null,null);
Insert into SH2ORANGE31.VOTES (VOTE_ID,BOUNTY_AMOUNT,VOTED_BY,VOTED_TO,VOTE_TYPE_ID,POST_ID,TAG_TYPE_ID,CREATED_DATE,STATUS,MODIFIED_BY,MODIFIED_DATE) values (97,1,1,25,1,57,95,to_date('04-MAY-19','DD-MON-RR'),1,null,null);
Insert into SH2ORANGE31.VOTES (VOTE_ID,BOUNTY_AMOUNT,VOTED_BY,VOTED_TO,VOTE_TYPE_ID,POST_ID,TAG_TYPE_ID,CREATED_DATE,STATUS,MODIFIED_BY,MODIFIED_DATE) values (98,1,1,25,1,57,95,to_date('04-MAY-19','DD-MON-RR'),1,null,null);
Insert into SH2ORANGE31.VOTES (VOTE_ID,BOUNTY_AMOUNT,VOTED_BY,VOTED_TO,VOTE_TYPE_ID,POST_ID,TAG_TYPE_ID,CREATED_DATE,STATUS,MODIFIED_BY,MODIFIED_DATE) values (99,1,1,25,1,57,95,to_date('04-MAY-19','DD-MON-RR'),1,null,null);
Insert into SH2ORANGE31.VOTES (VOTE_ID,BOUNTY_AMOUNT,VOTED_BY,VOTED_TO,VOTE_TYPE_ID,POST_ID,TAG_TYPE_ID,CREATED_DATE,STATUS,MODIFIED_BY,MODIFIED_DATE) values (100,1,1,25,1,57,95,to_date('04-MAY-19','DD-MON-RR'),1,null,null);
Insert into SH2ORANGE31.VOTES (VOTE_ID,BOUNTY_AMOUNT,VOTED_BY,VOTED_TO,VOTE_TYPE_ID,POST_ID,TAG_TYPE_ID,CREATED_DATE,STATUS,MODIFIED_BY,MODIFIED_DATE) values (101,1,1,26,1,60,95,to_date('04-MAY-19','DD-MON-RR'),1,null,null);
Insert into SH2ORANGE31.VOTES (VOTE_ID,BOUNTY_AMOUNT,VOTED_BY,VOTED_TO,VOTE_TYPE_ID,POST_ID,TAG_TYPE_ID,CREATED_DATE,STATUS,MODIFIED_BY,MODIFIED_DATE) values (102,1,1,26,1,60,95,to_date('04-MAY-19','DD-MON-RR'),1,null,null);
Insert into SH2ORANGE31.VOTES (VOTE_ID,BOUNTY_AMOUNT,VOTED_BY,VOTED_TO,VOTE_TYPE_ID,POST_ID,TAG_TYPE_ID,CREATED_DATE,STATUS,MODIFIED_BY,MODIFIED_DATE) values (103,1,1,26,2,60,95,to_date('04-MAY-19','DD-MON-RR'),1,null,null);
Insert into SH2ORANGE31.VOTES (VOTE_ID,BOUNTY_AMOUNT,VOTED_BY,VOTED_TO,VOTE_TYPE_ID,POST_ID,TAG_TYPE_ID,CREATED_DATE,STATUS,MODIFIED_BY,MODIFIED_DATE) values (104,1,1,26,2,60,95,to_date('04-MAY-19','DD-MON-RR'),1,null,null);
Insert into SH2ORANGE31.VOTES (VOTE_ID,BOUNTY_AMOUNT,VOTED_BY,VOTED_TO,VOTE_TYPE_ID,POST_ID,TAG_TYPE_ID,CREATED_DATE,STATUS,MODIFIED_BY,MODIFIED_DATE) values (105,1,1,26,2,60,95,to_date('04-MAY-19','DD-MON-RR'),1,null,null);
Insert into SH2ORANGE31.VOTES (VOTE_ID,BOUNTY_AMOUNT,VOTED_BY,VOTED_TO,VOTE_TYPE_ID,POST_ID,TAG_TYPE_ID,CREATED_DATE,STATUS,MODIFIED_BY,MODIFIED_DATE) values (106,1,1,26,2,60,95,to_date('04-MAY-19','DD-MON-RR'),1,null,null);
Insert into SH2ORANGE31.VOTES (VOTE_ID,BOUNTY_AMOUNT,VOTED_BY,VOTED_TO,VOTE_TYPE_ID,POST_ID,TAG_TYPE_ID,CREATED_DATE,STATUS,MODIFIED_BY,MODIFIED_DATE) values (107,1,1,19,1,38,5,to_date('04-MAY-19','DD-MON-RR'),1,null,null);
Insert into SH2ORANGE31.VOTES (VOTE_ID,BOUNTY_AMOUNT,VOTED_BY,VOTED_TO,VOTE_TYPE_ID,POST_ID,TAG_TYPE_ID,CREATED_DATE,STATUS,MODIFIED_BY,MODIFIED_DATE) values (108,1,1,19,1,38,5,to_date('04-MAY-19','DD-MON-RR'),1,null,null);
Insert into SH2ORANGE31.VOTES (VOTE_ID,BOUNTY_AMOUNT,VOTED_BY,VOTED_TO,VOTE_TYPE_ID,POST_ID,TAG_TYPE_ID,CREATED_DATE,STATUS,MODIFIED_BY,MODIFIED_DATE) values (109,1,1,19,1,38,5,to_date('04-MAY-19','DD-MON-RR'),1,null,null);
Insert into SH2ORANGE31.VOTES (VOTE_ID,BOUNTY_AMOUNT,VOTED_BY,VOTED_TO,VOTE_TYPE_ID,POST_ID,TAG_TYPE_ID,CREATED_DATE,STATUS,MODIFIED_BY,MODIFIED_DATE) values (110,1,1,19,1,38,5,to_date('04-MAY-19','DD-MON-RR'),1,null,null);
Insert into SH2ORANGE31.VOTES (VOTE_ID,BOUNTY_AMOUNT,VOTED_BY,VOTED_TO,VOTE_TYPE_ID,POST_ID,TAG_TYPE_ID,CREATED_DATE,STATUS,MODIFIED_BY,MODIFIED_DATE) values (111,1,1,19,1,38,5,to_date('04-MAY-19','DD-MON-RR'),1,null,null);
Insert into SH2ORANGE31.VOTES (VOTE_ID,BOUNTY_AMOUNT,VOTED_BY,VOTED_TO,VOTE_TYPE_ID,POST_ID,TAG_TYPE_ID,CREATED_DATE,STATUS,MODIFIED_BY,MODIFIED_DATE) values (112,1,1,19,1,38,5,to_date('04-MAY-19','DD-MON-RR'),1,null,null);
Insert into SH2ORANGE31.VOTES (VOTE_ID,BOUNTY_AMOUNT,VOTED_BY,VOTED_TO,VOTE_TYPE_ID,POST_ID,TAG_TYPE_ID,CREATED_DATE,STATUS,MODIFIED_BY,MODIFIED_DATE) values (113,1,1,19,1,38,5,to_date('04-MAY-19','DD-MON-RR'),1,null,null);
Insert into SH2ORANGE31.VOTES (VOTE_ID,BOUNTY_AMOUNT,VOTED_BY,VOTED_TO,VOTE_TYPE_ID,POST_ID,TAG_TYPE_ID,CREATED_DATE,STATUS,MODIFIED_BY,MODIFIED_DATE) values (114,1,1,19,1,38,5,to_date('04-MAY-19','DD-MON-RR'),1,null,null);
Insert into SH2ORANGE31.VOTES (VOTE_ID,BOUNTY_AMOUNT,VOTED_BY,VOTED_TO,VOTE_TYPE_ID,POST_ID,TAG_TYPE_ID,CREATED_DATE,STATUS,MODIFIED_BY,MODIFIED_DATE) values (115,1,1,19,1,38,5,to_date('04-MAY-19','DD-MON-RR'),1,null,null);
Insert into SH2ORANGE31.VOTES (VOTE_ID,BOUNTY_AMOUNT,VOTED_BY,VOTED_TO,VOTE_TYPE_ID,POST_ID,TAG_TYPE_ID,CREATED_DATE,STATUS,MODIFIED_BY,MODIFIED_DATE) values (116,1,1,19,1,38,5,to_date('04-MAY-19','DD-MON-RR'),1,null,null);
Insert into SH2ORANGE31.VOTES (VOTE_ID,BOUNTY_AMOUNT,VOTED_BY,VOTED_TO,VOTE_TYPE_ID,POST_ID,TAG_TYPE_ID,CREATED_DATE,STATUS,MODIFIED_BY,MODIFIED_DATE) values (117,1,1,19,2,38,5,to_date('04-MAY-19','DD-MON-RR'),1,null,null);
Insert into SH2ORANGE31.VOTES (VOTE_ID,BOUNTY_AMOUNT,VOTED_BY,VOTED_TO,VOTE_TYPE_ID,POST_ID,TAG_TYPE_ID,CREATED_DATE,STATUS,MODIFIED_BY,MODIFIED_DATE) values (118,1,1,17,1,35,5,to_date('04-MAY-19','DD-MON-RR'),1,null,null);
Insert into SH2ORANGE31.VOTES (VOTE_ID,BOUNTY_AMOUNT,VOTED_BY,VOTED_TO,VOTE_TYPE_ID,POST_ID,TAG_TYPE_ID,CREATED_DATE,STATUS,MODIFIED_BY,MODIFIED_DATE) values (119,1,1,17,1,35,5,to_date('04-MAY-19','DD-MON-RR'),1,null,null);
Insert into SH2ORANGE31.VOTES (VOTE_ID,BOUNTY_AMOUNT,VOTED_BY,VOTED_TO,VOTE_TYPE_ID,POST_ID,TAG_TYPE_ID,CREATED_DATE,STATUS,MODIFIED_BY,MODIFIED_DATE) values (120,1,1,8,1,33,55,to_date('04-MAY-19','DD-MON-RR'),1,1,to_date('11-MAY-19','DD-MON-RR'));
Insert into SH2ORANGE31.VOTES (VOTE_ID,BOUNTY_AMOUNT,VOTED_BY,VOTED_TO,VOTE_TYPE_ID,POST_ID,TAG_TYPE_ID,CREATED_DATE,STATUS,MODIFIED_BY,MODIFIED_DATE) values (121,1,1,8,1,33,55,to_date('04-MAY-19','DD-MON-RR'),1,1,to_date('11-MAY-19','DD-MON-RR'));
Insert into SH2ORANGE31.VOTES (VOTE_ID,BOUNTY_AMOUNT,VOTED_BY,VOTED_TO,VOTE_TYPE_ID,POST_ID,TAG_TYPE_ID,CREATED_DATE,STATUS,MODIFIED_BY,MODIFIED_DATE) values (122,1,1,8,1,33,55,to_date('04-MAY-19','DD-MON-RR'),1,1,to_date('11-MAY-19','DD-MON-RR'));
Insert into SH2ORANGE31.VOTES (VOTE_ID,BOUNTY_AMOUNT,VOTED_BY,VOTED_TO,VOTE_TYPE_ID,POST_ID,TAG_TYPE_ID,CREATED_DATE,STATUS,MODIFIED_BY,MODIFIED_DATE) values (123,1,1,8,1,33,55,to_date('04-MAY-19','DD-MON-RR'),1,1,to_date('11-MAY-19','DD-MON-RR'));
Insert into SH2ORANGE31.VOTES (VOTE_ID,BOUNTY_AMOUNT,VOTED_BY,VOTED_TO,VOTE_TYPE_ID,POST_ID,TAG_TYPE_ID,CREATED_DATE,STATUS,MODIFIED_BY,MODIFIED_DATE) values (124,1,1,8,1,33,55,to_date('04-MAY-19','DD-MON-RR'),1,1,to_date('11-MAY-19','DD-MON-RR'));
Insert into SH2ORANGE31.VOTES (VOTE_ID,BOUNTY_AMOUNT,VOTED_BY,VOTED_TO,VOTE_TYPE_ID,POST_ID,TAG_TYPE_ID,CREATED_DATE,STATUS,MODIFIED_BY,MODIFIED_DATE) values (125,1,1,8,1,33,55,to_date('04-MAY-19','DD-MON-RR'),1,1,to_date('11-MAY-19','DD-MON-RR'));
Insert into SH2ORANGE31.VOTES (VOTE_ID,BOUNTY_AMOUNT,VOTED_BY,VOTED_TO,VOTE_TYPE_ID,POST_ID,TAG_TYPE_ID,CREATED_DATE,STATUS,MODIFIED_BY,MODIFIED_DATE) values (126,1,1,8,1,33,55,to_date('04-MAY-19','DD-MON-RR'),1,1,to_date('11-MAY-19','DD-MON-RR'));
Insert into SH2ORANGE31.VOTES (VOTE_ID,BOUNTY_AMOUNT,VOTED_BY,VOTED_TO,VOTE_TYPE_ID,POST_ID,TAG_TYPE_ID,CREATED_DATE,STATUS,MODIFIED_BY,MODIFIED_DATE) values (127,1,1,6,1,34,55,to_date('04-MAY-19','DD-MON-RR'),1,1,to_date('11-MAY-19','DD-MON-RR'));
Insert into SH2ORANGE31.VOTES (VOTE_ID,BOUNTY_AMOUNT,VOTED_BY,VOTED_TO,VOTE_TYPE_ID,POST_ID,TAG_TYPE_ID,CREATED_DATE,STATUS,MODIFIED_BY,MODIFIED_DATE) values (128,1,1,6,1,34,55,to_date('04-MAY-19','DD-MON-RR'),1,1,to_date('11-MAY-19','DD-MON-RR'));
Insert into SH2ORANGE31.VOTES (VOTE_ID,BOUNTY_AMOUNT,VOTED_BY,VOTED_TO,VOTE_TYPE_ID,POST_ID,TAG_TYPE_ID,CREATED_DATE,STATUS,MODIFIED_BY,MODIFIED_DATE) values (129,1,1,6,1,34,55,to_date('04-MAY-19','DD-MON-RR'),1,1,to_date('11-MAY-19','DD-MON-RR'));
Insert into SH2ORANGE31.VOTES (VOTE_ID,BOUNTY_AMOUNT,VOTED_BY,VOTED_TO,VOTE_TYPE_ID,POST_ID,TAG_TYPE_ID,CREATED_DATE,STATUS,MODIFIED_BY,MODIFIED_DATE) values (130,1,1,6,1,34,55,to_date('04-MAY-19','DD-MON-RR'),1,1,to_date('11-MAY-19','DD-MON-RR'));
Insert into SH2ORANGE31.VOTES (VOTE_ID,BOUNTY_AMOUNT,VOTED_BY,VOTED_TO,VOTE_TYPE_ID,POST_ID,TAG_TYPE_ID,CREATED_DATE,STATUS,MODIFIED_BY,MODIFIED_DATE) values (131,1,1,16,2,73,55,to_date('04-MAY-19','DD-MON-RR'),1,1,to_date('11-MAY-19','DD-MON-RR'));
Insert into SH2ORANGE31.VOTES (VOTE_ID,BOUNTY_AMOUNT,VOTED_BY,VOTED_TO,VOTE_TYPE_ID,POST_ID,TAG_TYPE_ID,CREATED_DATE,STATUS,MODIFIED_BY,MODIFIED_DATE) values (132,1,1,16,2,73,55,to_date('04-MAY-19','DD-MON-RR'),1,1,to_date('11-MAY-19','DD-MON-RR'));
Insert into SH2ORANGE31.VOTES (VOTE_ID,BOUNTY_AMOUNT,VOTED_BY,VOTED_TO,VOTE_TYPE_ID,POST_ID,TAG_TYPE_ID,CREATED_DATE,STATUS,MODIFIED_BY,MODIFIED_DATE) values (133,1,1,16,2,73,55,to_date('04-MAY-19','DD-MON-RR'),1,1,to_date('11-MAY-19','DD-MON-RR'));
Insert into SH2ORANGE31.VOTES (VOTE_ID,BOUNTY_AMOUNT,VOTED_BY,VOTED_TO,VOTE_TYPE_ID,POST_ID,TAG_TYPE_ID,CREATED_DATE,STATUS,MODIFIED_BY,MODIFIED_DATE) values (134,1,1,16,2,73,55,to_date('04-MAY-19','DD-MON-RR'),1,1,to_date('11-MAY-19','DD-MON-RR'));
Insert into SH2ORANGE31.VOTES (VOTE_ID,BOUNTY_AMOUNT,VOTED_BY,VOTED_TO,VOTE_TYPE_ID,POST_ID,TAG_TYPE_ID,CREATED_DATE,STATUS,MODIFIED_BY,MODIFIED_DATE) values (135,1,1,16,2,73,55,to_date('04-MAY-19','DD-MON-RR'),1,1,to_date('11-MAY-19','DD-MON-RR'));
Insert into SH2ORANGE31.VOTES (VOTE_ID,BOUNTY_AMOUNT,VOTED_BY,VOTED_TO,VOTE_TYPE_ID,POST_ID,TAG_TYPE_ID,CREATED_DATE,STATUS,MODIFIED_BY,MODIFIED_DATE) values (136,1,1,16,2,73,55,to_date('04-MAY-19','DD-MON-RR'),1,1,to_date('11-MAY-19','DD-MON-RR'));
Insert into SH2ORANGE31.VOTES (VOTE_ID,BOUNTY_AMOUNT,VOTED_BY,VOTED_TO,VOTE_TYPE_ID,POST_ID,TAG_TYPE_ID,CREATED_DATE,STATUS,MODIFIED_BY,MODIFIED_DATE) values (137,1,1,16,2,73,55,to_date('04-MAY-19','DD-MON-RR'),1,1,to_date('11-MAY-19','DD-MON-RR'));
Insert into SH2ORANGE31.VOTES (VOTE_ID,BOUNTY_AMOUNT,VOTED_BY,VOTED_TO,VOTE_TYPE_ID,POST_ID,TAG_TYPE_ID,CREATED_DATE,STATUS,MODIFIED_BY,MODIFIED_DATE) values (138,1,1,6,1,34,55,to_date('04-MAY-19','DD-MON-RR'),1,1,to_date('11-MAY-19','DD-MON-RR'));
Insert into SH2ORANGE31.VOTES (VOTE_ID,BOUNTY_AMOUNT,VOTED_BY,VOTED_TO,VOTE_TYPE_ID,POST_ID,TAG_TYPE_ID,CREATED_DATE,STATUS,MODIFIED_BY,MODIFIED_DATE) values (139,1,1,6,1,34,55,to_date('04-MAY-19','DD-MON-RR'),1,1,to_date('11-MAY-19','DD-MON-RR'));
Insert into SH2ORANGE31.VOTES (VOTE_ID,BOUNTY_AMOUNT,VOTED_BY,VOTED_TO,VOTE_TYPE_ID,POST_ID,TAG_TYPE_ID,CREATED_DATE,STATUS,MODIFIED_BY,MODIFIED_DATE) values (140,1,1,6,1,34,55,to_date('04-MAY-19','DD-MON-RR'),1,1,to_date('11-MAY-19','DD-MON-RR'));
Insert into SH2ORANGE31.VOTES (VOTE_ID,BOUNTY_AMOUNT,VOTED_BY,VOTED_TO,VOTE_TYPE_ID,POST_ID,TAG_TYPE_ID,CREATED_DATE,STATUS,MODIFIED_BY,MODIFIED_DATE) values (141,1,1,6,1,34,55,to_date('04-MAY-19','DD-MON-RR'),1,1,to_date('11-MAY-19','DD-MON-RR'));
Insert into SH2ORANGE31.VOTES (VOTE_ID,BOUNTY_AMOUNT,VOTED_BY,VOTED_TO,VOTE_TYPE_ID,POST_ID,TAG_TYPE_ID,CREATED_DATE,STATUS,MODIFIED_BY,MODIFIED_DATE) values (142,1,1,6,1,34,55,to_date('04-MAY-19','DD-MON-RR'),1,1,to_date('11-MAY-19','DD-MON-RR'));
Insert into SH2ORANGE31.VOTES (VOTE_ID,BOUNTY_AMOUNT,VOTED_BY,VOTED_TO,VOTE_TYPE_ID,POST_ID,TAG_TYPE_ID,CREATED_DATE,STATUS,MODIFIED_BY,MODIFIED_DATE) values (143,1,1,20,2,65,55,to_date('04-MAY-19','DD-MON-RR'),1,1,to_date('11-MAY-19','DD-MON-RR'));
Insert into SH2ORANGE31.VOTES (VOTE_ID,BOUNTY_AMOUNT,VOTED_BY,VOTED_TO,VOTE_TYPE_ID,POST_ID,TAG_TYPE_ID,CREATED_DATE,STATUS,MODIFIED_BY,MODIFIED_DATE) values (144,1,1,20,2,65,55,to_date('04-MAY-19','DD-MON-RR'),1,1,to_date('11-MAY-19','DD-MON-RR'));
Insert into SH2ORANGE31.VOTES (VOTE_ID,BOUNTY_AMOUNT,VOTED_BY,VOTED_TO,VOTE_TYPE_ID,POST_ID,TAG_TYPE_ID,CREATED_DATE,STATUS,MODIFIED_BY,MODIFIED_DATE) values (145,1,1,20,2,65,55,to_date('04-MAY-19','DD-MON-RR'),1,1,to_date('11-MAY-19','DD-MON-RR'));
Insert into SH2ORANGE31.VOTES (VOTE_ID,BOUNTY_AMOUNT,VOTED_BY,VOTED_TO,VOTE_TYPE_ID,POST_ID,TAG_TYPE_ID,CREATED_DATE,STATUS,MODIFIED_BY,MODIFIED_DATE) values (146,1,1,8,1,33,55,to_date('04-MAY-19','DD-MON-RR'),1,1,to_date('11-MAY-19','DD-MON-RR'));
Insert into SH2ORANGE31.VOTES (VOTE_ID,BOUNTY_AMOUNT,VOTED_BY,VOTED_TO,VOTE_TYPE_ID,POST_ID,TAG_TYPE_ID,CREATED_DATE,STATUS,MODIFIED_BY,MODIFIED_DATE) values (147,1,1,12,1,27,95,to_date('04-MAY-19','DD-MON-RR'),1,null,null);
Insert into SH2ORANGE31.VOTES (VOTE_ID,BOUNTY_AMOUNT,VOTED_BY,VOTED_TO,VOTE_TYPE_ID,POST_ID,TAG_TYPE_ID,CREATED_DATE,STATUS,MODIFIED_BY,MODIFIED_DATE) values (148,1,1,12,1,27,95,to_date('04-MAY-19','DD-MON-RR'),1,null,null);
Insert into SH2ORANGE31.VOTES (VOTE_ID,BOUNTY_AMOUNT,VOTED_BY,VOTED_TO,VOTE_TYPE_ID,POST_ID,TAG_TYPE_ID,CREATED_DATE,STATUS,MODIFIED_BY,MODIFIED_DATE) values (149,1,1,41,1,32,95,to_date('04-MAY-19','DD-MON-RR'),1,null,null);
Insert into SH2ORANGE31.VOTES (VOTE_ID,BOUNTY_AMOUNT,VOTED_BY,VOTED_TO,VOTE_TYPE_ID,POST_ID,TAG_TYPE_ID,CREATED_DATE,STATUS,MODIFIED_BY,MODIFIED_DATE) values (150,1,1,41,1,32,95,to_date('04-MAY-19','DD-MON-RR'),1,null,null);
Insert into SH2ORANGE31.VOTES (VOTE_ID,BOUNTY_AMOUNT,VOTED_BY,VOTED_TO,VOTE_TYPE_ID,POST_ID,TAG_TYPE_ID,CREATED_DATE,STATUS,MODIFIED_BY,MODIFIED_DATE) values (151,1,1,30,1,56,95,to_date('04-MAY-19','DD-MON-RR'),1,null,null);
Insert into SH2ORANGE31.VOTES (VOTE_ID,BOUNTY_AMOUNT,VOTED_BY,VOTED_TO,VOTE_TYPE_ID,POST_ID,TAG_TYPE_ID,CREATED_DATE,STATUS,MODIFIED_BY,MODIFIED_DATE) values (152,1,1,30,1,56,95,to_date('04-MAY-19','DD-MON-RR'),1,null,null);
Insert into SH2ORANGE31.VOTES (VOTE_ID,BOUNTY_AMOUNT,VOTED_BY,VOTED_TO,VOTE_TYPE_ID,POST_ID,TAG_TYPE_ID,CREATED_DATE,STATUS,MODIFIED_BY,MODIFIED_DATE) values (153,1,1,25,1,57,95,to_date('04-MAY-19','DD-MON-RR'),1,null,null);
Insert into SH2ORANGE31.VOTES (VOTE_ID,BOUNTY_AMOUNT,VOTED_BY,VOTED_TO,VOTE_TYPE_ID,POST_ID,TAG_TYPE_ID,CREATED_DATE,STATUS,MODIFIED_BY,MODIFIED_DATE) values (154,1,1,25,1,57,95,to_date('04-MAY-19','DD-MON-RR'),1,null,null);
Insert into SH2ORANGE31.VOTES (VOTE_ID,BOUNTY_AMOUNT,VOTED_BY,VOTED_TO,VOTE_TYPE_ID,POST_ID,TAG_TYPE_ID,CREATED_DATE,STATUS,MODIFIED_BY,MODIFIED_DATE) values (155,1,1,25,1,57,95,to_date('04-MAY-19','DD-MON-RR'),1,null,null);
Insert into SH2ORANGE31.VOTES (VOTE_ID,BOUNTY_AMOUNT,VOTED_BY,VOTED_TO,VOTE_TYPE_ID,POST_ID,TAG_TYPE_ID,CREATED_DATE,STATUS,MODIFIED_BY,MODIFIED_DATE) values (156,1,1,25,1,57,95,to_date('04-MAY-19','DD-MON-RR'),1,null,null);
Insert into SH2ORANGE31.VOTES (VOTE_ID,BOUNTY_AMOUNT,VOTED_BY,VOTED_TO,VOTE_TYPE_ID,POST_ID,TAG_TYPE_ID,CREATED_DATE,STATUS,MODIFIED_BY,MODIFIED_DATE) values (157,1,1,25,1,57,95,to_date('04-MAY-19','DD-MON-RR'),1,null,null);
Insert into SH2ORANGE31.VOTES (VOTE_ID,BOUNTY_AMOUNT,VOTED_BY,VOTED_TO,VOTE_TYPE_ID,POST_ID,TAG_TYPE_ID,CREATED_DATE,STATUS,MODIFIED_BY,MODIFIED_DATE) values (158,1,1,9,1,3,23,to_date('04-MAY-19','DD-MON-RR'),1,null,null);
Insert into SH2ORANGE31.VOTES (VOTE_ID,BOUNTY_AMOUNT,VOTED_BY,VOTED_TO,VOTE_TYPE_ID,POST_ID,TAG_TYPE_ID,CREATED_DATE,STATUS,MODIFIED_BY,MODIFIED_DATE) values (159,1,1,9,1,3,23,to_date('04-MAY-19','DD-MON-RR'),1,null,null);
Insert into SH2ORANGE31.VOTES (VOTE_ID,BOUNTY_AMOUNT,VOTED_BY,VOTED_TO,VOTE_TYPE_ID,POST_ID,TAG_TYPE_ID,CREATED_DATE,STATUS,MODIFIED_BY,MODIFIED_DATE) values (160,1,1,9,1,3,23,to_date('04-MAY-19','DD-MON-RR'),1,null,null);
Insert into SH2ORANGE31.VOTES (VOTE_ID,BOUNTY_AMOUNT,VOTED_BY,VOTED_TO,VOTE_TYPE_ID,POST_ID,TAG_TYPE_ID,CREATED_DATE,STATUS,MODIFIED_BY,MODIFIED_DATE) values (161,1,1,9,1,3,23,to_date('04-MAY-19','DD-MON-RR'),1,null,null);
Insert into SH2ORANGE31.VOTES (VOTE_ID,BOUNTY_AMOUNT,VOTED_BY,VOTED_TO,VOTE_TYPE_ID,POST_ID,TAG_TYPE_ID,CREATED_DATE,STATUS,MODIFIED_BY,MODIFIED_DATE) values (162,1,1,9,1,3,23,to_date('04-MAY-19','DD-MON-RR'),1,null,null);
Insert into SH2ORANGE31.VOTES (VOTE_ID,BOUNTY_AMOUNT,VOTED_BY,VOTED_TO,VOTE_TYPE_ID,POST_ID,TAG_TYPE_ID,CREATED_DATE,STATUS,MODIFIED_BY,MODIFIED_DATE) values (163,1,1,24,2,8,23,to_date('04-MAY-19','DD-MON-RR'),1,null,null);
Insert into SH2ORANGE31.VOTES (VOTE_ID,BOUNTY_AMOUNT,VOTED_BY,VOTED_TO,VOTE_TYPE_ID,POST_ID,TAG_TYPE_ID,CREATED_DATE,STATUS,MODIFIED_BY,MODIFIED_DATE) values (164,1,1,22,1,43,23,to_date('04-MAY-19','DD-MON-RR'),1,null,null);
Insert into SH2ORANGE31.VOTES (VOTE_ID,BOUNTY_AMOUNT,VOTED_BY,VOTED_TO,VOTE_TYPE_ID,POST_ID,TAG_TYPE_ID,CREATED_DATE,STATUS,MODIFIED_BY,MODIFIED_DATE) values (165,1,1,22,1,43,23,to_date('04-MAY-19','DD-MON-RR'),1,null,null);
Insert into SH2ORANGE31.VOTES (VOTE_ID,BOUNTY_AMOUNT,VOTED_BY,VOTED_TO,VOTE_TYPE_ID,POST_ID,TAG_TYPE_ID,CREATED_DATE,STATUS,MODIFIED_BY,MODIFIED_DATE) values (166,1,1,22,1,43,23,to_date('04-MAY-19','DD-MON-RR'),1,null,null);
Insert into SH2ORANGE31.VOTES (VOTE_ID,BOUNTY_AMOUNT,VOTED_BY,VOTED_TO,VOTE_TYPE_ID,POST_ID,TAG_TYPE_ID,CREATED_DATE,STATUS,MODIFIED_BY,MODIFIED_DATE) values (167,1,1,19,1,38,5,to_date('04-MAY-19','DD-MON-RR'),1,null,null);
Insert into SH2ORANGE31.VOTES (VOTE_ID,BOUNTY_AMOUNT,VOTED_BY,VOTED_TO,VOTE_TYPE_ID,POST_ID,TAG_TYPE_ID,CREATED_DATE,STATUS,MODIFIED_BY,MODIFIED_DATE) values (168,1,6,8,1,33,55,to_date('04-MAY-19','DD-MON-RR'),1,null,null);
Insert into SH2ORANGE31.VOTES (VOTE_ID,BOUNTY_AMOUNT,VOTED_BY,VOTED_TO,VOTE_TYPE_ID,POST_ID,TAG_TYPE_ID,CREATED_DATE,STATUS,MODIFIED_BY,MODIFIED_DATE) values (169,1,6,8,1,33,55,to_date('04-MAY-19','DD-MON-RR'),1,null,null);
Insert into SH2ORANGE31.VOTES (VOTE_ID,BOUNTY_AMOUNT,VOTED_BY,VOTED_TO,VOTE_TYPE_ID,POST_ID,TAG_TYPE_ID,CREATED_DATE,STATUS,MODIFIED_BY,MODIFIED_DATE) values (170,1,6,8,1,33,55,to_date('04-MAY-19','DD-MON-RR'),1,null,null);
Insert into SH2ORANGE31.VOTES (VOTE_ID,BOUNTY_AMOUNT,VOTED_BY,VOTED_TO,VOTE_TYPE_ID,POST_ID,TAG_TYPE_ID,CREATED_DATE,STATUS,MODIFIED_BY,MODIFIED_DATE) values (171,1,6,8,1,33,55,to_date('04-MAY-19','DD-MON-RR'),1,null,null);
Insert into SH2ORANGE31.VOTES (VOTE_ID,BOUNTY_AMOUNT,VOTED_BY,VOTED_TO,VOTE_TYPE_ID,POST_ID,TAG_TYPE_ID,CREATED_DATE,STATUS,MODIFIED_BY,MODIFIED_DATE) values (172,1,6,16,1,73,55,to_date('04-MAY-19','DD-MON-RR'),1,null,null);
Insert into SH2ORANGE31.VOTES (VOTE_ID,BOUNTY_AMOUNT,VOTED_BY,VOTED_TO,VOTE_TYPE_ID,POST_ID,TAG_TYPE_ID,CREATED_DATE,STATUS,MODIFIED_BY,MODIFIED_DATE) values (173,1,6,16,1,73,55,to_date('04-MAY-19','DD-MON-RR'),1,null,null);
Insert into SH2ORANGE31.VOTES (VOTE_ID,BOUNTY_AMOUNT,VOTED_BY,VOTED_TO,VOTE_TYPE_ID,POST_ID,TAG_TYPE_ID,CREATED_DATE,STATUS,MODIFIED_BY,MODIFIED_DATE) values (174,1,6,8,1,33,55,to_date('04-MAY-19','DD-MON-RR'),1,null,null);
Insert into SH2ORANGE31.VOTES (VOTE_ID,BOUNTY_AMOUNT,VOTED_BY,VOTED_TO,VOTE_TYPE_ID,POST_ID,TAG_TYPE_ID,CREATED_DATE,STATUS,MODIFIED_BY,MODIFIED_DATE) values (175,1,6,8,2,33,55,to_date('04-MAY-19','DD-MON-RR'),1,null,null);
Insert into SH2ORANGE31.VOTES (VOTE_ID,BOUNTY_AMOUNT,VOTED_BY,VOTED_TO,VOTE_TYPE_ID,POST_ID,TAG_TYPE_ID,CREATED_DATE,STATUS,MODIFIED_BY,MODIFIED_DATE) values (176,0.215,6,8,1,33,55,to_date('04-MAY-19','DD-MON-RR'),1,null,null);
Insert into SH2ORANGE31.VOTES (VOTE_ID,BOUNTY_AMOUNT,VOTED_BY,VOTED_TO,VOTE_TYPE_ID,POST_ID,TAG_TYPE_ID,CREATED_DATE,STATUS,MODIFIED_BY,MODIFIED_DATE) values (177,0.215,6,8,1,33,55,to_date('04-MAY-19','DD-MON-RR'),1,null,null);
Insert into SH2ORANGE31.VOTES (VOTE_ID,BOUNTY_AMOUNT,VOTED_BY,VOTED_TO,VOTE_TYPE_ID,POST_ID,TAG_TYPE_ID,CREATED_DATE,STATUS,MODIFIED_BY,MODIFIED_DATE) values (178,0.215,6,20,1,65,55,to_date('04-MAY-19','DD-MON-RR'),1,null,null);
Insert into SH2ORANGE31.VOTES (VOTE_ID,BOUNTY_AMOUNT,VOTED_BY,VOTED_TO,VOTE_TYPE_ID,POST_ID,TAG_TYPE_ID,CREATED_DATE,STATUS,MODIFIED_BY,MODIFIED_DATE) values (179,0.215,6,16,1,73,55,to_date('04-MAY-19','DD-MON-RR'),1,null,null);
Insert into SH2ORANGE31.VOTES (VOTE_ID,BOUNTY_AMOUNT,VOTED_BY,VOTED_TO,VOTE_TYPE_ID,POST_ID,TAG_TYPE_ID,CREATED_DATE,STATUS,MODIFIED_BY,MODIFIED_DATE) values (180,0.215,6,16,1,73,55,to_date('04-MAY-19','DD-MON-RR'),1,null,null);
Insert into SH2ORANGE31.VOTES (VOTE_ID,BOUNTY_AMOUNT,VOTED_BY,VOTED_TO,VOTE_TYPE_ID,POST_ID,TAG_TYPE_ID,CREATED_DATE,STATUS,MODIFIED_BY,MODIFIED_DATE) values (181,0.215,6,16,1,73,55,to_date('04-MAY-19','DD-MON-RR'),1,null,null);
Insert into SH2ORANGE31.VOTES (VOTE_ID,BOUNTY_AMOUNT,VOTED_BY,VOTED_TO,VOTE_TYPE_ID,POST_ID,TAG_TYPE_ID,CREATED_DATE,STATUS,MODIFIED_BY,MODIFIED_DATE) values (182,1,6,11,1,10,54,to_date('04-MAY-19','DD-MON-RR'),1,null,null);
Insert into SH2ORANGE31.VOTES (VOTE_ID,BOUNTY_AMOUNT,VOTED_BY,VOTED_TO,VOTE_TYPE_ID,POST_ID,TAG_TYPE_ID,CREATED_DATE,STATUS,MODIFIED_BY,MODIFIED_DATE) values (183,1,6,11,1,10,54,to_date('04-MAY-19','DD-MON-RR'),1,null,null);
Insert into SH2ORANGE31.VOTES (VOTE_ID,BOUNTY_AMOUNT,VOTED_BY,VOTED_TO,VOTE_TYPE_ID,POST_ID,TAG_TYPE_ID,CREATED_DATE,STATUS,MODIFIED_BY,MODIFIED_DATE) values (184,1,6,11,1,10,54,to_date('04-MAY-19','DD-MON-RR'),1,null,null);
Insert into SH2ORANGE31.VOTES (VOTE_ID,BOUNTY_AMOUNT,VOTED_BY,VOTED_TO,VOTE_TYPE_ID,POST_ID,TAG_TYPE_ID,CREATED_DATE,STATUS,MODIFIED_BY,MODIFIED_DATE) values (185,1,6,17,1,16,54,to_date('04-MAY-19','DD-MON-RR'),1,null,null);
Insert into SH2ORANGE31.VOTES (VOTE_ID,BOUNTY_AMOUNT,VOTED_BY,VOTED_TO,VOTE_TYPE_ID,POST_ID,TAG_TYPE_ID,CREATED_DATE,STATUS,MODIFIED_BY,MODIFIED_DATE) values (186,1,6,17,1,16,54,to_date('04-MAY-19','DD-MON-RR'),1,null,null);
Insert into SH2ORANGE31.VOTES (VOTE_ID,BOUNTY_AMOUNT,VOTED_BY,VOTED_TO,VOTE_TYPE_ID,POST_ID,TAG_TYPE_ID,CREATED_DATE,STATUS,MODIFIED_BY,MODIFIED_DATE) values (187,1,6,17,1,16,54,to_date('04-MAY-19','DD-MON-RR'),1,null,null);
Insert into SH2ORANGE31.VOTES (VOTE_ID,BOUNTY_AMOUNT,VOTED_BY,VOTED_TO,VOTE_TYPE_ID,POST_ID,TAG_TYPE_ID,CREATED_DATE,STATUS,MODIFIED_BY,MODIFIED_DATE) values (188,1,6,51,1,29,54,to_date('04-MAY-19','DD-MON-RR'),1,null,null);
Insert into SH2ORANGE31.VOTES (VOTE_ID,BOUNTY_AMOUNT,VOTED_BY,VOTED_TO,VOTE_TYPE_ID,POST_ID,TAG_TYPE_ID,CREATED_DATE,STATUS,MODIFIED_BY,MODIFIED_DATE) values (189,1,6,51,2,29,54,to_date('04-MAY-19','DD-MON-RR'),1,null,null);
Insert into SH2ORANGE31.VOTES (VOTE_ID,BOUNTY_AMOUNT,VOTED_BY,VOTED_TO,VOTE_TYPE_ID,POST_ID,TAG_TYPE_ID,CREATED_DATE,STATUS,MODIFIED_BY,MODIFIED_DATE) values (190,1,6,51,1,29,54,to_date('04-MAY-19','DD-MON-RR'),1,null,null);
Insert into SH2ORANGE31.VOTES (VOTE_ID,BOUNTY_AMOUNT,VOTED_BY,VOTED_TO,VOTE_TYPE_ID,POST_ID,TAG_TYPE_ID,CREATED_DATE,STATUS,MODIFIED_BY,MODIFIED_DATE) values (191,1,6,5,2,39,54,to_date('04-MAY-19','DD-MON-RR'),1,null,null);
Insert into SH2ORANGE31.VOTES (VOTE_ID,BOUNTY_AMOUNT,VOTED_BY,VOTED_TO,VOTE_TYPE_ID,POST_ID,TAG_TYPE_ID,CREATED_DATE,STATUS,MODIFIED_BY,MODIFIED_DATE) values (192,1,6,20,1,41,54,to_date('04-MAY-19','DD-MON-RR'),1,null,null);
Insert into SH2ORANGE31.VOTES (VOTE_ID,BOUNTY_AMOUNT,VOTED_BY,VOTED_TO,VOTE_TYPE_ID,POST_ID,TAG_TYPE_ID,CREATED_DATE,STATUS,MODIFIED_BY,MODIFIED_DATE) values (193,1,6,24,2,42,54,to_date('04-MAY-19','DD-MON-RR'),1,null,null);
Insert into SH2ORANGE31.VOTES (VOTE_ID,BOUNTY_AMOUNT,VOTED_BY,VOTED_TO,VOTE_TYPE_ID,POST_ID,TAG_TYPE_ID,CREATED_DATE,STATUS,MODIFIED_BY,MODIFIED_DATE) values (194,1,6,24,1,42,54,to_date('04-MAY-19','DD-MON-RR'),1,null,null);
Insert into SH2ORANGE31.VOTES (VOTE_ID,BOUNTY_AMOUNT,VOTED_BY,VOTED_TO,VOTE_TYPE_ID,POST_ID,TAG_TYPE_ID,CREATED_DATE,STATUS,MODIFIED_BY,MODIFIED_DATE) values (195,1,6,24,1,42,54,to_date('04-MAY-19','DD-MON-RR'),1,null,null);
Insert into SH2ORANGE31.VOTES (VOTE_ID,BOUNTY_AMOUNT,VOTED_BY,VOTED_TO,VOTE_TYPE_ID,POST_ID,TAG_TYPE_ID,CREATED_DATE,STATUS,MODIFIED_BY,MODIFIED_DATE) values (196,1,6,24,1,42,54,to_date('04-MAY-19','DD-MON-RR'),1,null,null);
Insert into SH2ORANGE31.VOTES (VOTE_ID,BOUNTY_AMOUNT,VOTED_BY,VOTED_TO,VOTE_TYPE_ID,POST_ID,TAG_TYPE_ID,CREATED_DATE,STATUS,MODIFIED_BY,MODIFIED_DATE) values (197,1,6,24,1,42,54,to_date('04-MAY-19','DD-MON-RR'),1,null,null);
Insert into SH2ORANGE31.VOTES (VOTE_ID,BOUNTY_AMOUNT,VOTED_BY,VOTED_TO,VOTE_TYPE_ID,POST_ID,TAG_TYPE_ID,CREATED_DATE,STATUS,MODIFIED_BY,MODIFIED_DATE) values (198,1,6,31,1,47,54,to_date('04-MAY-19','DD-MON-RR'),1,null,null);
Insert into SH2ORANGE31.VOTES (VOTE_ID,BOUNTY_AMOUNT,VOTED_BY,VOTED_TO,VOTE_TYPE_ID,POST_ID,TAG_TYPE_ID,CREATED_DATE,STATUS,MODIFIED_BY,MODIFIED_DATE) values (199,1,6,31,1,47,54,to_date('04-MAY-19','DD-MON-RR'),1,null,null);
Insert into SH2ORANGE31.VOTES (VOTE_ID,BOUNTY_AMOUNT,VOTED_BY,VOTED_TO,VOTE_TYPE_ID,POST_ID,TAG_TYPE_ID,CREATED_DATE,STATUS,MODIFIED_BY,MODIFIED_DATE) values (200,1,6,31,1,47,54,to_date('04-MAY-19','DD-MON-RR'),1,null,null);
Insert into SH2ORANGE31.VOTES (VOTE_ID,BOUNTY_AMOUNT,VOTED_BY,VOTED_TO,VOTE_TYPE_ID,POST_ID,TAG_TYPE_ID,CREATED_DATE,STATUS,MODIFIED_BY,MODIFIED_DATE) values (201,1,6,41,1,32,95,to_date('04-MAY-19','DD-MON-RR'),1,null,null);
Insert into SH2ORANGE31.VOTES (VOTE_ID,BOUNTY_AMOUNT,VOTED_BY,VOTED_TO,VOTE_TYPE_ID,POST_ID,TAG_TYPE_ID,CREATED_DATE,STATUS,MODIFIED_BY,MODIFIED_DATE) values (202,1,6,30,1,56,95,to_date('04-MAY-19','DD-MON-RR'),1,null,null);
Insert into SH2ORANGE31.VOTES (VOTE_ID,BOUNTY_AMOUNT,VOTED_BY,VOTED_TO,VOTE_TYPE_ID,POST_ID,TAG_TYPE_ID,CREATED_DATE,STATUS,MODIFIED_BY,MODIFIED_DATE) values (203,1,6,30,1,56,95,to_date('04-MAY-19','DD-MON-RR'),1,null,null);
Insert into SH2ORANGE31.VOTES (VOTE_ID,BOUNTY_AMOUNT,VOTED_BY,VOTED_TO,VOTE_TYPE_ID,POST_ID,TAG_TYPE_ID,CREATED_DATE,STATUS,MODIFIED_BY,MODIFIED_DATE) values (204,1,6,26,1,60,95,to_date('04-MAY-19','DD-MON-RR'),1,null,null);
Insert into SH2ORANGE31.VOTES (VOTE_ID,BOUNTY_AMOUNT,VOTED_BY,VOTED_TO,VOTE_TYPE_ID,POST_ID,TAG_TYPE_ID,CREATED_DATE,STATUS,MODIFIED_BY,MODIFIED_DATE) values (205,1,6,26,1,60,95,to_date('04-MAY-19','DD-MON-RR'),1,null,null);
Insert into SH2ORANGE31.VOTES (VOTE_ID,BOUNTY_AMOUNT,VOTED_BY,VOTED_TO,VOTE_TYPE_ID,POST_ID,TAG_TYPE_ID,CREATED_DATE,STATUS,MODIFIED_BY,MODIFIED_DATE) values (206,1,6,26,2,60,95,to_date('04-MAY-19','DD-MON-RR'),1,null,null);
Insert into SH2ORANGE31.VOTES (VOTE_ID,BOUNTY_AMOUNT,VOTED_BY,VOTED_TO,VOTE_TYPE_ID,POST_ID,TAG_TYPE_ID,CREATED_DATE,STATUS,MODIFIED_BY,MODIFIED_DATE) values (207,1,6,19,1,18,10,to_date('04-MAY-19','DD-MON-RR'),1,null,null);
Insert into SH2ORANGE31.VOTES (VOTE_ID,BOUNTY_AMOUNT,VOTED_BY,VOTED_TO,VOTE_TYPE_ID,POST_ID,TAG_TYPE_ID,CREATED_DATE,STATUS,MODIFIED_BY,MODIFIED_DATE) values (208,1,6,19,1,18,10,to_date('04-MAY-19','DD-MON-RR'),1,null,null);
Insert into SH2ORANGE31.VOTES (VOTE_ID,BOUNTY_AMOUNT,VOTED_BY,VOTED_TO,VOTE_TYPE_ID,POST_ID,TAG_TYPE_ID,CREATED_DATE,STATUS,MODIFIED_BY,MODIFIED_DATE) values (209,1,6,35,1,20,10,to_date('04-MAY-19','DD-MON-RR'),1,null,null);
Insert into SH2ORANGE31.VOTES (VOTE_ID,BOUNTY_AMOUNT,VOTED_BY,VOTED_TO,VOTE_TYPE_ID,POST_ID,TAG_TYPE_ID,CREATED_DATE,STATUS,MODIFIED_BY,MODIFIED_DATE) values (210,1,6,35,1,20,10,to_date('04-MAY-19','DD-MON-RR'),1,null,null);
Insert into SH2ORANGE31.VOTES (VOTE_ID,BOUNTY_AMOUNT,VOTED_BY,VOTED_TO,VOTE_TYPE_ID,POST_ID,TAG_TYPE_ID,CREATED_DATE,STATUS,MODIFIED_BY,MODIFIED_DATE) values (211,1,6,35,1,20,10,to_date('04-MAY-19','DD-MON-RR'),1,null,null);
Insert into SH2ORANGE31.VOTES (VOTE_ID,BOUNTY_AMOUNT,VOTED_BY,VOTED_TO,VOTE_TYPE_ID,POST_ID,TAG_TYPE_ID,CREATED_DATE,STATUS,MODIFIED_BY,MODIFIED_DATE) values (221,1,1,8,1,33,55,to_date('05-MAY-19','DD-MON-RR'),1,1,to_date('11-MAY-19','DD-MON-RR'));
Insert into SH2ORANGE31.VOTES (VOTE_ID,BOUNTY_AMOUNT,VOTED_BY,VOTED_TO,VOTE_TYPE_ID,POST_ID,TAG_TYPE_ID,CREATED_DATE,STATUS,MODIFIED_BY,MODIFIED_DATE) values (1,1,1,8,1,2,5,to_date('04-MAY-19','DD-MON-RR'),1,null,null);
Insert into SH2ORANGE31.VOTES (VOTE_ID,BOUNTY_AMOUNT,VOTED_BY,VOTED_TO,VOTE_TYPE_ID,POST_ID,TAG_TYPE_ID,CREATED_DATE,STATUS,MODIFIED_BY,MODIFIED_DATE) values (2,1,1,29,1,70,5,to_date('04-MAY-19','DD-MON-RR'),1,null,null);
Insert into SH2ORANGE31.VOTES (VOTE_ID,BOUNTY_AMOUNT,VOTED_BY,VOTED_TO,VOTE_TYPE_ID,POST_ID,TAG_TYPE_ID,CREATED_DATE,STATUS,MODIFIED_BY,MODIFIED_DATE) values (3,1,1,35,1,66,5,to_date('04-MAY-19','DD-MON-RR'),1,null,null);
Insert into SH2ORANGE31.VOTES (VOTE_ID,BOUNTY_AMOUNT,VOTED_BY,VOTED_TO,VOTE_TYPE_ID,POST_ID,TAG_TYPE_ID,CREATED_DATE,STATUS,MODIFIED_BY,MODIFIED_DATE) values (4,1,1,19,1,38,5,to_date('04-MAY-19','DD-MON-RR'),1,null,null);
Insert into SH2ORANGE31.VOTES (VOTE_ID,BOUNTY_AMOUNT,VOTED_BY,VOTED_TO,VOTE_TYPE_ID,POST_ID,TAG_TYPE_ID,CREATED_DATE,STATUS,MODIFIED_BY,MODIFIED_DATE) values (241,1,75,36,2,74,70,to_date('18-MAY-19','DD-MON-RR'),1,75,to_date('18-MAY-19','DD-MON-RR'));
REM INSERTING into SH2ORANGE31.VOTETOTAL
SET DEFINE OFF;
Insert into SH2ORANGE31.VOTETOTAL (USER_ID,TAG_TYPE_ID,TOTAL_BOUNTY_AMOUNT,TOTAL_VOTES) values (8,55,8.48,33);
Insert into SH2ORANGE31.VOTETOTAL (USER_ID,TAG_TYPE_ID,TOTAL_BOUNTY_AMOUNT,TOTAL_VOTES) values (6,55,5.084,20);
Insert into SH2ORANGE31.VOTETOTAL (USER_ID,TAG_TYPE_ID,TOTAL_BOUNTY_AMOUNT,TOTAL_VOTES) values (20,55,4.215,14);
Insert into SH2ORANGE31.VOTETOTAL (USER_ID,TAG_TYPE_ID,TOTAL_BOUNTY_AMOUNT,TOTAL_VOTES) values (16,55,4.02,16);
Insert into SH2ORANGE31.VOTETOTAL (USER_ID,TAG_TYPE_ID,TOTAL_BOUNTY_AMOUNT,TOTAL_VOTES) values (26,70,1,5);
Insert into SH2ORANGE31.VOTETOTAL (USER_ID,TAG_TYPE_ID,TOTAL_BOUNTY_AMOUNT,TOTAL_VOTES) values (11,70,1.215,7);
Insert into SH2ORANGE31.VOTETOTAL (USER_ID,TAG_TYPE_ID,TOTAL_BOUNTY_AMOUNT,TOTAL_VOTES) values (36,70,1.2,9);
Insert into SH2ORANGE31.VOTETOTAL (USER_ID,TAG_TYPE_ID,TOTAL_BOUNTY_AMOUNT,TOTAL_VOTES) values (12,95,3.215,9);
Insert into SH2ORANGE31.VOTETOTAL (USER_ID,TAG_TYPE_ID,TOTAL_BOUNTY_AMOUNT,TOTAL_VOTES) values (41,95,4.215,10);
Insert into SH2ORANGE31.VOTETOTAL (USER_ID,TAG_TYPE_ID,TOTAL_BOUNTY_AMOUNT,TOTAL_VOTES) values (30,95,6,7);
Insert into SH2ORANGE31.VOTETOTAL (USER_ID,TAG_TYPE_ID,TOTAL_BOUNTY_AMOUNT,TOTAL_VOTES) values (25,95,6.147,14);
Insert into SH2ORANGE31.VOTETOTAL (USER_ID,TAG_TYPE_ID,TOTAL_BOUNTY_AMOUNT,TOTAL_VOTES) values (26,95,2,9);
Insert into SH2ORANGE31.VOTETOTAL (USER_ID,TAG_TYPE_ID,TOTAL_BOUNTY_AMOUNT,TOTAL_VOTES) values (17,5,3,2);
Insert into SH2ORANGE31.VOTETOTAL (USER_ID,TAG_TYPE_ID,TOTAL_BOUNTY_AMOUNT,TOTAL_VOTES) values (9,23,6,5);
Insert into SH2ORANGE31.VOTETOTAL (USER_ID,TAG_TYPE_ID,TOTAL_BOUNTY_AMOUNT,TOTAL_VOTES) values (24,23,1,1);
Insert into SH2ORANGE31.VOTETOTAL (USER_ID,TAG_TYPE_ID,TOTAL_BOUNTY_AMOUNT,TOTAL_VOTES) values (22,23,4,3);
Insert into SH2ORANGE31.VOTETOTAL (USER_ID,TAG_TYPE_ID,TOTAL_BOUNTY_AMOUNT,TOTAL_VOTES) values (11,54,4,3);
Insert into SH2ORANGE31.VOTETOTAL (USER_ID,TAG_TYPE_ID,TOTAL_BOUNTY_AMOUNT,TOTAL_VOTES) values (17,54,4,3);
Insert into SH2ORANGE31.VOTETOTAL (USER_ID,TAG_TYPE_ID,TOTAL_BOUNTY_AMOUNT,TOTAL_VOTES) values (51,54,2,3);
Insert into SH2ORANGE31.VOTETOTAL (USER_ID,TAG_TYPE_ID,TOTAL_BOUNTY_AMOUNT,TOTAL_VOTES) values (5,54,1,1);
Insert into SH2ORANGE31.VOTETOTAL (USER_ID,TAG_TYPE_ID,TOTAL_BOUNTY_AMOUNT,TOTAL_VOTES) values (20,54,2,1);
Insert into SH2ORANGE31.VOTETOTAL (USER_ID,TAG_TYPE_ID,TOTAL_BOUNTY_AMOUNT,TOTAL_VOTES) values (24,54,5,5);
Insert into SH2ORANGE31.VOTETOTAL (USER_ID,TAG_TYPE_ID,TOTAL_BOUNTY_AMOUNT,TOTAL_VOTES) values (31,54,4,3);
Insert into SH2ORANGE31.VOTETOTAL (USER_ID,TAG_TYPE_ID,TOTAL_BOUNTY_AMOUNT,TOTAL_VOTES) values (19,10,3,2);
Insert into SH2ORANGE31.VOTETOTAL (USER_ID,TAG_TYPE_ID,TOTAL_BOUNTY_AMOUNT,TOTAL_VOTES) values (35,10,4,3);
Insert into SH2ORANGE31.VOTETOTAL (USER_ID,TAG_TYPE_ID,TOTAL_BOUNTY_AMOUNT,TOTAL_VOTES) values (8,5,2,1);
Insert into SH2ORANGE31.VOTETOTAL (USER_ID,TAG_TYPE_ID,TOTAL_BOUNTY_AMOUNT,TOTAL_VOTES) values (29,5,2,1);
Insert into SH2ORANGE31.VOTETOTAL (USER_ID,TAG_TYPE_ID,TOTAL_BOUNTY_AMOUNT,TOTAL_VOTES) values (35,5,2,1);
Insert into SH2ORANGE31.VOTETOTAL (USER_ID,TAG_TYPE_ID,TOTAL_BOUNTY_AMOUNT,TOTAL_VOTES) values (19,5,2,13);
REM INSERTING into SH2ORANGE31.VOTETYPES
SET DEFINE OFF;
Insert into SH2ORANGE31.VOTETYPES (VOTE_TYPE_ID,VOTE_TYPE,STATUS,CREATED_BY,CREATED_DATE,MODIFIED_BY,MODIFIED_DATE) values (1,'Up',1,1,to_date('11-APR-19','DD-MON-RR'),null,null);
Insert into SH2ORANGE31.VOTETYPES (VOTE_TYPE_ID,VOTE_TYPE,STATUS,CREATED_BY,CREATED_DATE,MODIFIED_BY,MODIFIED_DATE) values (2,'Down',1,1,to_date('11-APR-19','DD-MON-RR'),null,null);
Insert into SH2ORANGE31.VOTETYPES (VOTE_TYPE_ID,VOTE_TYPE,STATUS,CREATED_BY,CREATED_DATE,MODIFIED_BY,MODIFIED_DATE) values (3,'AcceptedByOriginator',1,1,to_date('11-APR-19','DD-MON-RR'),null,null);
Insert into SH2ORANGE31.VOTETYPES (VOTE_TYPE_ID,VOTE_TYPE,STATUS,CREATED_BY,CREATED_DATE,MODIFIED_BY,MODIFIED_DATE) values (5,'Offensive',1,1,to_date('11-APR-19','DD-MON-RR'),null,null);
Insert into SH2ORANGE31.VOTETYPES (VOTE_TYPE_ID,VOTE_TYPE,STATUS,CREATED_BY,CREATED_DATE,MODIFIED_BY,MODIFIED_DATE) values (6,'Favorite',1,1,to_date('11-APR-19','DD-MON-RR'),null,null);
Insert into SH2ORANGE31.VOTETYPES (VOTE_TYPE_ID,VOTE_TYPE,STATUS,CREATED_BY,CREATED_DATE,MODIFIED_BY,MODIFIED_DATE) values (7,'Spam',1,1,to_date('11-APR-19','DD-MON-RR'),null,null);
Insert into SH2ORANGE31.VOTETYPES (VOTE_TYPE_ID,VOTE_TYPE,STATUS,CREATED_BY,CREATED_DATE,MODIFIED_BY,MODIFIED_DATE) values (8,'ApproveEditSuggestion',1,1,to_date('11-APR-19','DD-MON-RR'),null,null);
Insert into SH2ORANGE31.VOTETYPES (VOTE_TYPE_ID,VOTE_TYPE,STATUS,CREATED_BY,CREATED_DATE,MODIFIED_BY,MODIFIED_DATE) values (9,'Nice Question',1,1,to_date('11-APR-19','DD-MON-RR'),null,null);
Insert into SH2ORANGE31.VOTETYPES (VOTE_TYPE_ID,VOTE_TYPE,STATUS,CREATED_BY,CREATED_DATE,MODIFIED_BY,MODIFIED_DATE) values (10,'Notable Question',1,1,to_date('11-APR-19','DD-MON-RR'),null,null);
Insert into SH2ORANGE31.VOTETYPES (VOTE_TYPE_ID,VOTE_TYPE,STATUS,CREATED_BY,CREATED_DATE,MODIFIED_BY,MODIFIED_DATE) values (11,'Popular Question',1,1,to_date('11-APR-19','DD-MON-RR'),null,null);
Insert into SH2ORANGE31.VOTETYPES (VOTE_TYPE_ID,VOTE_TYPE,STATUS,CREATED_BY,CREATED_DATE,MODIFIED_BY,MODIFIED_DATE) values (12,'Good Answer',1,1,to_date('11-APR-19','DD-MON-RR'),null,null);
Insert into SH2ORANGE31.VOTETYPES (VOTE_TYPE_ID,VOTE_TYPE,STATUS,CREATED_BY,CREATED_DATE,MODIFIED_BY,MODIFIED_DATE) values (13,'Good Question',1,1,to_date('11-APR-19','DD-MON-RR'),null,null);
Insert into SH2ORANGE31.VOTETYPES (VOTE_TYPE_ID,VOTE_TYPE,STATUS,CREATED_BY,CREATED_DATE,MODIFIED_BY,MODIFIED_DATE) values (14,'Great Question',1,1,to_date('11-APR-19','DD-MON-RR'),null,null);
--------------------------------------------------------
--  DDL for Index VOTETOTAL_UK_VOTE
--------------------------------------------------------

  CREATE UNIQUE INDEX "VOTETOTAL_UK_VOTE" ON "VOTETOTAL" ("USER_ID", "TAG_TYPE_ID") 
  PCTFREE 10 INITRANS 2 MAXTRANS 255 COMPUTE STATISTICS 
  STORAGE(INITIAL 65536 NEXT 1048576 MINEXTENTS 1 MAXEXTENTS 2147483645
  PCTINCREASE 0 FREELISTS 1 FREELIST GROUPS 1 BUFFER_POOL DEFAULT FLASH_CACHE DEFAULT CELL_FLASH_CACHE DEFAULT)
  TABLESPACE "SH2ORANGE31" ;
--------------------------------------------------------
--  DDL for Index USERTYPE_PK
--------------------------------------------------------

  CREATE UNIQUE INDEX "USERTYPE_PK" ON "USERTYPES" ("USER_TYPE_ID") 
  PCTFREE 10 INITRANS 2 MAXTRANS 255 COMPUTE STATISTICS 
  STORAGE(INITIAL 65536 NEXT 1048576 MINEXTENTS 1 MAXEXTENTS 2147483645
  PCTINCREASE 0 FREELISTS 1 FREELIST GROUPS 1 BUFFER_POOL DEFAULT FLASH_CACHE DEFAULT CELL_FLASH_CACHE DEFAULT)
  TABLESPACE "SH2ORANGE31" ;
--------------------------------------------------------
--  DDL for Index POSTLINKS_PK
--------------------------------------------------------

  CREATE UNIQUE INDEX "POSTLINKS_PK" ON "POSTLINKS" ("POST_LINK_ID") 
  PCTFREE 10 INITRANS 2 MAXTRANS 255 COMPUTE STATISTICS 
  STORAGE(INITIAL 65536 NEXT 1048576 MINEXTENTS 1 MAXEXTENTS 2147483645
  PCTINCREASE 0 FREELISTS 1 FREELIST GROUPS 1 BUFFER_POOL DEFAULT FLASH_CACHE DEFAULT CELL_FLASH_CACHE DEFAULT)
  TABLESPACE "SH2ORANGE31" ;
--------------------------------------------------------
--  DDL for Index LOGINCREDENTIALS_PK
--------------------------------------------------------

  CREATE UNIQUE INDEX "LOGINCREDENTIALS_PK" ON "LOGINCREDENTIALS" ("LOGIN_CREDENTIAL_ID") 
  PCTFREE 10 INITRANS 2 MAXTRANS 255 COMPUTE STATISTICS 
  STORAGE(INITIAL 65536 NEXT 1048576 MINEXTENTS 1 MAXEXTENTS 2147483645
  PCTINCREASE 0 FREELISTS 1 FREELIST GROUPS 1 BUFFER_POOL DEFAULT FLASH_CACHE DEFAULT CELL_FLASH_CACHE DEFAULT)
  TABLESPACE "SH2ORANGE31" ;
--------------------------------------------------------
--  DDL for Index MASTER_TYPE_PK
--------------------------------------------------------

  CREATE UNIQUE INDEX "MASTER_TYPE_PK" ON "MASTERTYPES" ("MASTER_TYPE_ID") 
  PCTFREE 10 INITRANS 2 MAXTRANS 255 COMPUTE STATISTICS 
  STORAGE(INITIAL 65536 NEXT 1048576 MINEXTENTS 1 MAXEXTENTS 2147483645
  PCTINCREASE 0 FREELISTS 1 FREELIST GROUPS 1 BUFFER_POOL DEFAULT FLASH_CACHE DEFAULT CELL_FLASH_CACHE DEFAULT)
  TABLESPACE "SH2ORANGE31" ;
--------------------------------------------------------
--  DDL for Index LINKTYPES_PK
--------------------------------------------------------

  CREATE UNIQUE INDEX "LINKTYPES_PK" ON "LINKTYPES" ("LINK_TYPE_ID") 
  PCTFREE 10 INITRANS 2 MAXTRANS 255 COMPUTE STATISTICS 
  STORAGE(INITIAL 65536 NEXT 1048576 MINEXTENTS 1 MAXEXTENTS 2147483645
  PCTINCREASE 0 FREELISTS 1 FREELIST GROUPS 1 BUFFER_POOL DEFAULT FLASH_CACHE DEFAULT CELL_FLASH_CACHE DEFAULT)
  TABLESPACE "SH2ORANGE31" ;
--------------------------------------------------------
--  DDL for Index POSTS_PK
--------------------------------------------------------

  CREATE UNIQUE INDEX "POSTS_PK" ON "POSTS" ("POST_ID") 
  PCTFREE 10 INITRANS 2 MAXTRANS 255 COMPUTE STATISTICS 
  STORAGE(INITIAL 65536 NEXT 1048576 MINEXTENTS 1 MAXEXTENTS 2147483645
  PCTINCREASE 0 FREELISTS 1 FREELIST GROUPS 1 BUFFER_POOL DEFAULT FLASH_CACHE DEFAULT CELL_FLASH_CACHE DEFAULT)
  TABLESPACE "SH2ORANGE31" ;
--------------------------------------------------------
--  DDL for Index CONTACT_PK
--------------------------------------------------------

  CREATE UNIQUE INDEX "CONTACT_PK" ON "CONTACT" ("CONTACT_ID") 
  PCTFREE 10 INITRANS 2 MAXTRANS 255 COMPUTE STATISTICS 
  STORAGE(INITIAL 65536 NEXT 1048576 MINEXTENTS 1 MAXEXTENTS 2147483645
  PCTINCREASE 0 FREELISTS 1 FREELIST GROUPS 1 BUFFER_POOL DEFAULT FLASH_CACHE DEFAULT CELL_FLASH_CACHE DEFAULT)
  TABLESPACE "SH2ORANGE31" ;
--------------------------------------------------------
--  DDL for Index BADGETYPES_PK
--------------------------------------------------------

  CREATE UNIQUE INDEX "BADGETYPES_PK" ON "BADGETYPES" ("BADGE_TYPE_ID") 
  PCTFREE 10 INITRANS 2 MAXTRANS 255 COMPUTE STATISTICS 
  STORAGE(INITIAL 65536 NEXT 1048576 MINEXTENTS 1 MAXEXTENTS 2147483645
  PCTINCREASE 0 FREELISTS 1 FREELIST GROUPS 1 BUFFER_POOL DEFAULT FLASH_CACHE DEFAULT CELL_FLASH_CACHE DEFAULT)
  TABLESPACE "SH2ORANGE31" ;
--------------------------------------------------------
--  DDL for Index POSTTYPES_PK
--------------------------------------------------------

  CREATE UNIQUE INDEX "POSTTYPES_PK" ON "POSTTYPES" ("POST_TYPE_ID") 
  PCTFREE 10 INITRANS 2 MAXTRANS 255 COMPUTE STATISTICS 
  STORAGE(INITIAL 65536 NEXT 1048576 MINEXTENTS 1 MAXEXTENTS 2147483645
  PCTINCREASE 0 FREELISTS 1 FREELIST GROUPS 1 BUFFER_POOL DEFAULT FLASH_CACHE DEFAULT CELL_FLASH_CACHE DEFAULT)
  TABLESPACE "SH2ORANGE31" ;
--------------------------------------------------------
--  DDL for Index ADDRESS_PK
--------------------------------------------------------

  CREATE UNIQUE INDEX "ADDRESS_PK" ON "ADDRESS" ("ADDRESS_ID") 
  PCTFREE 10 INITRANS 2 MAXTRANS 255 COMPUTE STATISTICS 
  STORAGE(INITIAL 65536 NEXT 1048576 MINEXTENTS 1 MAXEXTENTS 2147483645
  PCTINCREASE 0 FREELISTS 1 FREELIST GROUPS 1 BUFFER_POOL DEFAULT FLASH_CACHE DEFAULT CELL_FLASH_CACHE DEFAULT)
  TABLESPACE "SH2ORANGE31" ;
--------------------------------------------------------
--  DDL for Index VOTETYPES_PK
--------------------------------------------------------

  CREATE UNIQUE INDEX "VOTETYPES_PK" ON "VOTETYPES" ("VOTE_TYPE_ID") 
  PCTFREE 10 INITRANS 2 MAXTRANS 255 COMPUTE STATISTICS 
  STORAGE(INITIAL 65536 NEXT 1048576 MINEXTENTS 1 MAXEXTENTS 2147483645
  PCTINCREASE 0 FREELISTS 1 FREELIST GROUPS 1 BUFFER_POOL DEFAULT FLASH_CACHE DEFAULT CELL_FLASH_CACHE DEFAULT)
  TABLESPACE "SH2ORANGE31" ;
--------------------------------------------------------
--  DDL for Index TAGTYPES_PK
--------------------------------------------------------

  CREATE UNIQUE INDEX "TAGTYPES_PK" ON "TAGTYPES" ("TAG_TYPE_ID") 
  PCTFREE 10 INITRANS 2 MAXTRANS 255 COMPUTE STATISTICS 
  STORAGE(INITIAL 65536 NEXT 1048576 MINEXTENTS 1 MAXEXTENTS 2147483645
  PCTINCREASE 0 FREELISTS 1 FREELIST GROUPS 1 BUFFER_POOL DEFAULT FLASH_CACHE DEFAULT CELL_FLASH_CACHE DEFAULT)
  TABLESPACE "SH2ORANGE31" ;
--------------------------------------------------------
--  DDL for Index BADGES_PK
--------------------------------------------------------

  CREATE UNIQUE INDEX "BADGES_PK" ON "BADGES" ("BADGE_ID") 
  PCTFREE 10 INITRANS 2 MAXTRANS 255 COMPUTE STATISTICS 
  STORAGE(INITIAL 65536 NEXT 1048576 MINEXTENTS 1 MAXEXTENTS 2147483645
  PCTINCREASE 0 FREELISTS 1 FREELIST GROUPS 1 BUFFER_POOL DEFAULT FLASH_CACHE DEFAULT CELL_FLASH_CACHE DEFAULT)
  TABLESPACE "SH2ORANGE31" ;
--------------------------------------------------------
--  DDL for Index USERS_PK
--------------------------------------------------------

  CREATE UNIQUE INDEX "USERS_PK" ON "USERSDETAILS" ("USER_ID") 
  PCTFREE 10 INITRANS 2 MAXTRANS 255 COMPUTE STATISTICS 
  STORAGE(INITIAL 65536 NEXT 1048576 MINEXTENTS 1 MAXEXTENTS 2147483645
  PCTINCREASE 0 FREELISTS 1 FREELIST GROUPS 1 BUFFER_POOL DEFAULT FLASH_CACHE DEFAULT CELL_FLASH_CACHE DEFAULT)
  TABLESPACE "SH2ORANGE31" ;
--------------------------------------------------------
--  DDL for Index VOTES_PK
--------------------------------------------------------

  CREATE UNIQUE INDEX "VOTES_PK" ON "VOTES" ("VOTE_ID") 
  PCTFREE 10 INITRANS 2 MAXTRANS 255 COMPUTE STATISTICS 
  STORAGE(INITIAL 65536 NEXT 1048576 MINEXTENTS 1 MAXEXTENTS 2147483645
  PCTINCREASE 0 FREELISTS 1 FREELIST GROUPS 1 BUFFER_POOL DEFAULT FLASH_CACHE DEFAULT CELL_FLASH_CACHE DEFAULT)
  TABLESPACE "SH2ORANGE31" ;
--------------------------------------------------------
--  DDL for Trigger TGR_VOTES
--------------------------------------------------------

  CREATE OR REPLACE TRIGGER "TGR_VOTES" 
BEFORE INSERT ON Votes 
FOR EACH ROW

BEGIN
  SELECT seq_Votes.NEXTVAL
  INTO   :new.Vote_id
  FROM   dual;
END;
/
ALTER TRIGGER "TGR_VOTES" ENABLE;
--------------------------------------------------------
--  DDL for Procedure PROC_ADDRESS_INSUPDTE
--------------------------------------------------------
set define off;

  CREATE OR REPLACE PROCEDURE "PROC_ADDRESS_INSUPDTE" 
(
P_ADDRESS_ID    IN NUMBER 
,P_USER_ID      IN NUMBER 
,P_LINE1        IN VARCHAR2
,P_LINE2        IN VARCHAR2
,P_DISTRICT     IN VARCHAR2
,P_STATES       IN VARCHAR2
,P_COUNTRY      IN VARCHAR2
,P_POST_CODE    IN VARCHAR2
,P_MASTER_TYPE  IN NUMBER 
,P_AFFILIATION  IN VARCHAR2
,P_STATUS       IN NUMBER 
,P_ID           IN NUMBER 
,P_RET          out NUMBER
) AS 
O_RET NUMBER;
BEGIN

IF P_ADDRESS_ID = 0 THEN  
    SELECT seq_address.NEXTVAL
    INTO   O_RET
    FROM   dual;
    ELSE
    O_RET :=P_ADDRESS_ID;
END IF;

  MERGE INTO ADDRESS X
USING (SELECT P_ADDRESS_ID as ADDRESS_ID FROM dual) Y
ON (X.ADDRESS_ID = Y.ADDRESS_ID)
    WHEN MATCHED THEN
        UPDATE SET X.LINE1 = COALESCE(NULLIF(P_LINE1, NULL), X.LINE1)      
                  ,X.LINE2 = P_LINE2      
                  ,X.DISTRICT = P_DISTRICT   
                  ,X.STATES = P_STATES      
                  ,X.COUNTRY = P_COUNTRY    
                  ,X.POST_CODE = P_POST_CODE  
                  ,X.MASTER_TYPE = P_MASTER_TYPE
                  ,X.AFFILIATION = P_AFFILIATION
                  ,X.STATUS = P_STATUS 	
                  ,X.MODIFIED_BY =	P_ID
                  ,X.MODIFIED_DATE = TO_DATE(SYSDATE,'dd-mon-rrrr') 
        WHERE X.ADDRESS_ID = Y.ADDRESS_ID
    WHEN NOT MATCHED THEN    
        INSERT (X.ADDRESS_ID ,X.USER_ID ,X.LINE1 ,X.LINE2 ,X.DISTRICT ,X.STATES ,X.COUNTRY ,X.POST_CODE ,X.MASTER_TYPE ,X.AFFILIATION ,X.STATUS,X.CREATED_BY,X.CREATED_DATE)
        VALUES (O_RET ,P_USER_ID ,P_LINE1 ,P_LINE2 ,P_DISTRICT ,P_STATES ,P_COUNTRY ,P_POST_CODE ,P_MASTER_TYPE ,P_AFFILIATION ,P_STATUS,P_ID,TO_DATE(SYSDATE,'dd-mon-rrrr'));
        
        
        SELECT O_RET INTO P_RET from dual;
      dbms_output.put_line(sql%rowcount || ',' || O_RET);
END;

/
--------------------------------------------------------
--  DDL for Procedure PROC_ADDRESS_SELECT
--------------------------------------------------------
set define off;

  CREATE OR REPLACE PROCEDURE "PROC_ADDRESS_SELECT" 
(
  P_ADDRESS_ID		IN NUMBER
, P_USER_ID       IN NUMBER
, P_MASTER_TYPE   IN NUMBER
, P_STATUS        IN NUMBER
, P_CUR           out SYS_REFCURSOR
) AS 

BEGIN

OPEN P_CUR FOR
SELECT ADDRESS_ID
      ,USER_ID
      ,LINE1
      ,LINE2
      ,DISTRICT
      ,STATES
      ,COUNTRY
      ,POST_CODE
      ,MASTER_TYPE
      ,AFFILIATION
      ,STATUS
  --,CREATED_BY
  --,CREATED_DATE
  --,MODIFIED_BY
  --,MODIFIED_DATE
FROM ADDRESS
WHERE  ADDRESS_ID = COALESCE(NULLIF(P_ADDRESS_ID, NULL), ADDRESS_ID) 
AND    USER_ID = COALESCE(NULLIF(P_USER_ID, NULL), USER_ID)
AND    MASTER_TYPE = COALESCE(NULLIF(P_MASTER_TYPE, NULL), MASTER_TYPE)
AND    STATUS = COALESCE(NULLIF(P_STATUS, NULL), STATUS)
    ORDER BY ADDRESS_ID;
    
END;

/
--------------------------------------------------------
--  DDL for Procedure PROC_BADGES_SELECT
--------------------------------------------------------
set define off;

  CREATE OR REPLACE PROCEDURE "PROC_BADGES_SELECT" 
(
  P_BADGE_ID  		  IN NUMBER
, P_USER_ID         IN NUMBER
, P_BADGE_TYPE_ID   IN NUMBER
, P_STATUS          IN NUMBER
, P_CUR             out SYS_REFCURSOR
) AS 

BEGIN

OPEN P_CUR FOR
SELECT BADGE_ID
      ,USER_ID
      ,BADGE_TYPE_ID
      ,STATUS
  --,CREATED_BY
  --,CREATED_DATE
  --,MODIFIED_BY
  --,MODIFIED_DATE
FROM BADGES
WHERE  BADGE_ID = COALESCE(NULLIF(P_BADGE_ID, NULL), BADGE_ID) 
AND    USER_ID = COALESCE(NULLIF(P_USER_ID, NULL), USER_ID)
AND    BADGE_TYPE_ID = COALESCE(NULLIF(P_BADGE_TYPE_ID, NULL), BADGE_TYPE_ID)
AND    STATUS = COALESCE(NULLIF(P_STATUS, NULL), STATUS)
    ORDER BY BADGE_ID;
    
END;

/
--------------------------------------------------------
--  DDL for Procedure PROC_BADGETYPES_INSUPDTE
--------------------------------------------------------
set define off;

  CREATE OR REPLACE PROCEDURE "PROC_BADGETYPES_INSUPDTE" 
(
 P_BADGE_TYPE_ID IN NUMBER 
,P_BADGE_TYPE IN VARCHAR2
,P_STATUS IN NUMBER 
,P_ID IN NUMBER 
,P_DATE IN DATE 
,P_RET out number
) AS 
O_RET NUMBER;
BEGIN

IF P_BADGE_TYPE_ID = 0 THEN  
    SELECT SEQ_BADGE_TYPES.NEXTVAL
    INTO   O_RET
    FROM   dual;
    ELSE
    O_RET :=P_BADGE_TYPE_ID;
END IF;
  MERGE INTO BADGETYPES X
USING (SELECT P_BADGE_TYPE_ID as BADGE_TYPE_ID FROM dual) Y
ON (X.BADGE_TYPE_ID = Y.BADGE_TYPE_ID)
    WHEN MATCHED THEN
        UPDATE SET X.BADGE_TYPE = P_BADGE_TYPE, 
                   X.STATUS = P_STATUS, 	
                   X.MODIFIED_BY =	P_ID,
                   X.MODIFIED_DATE = P_DATE 	
        WHERE X.BADGE_TYPE_ID = Y.BADGE_TYPE_ID
    WHEN NOT MATCHED THEN
        INSERT (x.BADGE_TYPE_ID ,X.BADGE_TYPE ,X.STATUS ,X.CREATED_BY ,X.CREATED_DATE)
        values(O_RET ,P_BADGE_TYPE ,P_STATUS ,P_ID ,P_DATE);
        
         SELECT 0 INTO P_RET from dual;
      dbms_output.put_line(sql%rowcount || ',' || O_RET);
END;

/
--------------------------------------------------------
--  DDL for Procedure PROC_BADGETYPES_SELECT
--------------------------------------------------------
set define off;

  CREATE OR REPLACE PROCEDURE "PROC_BADGETYPES_SELECT" 
(
  P_BADGE_TYPE_ID		IN NUMBER
, P_BADGE_TYPE    IN VARCHAR2
, P_STATUS          IN NUMBER
, P_CUR            out SYS_REFCURSOR
) AS 

BEGIN

OPEN P_CUR FOR
SELECT BADGE_TYPE_ID
  ,BADGE_TYPE
  ,STATUS
  --,CREATED_BY
  --,CREATED_DATE
  --,MODIFIED_BY
  --,MODIFIED_DATE
FROM BADGETYPES
WHERE  BADGE_TYPE_ID = COALESCE(NULLIF(P_BADGE_TYPE_ID, NULL), BADGE_TYPE_ID) 
AND    BADGE_TYPE = COALESCE(NULLIF(P_BADGE_TYPE, NULL), BADGE_TYPE)
AND    STATUS = COALESCE(NULLIF(P_STATUS, NULL), STATUS)
    ORDER BY BADGE_TYPE;
    
END;

/
--------------------------------------------------------
--  DDL for Procedure PROC_BADGE_INSUPDTE
--------------------------------------------------------
set define off;

  CREATE OR REPLACE PROCEDURE "PROC_BADGE_INSUPDTE" 
(
P_BADGE_ID 			  IN NUMBER
,P_BADGE_TYPE_ID 	IN NUMBER
,P_USER_ID 			  IN NUMBER
,P_STATUS         IN NUMBER 
,P_ID             IN NUMBER 
,P_DATE           IN DATE 
,P_RET            out NUMBER
) AS 
O_RET NUMBER;
BEGIN

IF P_BADGE_ID = 0 THEN  
    SELECT SEQ_BADGES.NEXTVAL
    INTO   O_RET
    FROM   dual;
    ELSE
    O_RET :=P_BADGE_ID;
END IF;

  MERGE INTO BADGES X
USING (SELECT P_BADGE_ID as BADGE_ID FROM dual) Y
ON (X.BADGE_ID = Y.BADGE_ID)
    WHEN MATCHED THEN
        UPDATE SET X.BADGE_TYPE_ID 	= P_BADGE_TYPE_ID
                  ,X.USER_ID 			  = P_USER_ID 
                  ,X.STATUS         = P_STATUS 	
                  ,X.MODIFIED_BY    =	P_ID
                  ,X.MODIFIED_DATE  = P_DATE 
        WHERE X.BADGE_ID = Y.BADGE_ID
    WHEN NOT MATCHED THEN    
        INSERT (X.BADGE_ID ,X.BADGE_TYPE_ID ,X.USER_ID ,X.STATUS ,X.CREATED_BY ,X.CREATED_DATE)
        VALUES (O_RET ,P_BADGE_TYPE_ID ,P_USER_ID ,P_STATUS ,P_ID ,P_DATE);
        
        
        SELECT 0 INTO P_RET from dual;
      dbms_output.put_line(sql%rowcount || ',' || O_RET);
END;

/
--------------------------------------------------------
--  DDL for Procedure PROC_CONTACT_INSUPDTE
--------------------------------------------------------
set define off;

  CREATE OR REPLACE PROCEDURE "PROC_CONTACT_INSUPDTE" 
(
P_CONTACT_ID     IN NUMBER
,P_USER_ID       IN NUMBER
,P_EMAIL         IN VARCHAR2
,P_PHONE         IN NUMBER
,P_MOBILE1       IN NUMBER
,P_MOBILE2       IN NUMBER
,P_MASTER_TYPE	 IN NUMBER
,P_STATUS        IN NUMBER 
,P_ID            IN NUMBER 
,P_RET           out NUMBER
) AS 
O_RET NUMBER;
BEGIN

IF P_CONTACT_ID = 0 THEN  
    SELECT SEQ_CONTACT.NEXTVAL
    INTO   O_RET
    FROM   dual;
    ELSE
    O_RET :=P_CONTACT_ID;
END IF;

  MERGE INTO CONTACT X
USING (SELECT P_CONTACT_ID as CONTACT_ID FROM dual) Y
ON (X.CONTACT_ID = Y.CONTACT_ID)
    WHEN MATCHED THEN
        UPDATE SET X.USER_ID = COALESCE(NULLIF(P_USER_ID, NULL), X.USER_ID) 	    
                  ,X.EMAIL =  COALESCE(NULLIF(P_EMAIL, NULL), X.EMAIL)       
                  ,X.PHONE  = COALESCE(NULLIF(P_PHONE, NULL), X.PHONE)      
                  ,X.MOBILE1 = COALESCE(NULLIF(P_MOBILE1, NULL), X.MOBILE1)      
                  ,X.MOBILE2 = COALESCE(NULLIF(P_MOBILE2, NULL), X.MOBILE2)      
                  ,X.MASTER_TYPE = COALESCE(NULLIF(P_MASTER_TYPE, NULL), X.MASTER_TYPE)
                  ,X.STATUS = COALESCE(NULLIF(P_STATUS, NULL), X.STATUS) 	
                  ,X.MODIFIED_BY =	COALESCE(NULLIF(P_ID, NULL), X.MODIFIED_BY) 
                  ,X.MODIFIED_DATE = TO_DATE(SYSDATE,'dd-mon-rrrr')
        WHERE X.CONTACT_ID = Y.CONTACT_ID
    WHEN NOT MATCHED THEN    
        INSERT (X.CONTACT_ID ,X.USER_ID ,X.EMAIL ,X.PHONE ,X.MOBILE1 ,X.MOBILE2 ,X.MASTER_TYPE ,X.STATUS,X.CREATED_BY,X.CREATED_DATE)
        VALUES (O_RET ,P_USER_ID ,P_EMAIL ,P_PHONE ,P_MOBILE1 ,P_MOBILE2 ,P_MASTER_TYPE ,P_STATUS,P_ID,TO_DATE(SYSDATE,'dd-mon-rrrr'));
        
        
         SELECT O_RET INTO P_RET from dual;
      dbms_output.put_line(sql%rowcount || ',' || O_RET);
END;

/
--------------------------------------------------------
--  DDL for Procedure PROC_CONTACT_SELECT
--------------------------------------------------------
set define off;

  CREATE OR REPLACE PROCEDURE "PROC_CONTACT_SELECT" 
(
  P_CONTACT_ID  		  IN NUMBER
, P_USER_ID         IN NUMBER
, P_MASTER_TYPE   IN NUMBER
, P_STATUS          IN NUMBER
, P_CUR             out SYS_REFCURSOR
) AS 

BEGIN

OPEN P_CUR FOR
SELECT CONTACT_ID
      ,USER_ID
      ,MASTER_TYPE
      ,EMAIL
      ,PHONE
      ,MOBILE1
      ,MOBILE2
      ,STATUS
  --,CREATED_BY
  --,CREATED_DATE
  --,MODIFIED_BY
  --,MODIFIED_DATE
FROM CONTACT
WHERE  CONTACT_ID = COALESCE(NULLIF(P_CONTACT_ID, NULL), CONTACT_ID) 
AND    USER_ID = COALESCE(NULLIF(P_USER_ID, NULL), USER_ID)
AND    MASTER_TYPE = COALESCE(NULLIF(P_MASTER_TYPE, NULL), MASTER_TYPE)
AND    STATUS = COALESCE(NULLIF(P_STATUS, NULL), STATUS)
    ORDER BY CONTACT_ID;
    
END;

/
--------------------------------------------------------
--  DDL for Procedure PROC_FAVORITE_INSUPDTE
--------------------------------------------------------
set define off;

  CREATE OR REPLACE PROCEDURE "PROC_FAVORITE_INSUPDTE" 
(
P_POST_ID         IN NUMBER 
) AS 
BEGIN
  UPDATE POSTS SET 
        FAVORITE_COUNT = NVL(FAVORITE_COUNT,0) + 1
        WHERE POST_ID=P_POST_ID;  
      dbms_output.put_line(sql%rowcount);
END;

/
--------------------------------------------------------
--  DDL for Procedure PROC_LINKTYPES_INSUPDTE
--------------------------------------------------------
set define off;

  CREATE OR REPLACE PROCEDURE "PROC_LINKTYPES_INSUPDTE" 
(
 P_LINK_TYPE_ID IN NUMBER 
,P_LINK_TYPE IN VARCHAR2
,P_STATUS IN NUMBER 
,P_ID IN NUMBER 
,P_DATE IN DATE 
,P_RET out number
) AS 
O_RET NUMBER;
BEGIN

IF P_LINK_TYPE_ID = 0 THEN  
    SELECT SEQ_LINK_TYPES.NEXTVAL
    INTO   O_RET
    FROM   dual;
    ELSE
    O_RET :=P_LINK_TYPE_ID;
END IF;

  MERGE INTO LINKTYPES X
USING (SELECT P_LINK_TYPE_ID as LINK_TYPE_ID FROM dual) Y
ON (X.LINK_TYPE_ID = Y.LINK_TYPE_ID)
    WHEN MATCHED THEN
        UPDATE SET X.LINK_TYPE = P_LINK_TYPE, 
                   X.STATUS = P_STATUS, 	
                   X.MODIFIED_BY =	P_ID,
                   X.MODIFIED_DATE = P_DATE 	
        WHERE X.LINK_TYPE_ID = Y.LINK_TYPE_ID
    WHEN NOT MATCHED THEN
        INSERT (X.LINK_TYPE_ID ,X.LINK_TYPE ,X.STATUS ,X.CREATED_BY ,X.CREATED_DATE)
        values(O_RET ,P_LINK_TYPE ,P_STATUS ,P_ID ,P_DATE);
        
         SELECT 0 INTO P_RET from dual;
      dbms_output.put_line(sql%rowcount || ',' || O_RET);
END;

/
--------------------------------------------------------
--  DDL for Procedure PROC_LINKTYPES_SELECT
--------------------------------------------------------
set define off;

  CREATE OR REPLACE PROCEDURE "PROC_LINKTYPES_SELECT" 
(
  P_LINK_TYPE_ID		IN NUMBER
, P_LINK_TYPE   IN VARCHAR2
, P_STATUS          IN NUMBER
, P_CUR            out SYS_REFCURSOR
) AS 

BEGIN

OPEN P_CUR FOR
SELECT LINK_TYPE_ID
  ,LINK_TYPE
  ,STATUS
  --,CREATED_BY
  --,CREATED_DATE
  --,MODIFIED_BY
  --,MODIFIED_DATE
FROM LINKTYPES
WHERE  LINK_TYPE_ID = COALESCE(NULLIF(P_LINK_TYPE_ID, NULL), LINK_TYPE_ID) 
AND    LINK_TYPE = COALESCE(NULLIF(P_LINK_TYPE, NULL), LINK_TYPE)
AND    STATUS = COALESCE(NULLIF(P_STATUS, NULL), STATUS)
    ORDER BY LINK_TYPE;
    
END;

/
--------------------------------------------------------
--  DDL for Procedure PROC_LOGINCREDENTIALS_CHECK
--------------------------------------------------------
set define off;

  CREATE OR REPLACE PROCEDURE "PROC_LOGINCREDENTIALS_CHECK" 
(
  P_USERNAME  		  IN VARCHAR2
, P_LOGIN_PASSWORD        IN VARCHAR2
, P_CUR             out SYS_REFCURSOR
) AS 

BEGIN

OPEN P_CUR FOR
SELECT X.USER_ID
      ,NVL(Y.DISPLAY_NAME, (Y.NAME1||' '|| Y.NAME2)) NAME1
      ,USER_TYPE
FROM LOGINCREDENTIALS X 
JOIN USERSDETAILS Y ON Y.USER_ID =X.USER_ID
WHERE  UPPER(USERNAME)=UPPER(P_USERNAME)
AND    LOGIN_PASSWORD = P_LOGIN_PASSWORD
AND    X.STATUS = 1
AND    TO_DATE(VALID_TILL, 'dd-mon-rrrr')+90 > TO_DATE(SYSDATE, 'dd-mon-rrrr')
    ORDER BY LOGIN_CREDENTIAL_ID;
    
END;

/
--------------------------------------------------------
--  DDL for Procedure PROC_LOGINCREDENTIALS_NAMEAVL
--------------------------------------------------------
set define off;

  CREATE OR REPLACE PROCEDURE "PROC_LOGINCREDENTIALS_NAMEAVL" 
(
  P_USERNAME  		  IN VARCHAR2
, P_CUR             out SYS_REFCURSOR
) AS 

BEGIN

OPEN P_CUR FOR
SELECT USER_ID
      ,USERNAME
FROM LOGINCREDENTIALS 
WHERE  USERNAME = P_USERNAME
    ORDER BY USER_ID;    
END;

/
--------------------------------------------------------
--  DDL for Procedure PROC_LOGINCREDENTIALS_SELECT
--------------------------------------------------------
set define off;

  CREATE OR REPLACE PROCEDURE "PROC_LOGINCREDENTIALS_SELECT" 
(
  P_LOGIN_CREDENTIAL_ID  		  IN NUMBER
, P_USER_ID         IN NUMBER
, P_STATUS          IN NUMBER
, P_CUR             out SYS_REFCURSOR
) AS 

BEGIN

OPEN P_CUR FOR
SELECT LOGIN_CREDENTIAL_ID
      ,USER_ID
      ,USERNAME
      ,LOGIN_PASSWORD
      ,VALID_TILL
      ,STATUS
  --,CREATED_BY
  --,CREATED_DATE
  --,MODIFIED_BY
  --,MODIFIED_DATE
FROM LOGINCREDENTIALS
WHERE  LOGIN_CREDENTIAL_ID = COALESCE(NULLIF(P_LOGIN_CREDENTIAL_ID, NULL), LOGIN_CREDENTIAL_ID) 
AND    USER_ID = COALESCE(NULLIF(P_USER_ID, NULL), USER_ID)
AND    STATUS = COALESCE(NULLIF(P_STATUS, NULL), STATUS)
    ORDER BY LOGIN_CREDENTIAL_ID;
    
END;

/
--------------------------------------------------------
--  DDL for Procedure PROC_LOGIN_CRED_INSUPDTE
--------------------------------------------------------
set define off;

  CREATE OR REPLACE PROCEDURE "PROC_LOGIN_CRED_INSUPDTE" 
(
P_LOGIN_CREDENTIAL_ID 	IN NUMBER
,P_USER_ID 				      IN NUMBER
,P_USERNAME 			      IN VARCHAR2
,P_LOGIN_PASSWORD	      IN VARCHAR2
,P_VALID_TILL 		      IN DATE 
,P_STATUS               IN NUMBER 
,P_ID                   IN NUMBER 
,P_RET                  out NUMBER
) AS 
O_RET NUMBER;
BEGIN

IF P_LOGIN_CREDENTIAL_ID = 0 THEN  
    SELECT SEQ_LOGIN_CREDENTIALS.NEXTVAL
    INTO   O_RET
    FROM   dual;
    ELSE
    O_RET :=P_LOGIN_CREDENTIAL_ID;
END IF;

  MERGE INTO LOGINCREDENTIALS X
USING (SELECT P_LOGIN_CREDENTIAL_ID as LOGIN_CREDENTIAL_ID FROM dual) Y
ON (X.LOGIN_CREDENTIAL_ID = Y.LOGIN_CREDENTIAL_ID)
    WHEN MATCHED THEN
        UPDATE SET X.USER_ID 				= P_USER_ID 				
                  ,X.USERNAME 			= COALESCE(NULLIF(P_USERNAME, NULL), X.USERNAME) 			
                  ,X.LOGIN_PASSWORD = COALESCE(NULLIF(P_LOGIN_PASSWORD, NULL), X.LOGIN_PASSWORD) 			
                  ,X.VALID_TILL 		= COALESCE(NULLIF(P_VALID_TILL, NULL), TO_DATE(SYSDATE,'dd-mon-rrrr'))   
                  ,X.STATUS         = P_STATUS 	
                  ,X.MODIFIED_BY    =	P_ID
                  ,X.MODIFIED_DATE  = TO_DATE(SYSDATE,'dd-mon-rrrr') 
        WHERE X.LOGIN_CREDENTIAL_ID = Y.LOGIN_CREDENTIAL_ID
    WHEN NOT MATCHED THEN    
        INSERT (X.LOGIN_CREDENTIAL_ID ,X.USER_ID ,X.USERNAME ,X.LOGIN_PASSWORD ,X.VALID_TILL ,X.STATUS ,X.CREATED_BY ,X.CREATED_DATE)
        VALUES (O_RET ,P_USER_ID ,P_USERNAME ,P_LOGIN_PASSWORD ,P_VALID_TILL ,P_STATUS ,P_ID ,TO_DATE(SYSDATE,'dd-mon-rrrr'));
        
        
         SELECT O_RET INTO P_RET from dual;
      dbms_output.put_line(sql%rowcount || ',' || O_RET);
END;

/
--------------------------------------------------------
--  DDL for Procedure PROC_MASTERTYPES_INSUPDTE
--------------------------------------------------------
set define off;

  CREATE OR REPLACE PROCEDURE "PROC_MASTERTYPES_INSUPDTE" 
(
 P_MASTER_TYPE_ID IN NUMBER 
,P_MASTER_TYPE IN VARCHAR2
,P_STATUS IN NUMBER 
,P_ID IN NUMBER 
,P_RET out number
) AS 
O_RET NUMBER;
BEGIN

IF P_MASTER_TYPE_ID = 0 THEN  
    SELECT SEQ_MASTER_TYPES.NEXTVAL
    INTO   O_RET
    FROM   dual;
    ELSE
    O_RET :=P_MASTER_TYPE_ID;
END IF;
  MERGE INTO MASTERTYPES X
USING (SELECT P_MASTER_TYPE_ID as MASTER_TYPE_ID FROM dual) Y
ON (X.MASTER_TYPE_ID = Y.MASTER_TYPE_ID)
    WHEN MATCHED THEN
        UPDATE SET X.MASTER_TYPE = P_MASTER_TYPE, 
                   X.STATUS = P_STATUS, 	
                   X.MODIFIED_BY =	P_ID,
                   X.MODIFIED_DATE = TO_DATE(SYSDATE,'dd-mon-rrrr') 	
        WHERE X.MASTER_TYPE_ID = Y.MASTER_TYPE_ID
    WHEN NOT MATCHED THEN
        INSERT (X.MASTER_TYPE_ID ,X.MASTER_TYPE ,X.STATUS ,X.CREATED_BY ,X.CREATED_DATE)
        values(O_RET ,P_MASTER_TYPE ,P_STATUS ,P_ID ,TO_DATE(SYSDATE,'dd-mon-rrrr'));
        
         SELECT O_RET INTO P_RET from dual;
      dbms_output.put_line(sql%rowcount || ',' || O_RET);
END;

/
--------------------------------------------------------
--  DDL for Procedure PROC_MASTERTYPES_SELECT
--------------------------------------------------------
set define off;

  CREATE OR REPLACE PROCEDURE "PROC_MASTERTYPES_SELECT" 
(
  P_MASTER_TYPE_ID		IN NUMBER
, P_MASTER_TYPE   IN VARCHAR2
, P_STATUS          IN NUMBER
, P_CUR            out SYS_REFCURSOR
) AS 

BEGIN

OPEN P_CUR FOR
SELECT MASTER_TYPE_ID
  ,MASTER_TYPE  
FROM MASTERTYPES
WHERE  MASTER_TYPE_ID = COALESCE(NULLIF(P_MASTER_TYPE_ID, NULL), MASTER_TYPE_ID) 
AND    MASTER_TYPE = COALESCE(NULLIF(P_MASTER_TYPE, NULL), MASTER_TYPE)
AND    STATUS = COALESCE(NULLIF(P_STATUS, NULL), STATUS)
    ORDER BY MASTER_TYPE;
    
END;

/
--------------------------------------------------------
--  DDL for Procedure PROC_POSTLINKS_INSUPDTE
--------------------------------------------------------
set define off;

  CREATE OR REPLACE PROCEDURE "PROC_POSTLINKS_INSUPDTE" 
(
P_POST_LINK_ID    	IN VARCHAR2
,P_LINK_TYPE_ID    	IN VARCHAR2
,P_PARENT_POST_ID  	IN VARCHAR2
,P_RELATED_POST_ID 	IN VARCHAR2
,P_DATE             IN DATE 
,P_RET              out NUMBER
) AS 
O_RET NUMBER;
BEGIN

IF P_POST_LINK_ID = 0 THEN  
    SELECT SEQ_POST_LINKS.NEXTVAL
    INTO   O_RET
    FROM   dual;
    ELSE
    O_RET :=P_POST_LINK_ID;
END IF;

  MERGE INTO POSTLINKS X
USING (SELECT P_POST_LINK_ID as POST_LINK_ID FROM dual) Y
ON (X.POST_LINK_ID = Y.POST_LINK_ID)
    WHEN MATCHED THEN
        UPDATE SET X.LINK_TYPE_ID     = P_LINK_TYPE_ID    
                  ,X.PARENT_POST_ID   = P_PARENT_POST_ID  
                  ,X.RELATED_POST_ID  = P_RELATED_POST_ID 
                  ,X.CREATED_DATE     = P_DATE 
        WHERE X.POST_LINK_ID = Y.POST_LINK_ID
    WHEN NOT MATCHED THEN    
        INSERT (X.POST_LINK_ID ,X.LINK_TYPE_ID ,X.PARENT_POST_ID ,X.RELATED_POST_ID ,X.CREATED_DATE)
        VALUES (O_RET ,P_LINK_TYPE_ID ,P_PARENT_POST_ID ,P_RELATED_POST_ID ,P_DATE);
        
        
        SELECT 0 INTO P_RET from dual;
      dbms_output.put_line(sql%rowcount || ',' || O_RET);
END;

/
--------------------------------------------------------
--  DDL for Procedure PROC_POSTLINKS_SELECT
--------------------------------------------------------
set define off;

  CREATE OR REPLACE PROCEDURE "PROC_POSTLINKS_SELECT" 
(
  P_POST_LINK_ID  IN NUMBER
, P_CUR             out SYS_REFCURSOR
) AS 

BEGIN

OPEN P_CUR FOR
SELECT POST_LINK_ID
      ,LINK_TYPE_ID
      ,PARENT_POST_ID
      ,RELATED_POST_ID
      ,CREATED_DATE
FROM  POSTLINKS
WHERE  POST_LINK_ID = COALESCE(NULLIF(P_POST_LINK_ID, NULL), POST_LINK_ID)
    ORDER BY POST_LINK_ID;
    
END;

/
--------------------------------------------------------
--  DDL for Procedure PROC_POSTS_INSUPDTE
--------------------------------------------------------
set define off;

  CREATE OR REPLACE PROCEDURE "PROC_POSTS_INSUPDTE" 
(
P_POST_ID					   IN NUMBER
,P_POST_TYPE_ID                IN NUMBER
,P_PARENT_POST_ID              IN NUMBER
,P_USER_ID                     IN NUMBER
,P_TITLE                       IN NVARCHAR2
,P_TAG_TYPE_ID                 IN NUMBER
,P_SUB_TAGS                    IN NVARCHAR2
,P_BODY_CONTENT                IN NVARCHAR2
--,P_CREATED_DATE                IN DATE
,P_VIEW_COUNT                  IN NUMBER
,P_LAST_ACTIVITY_DATE          IN DATE
,P_LAST_EDITED_DATE            IN DATE
,P_LAST_EDITOR_USER_ID         IN NUMBER
,P_LAST_EDITOR_DISPLAY_NAME    IN VARCHAR2
,P_FAVORITE_COUNT              IN NUMBER
,P_ACCEPTED_ANSWER_ID          IN NUMBER
,P_ANSWER_COUNT                IN NUMBER
,P_CLOSED_DATE                 IN DATE
,P_COMMENTCOUNT                IN NUMBER
,P_CLOSED_BY                   IN NUMBER
,P_FILE_NAME                IN NVARCHAR2
,P_SUB_PARENT_POST_ID          IN NUMBER
,P_RET             out NUMBER
) AS 
O_RET NUMBER;
O_PARENT_POST_ID NUMBER;
BEGIN

IF P_POST_ID = 0 THEN  
    SELECT SEQ_POSTS.NEXTVAL
    INTO   O_RET
    FROM   dual;
    ELSE
    O_RET := P_POST_ID;
END IF;
IF P_PARENT_POST_ID = 0 THEN
    O_PARENT_POST_ID := NULL;
ELSE
    O_PARENT_POST_ID := P_PARENT_POST_ID;
END IF;

  MERGE INTO POSTS X
USING (SELECT P_POST_ID as POST_ID FROM dual) Y
ON (X.POST_ID = Y.POST_ID)
    WHEN MATCHED THEN
        UPDATE SET X.POST_TYPE_ID               = P_POST_TYPE_ID               
                  ,X.PARENT_POST_ID             = O_PARENT_POST_ID             
                  ,X.USER_ID                    = P_USER_ID                    
                  ,X.TITLE                      = P_TITLE                      
                  ,X.TAG_TYPE_ID                = P_TAG_TYPE_ID                
                  ,X.SUB_TAGS                   = P_SUB_TAGS                   
                  ,X.BODY_CONTENT               = P_BODY_CONTENT               
                  ,X.VIEW_COUNT                 = P_VIEW_COUNT                 
                  ,X.LAST_ACTIVITY_DATE         = TO_DATE(SYSDATE,'dd-mon-rrrr')        
                  ,X.LAST_EDITED_DATE           = P_LAST_EDITED_DATE           
                  ,X.LAST_EDITOR_USER_ID        = P_LAST_EDITOR_USER_ID        
                  ,X.LAST_EDITOR_DISPLAY_NAME   = P_LAST_EDITOR_DISPLAY_NAME   
                  ,X.FAVORITE_COUNT             = P_FAVORITE_COUNT             
                  ,X.ACCEPTED_ANSWER_ID         = P_ACCEPTED_ANSWER_ID         
                  ,X.ANSWER_COUNT               = P_ANSWER_COUNT               
                  ,X.CLOSED_DATE                = P_CLOSED_DATE                
                  ,X.COMMENTCOUNT               = P_COMMENTCOUNT               
                  ,X.CLOSED_BY                  = P_CLOSED_BY   
                  ,X.FILE_NAME                  = P_FILE_NAME
                  ,X.SUB_PARENT_POST_ID         = P_SUB_PARENT_POST_ID
        WHERE X.POST_ID = Y.POST_ID
    WHEN NOT MATCHED THEN    
        INSERT ( X.POST_ID ,X.POST_TYPE_ID ,X.PARENT_POST_ID ,X.USER_ID ,X.TITLE ,X.TAG_TYPE_ID ,X.SUB_TAGS ,X.BODY_CONTENT ,X.CREATED_DATE ,X.VIEW_COUNT                 
                ,X.LAST_ACTIVITY_DATE ,X.LAST_EDITED_DATE ,X.LAST_EDITOR_USER_ID ,X.LAST_EDITOR_DISPLAY_NAME ,X.FAVORITE_COUNT ,X.ACCEPTED_ANSWER_ID         
                ,X.ANSWER_COUNT ,X.CLOSED_DATE ,X.COMMENTCOUNT ,X.CLOSED_BY ,X.FILE_NAME ,X.SUB_PARENT_POST_ID)
        VALUES ( O_RET ,P_POST_TYPE_ID ,O_PARENT_POST_ID ,P_USER_ID ,P_TITLE ,P_TAG_TYPE_ID ,P_SUB_TAGS ,P_BODY_CONTENT ,TO_DATE(SYSDATE,'dd-mon-rrrr') ,NULL                 
                ,TO_DATE(SYSDATE,'dd-mon-rrrr') ,TO_DATE(SYSDATE,'dd-mon-rrrr') ,P_LAST_EDITOR_USER_ID ,P_LAST_EDITOR_DISPLAY_NAME ,NULL ,NULL         
                ,NULL ,NULL ,NULL ,NULL ,P_FILE_NAME ,P_SUB_PARENT_POST_ID );
       
       IF P_PARENT_POST_ID <> 0 and P_POST_TYPE_ID = 2 THEN
        UPDATE POSTS SET 
                          COMMENTCOUNT               = NVL(COMMENTCOUNT,0) + 1
                        , LAST_EDITED_DATE           = TO_DATE(SYSDATE,'dd-mon-rrrr')
                        , LAST_ACTIVITY_DATE         = TO_DATE(SYSDATE,'dd-mon-rrrr')
                        , LAST_EDITOR_USER_ID        = P_LAST_EDITOR_USER_ID
                        , LAST_EDITOR_DISPLAY_NAME   = P_LAST_EDITOR_DISPLAY_NAME                        
        WHERE POST_ID=P_PARENT_POST_ID;
        END IF;
        
        IF P_PARENT_POST_ID <> 0 and P_POST_TYPE_ID = 3 THEN
        UPDATE POSTS SET 
                          ANSWER_COUNT        = NVL(ANSWER_COUNT,0) + 1                          
                        , LAST_ACTIVITY_DATE  = TO_DATE(SYSDATE,'dd-mon-rrrr')
        WHERE POST_ID=P_PARENT_POST_ID;
       END IF;
       
       SELECT O_RET INTO P_RET from dual;
      dbms_output.put_line(sql%rowcount || ',' || O_RET);
END;

/
--------------------------------------------------------
--  DDL for Procedure PROC_POSTS_SELECT
--------------------------------------------------------
set define off;

  CREATE OR REPLACE PROCEDURE "PROC_POSTS_SELECT" 
(
  P_POST_ID  IN NUMBER
, P_USER_ID    IN NUMBER
, P_CUR      out SYS_REFCURSOR
) AS 

BEGIN

OPEN P_CUR FOR
SELECT POST_ID
      ,POST_TYPE_ID
      ,PARENT_POST_ID
      ,USER_ID
      ,TITLE
      ,TAG_TYPE_ID
      ,SUB_TAGS
      ,BODY_CONTENT
      ,CREATED_DATE
      ,VIEW_COUNT
      ,LAST_ACTIVITY_DATE
      ,LAST_EDITED_DATE
      ,LAST_EDITOR_USER_ID
      ,LAST_EDITOR_DISPLAY_NAME
      ,FAVORITE_COUNT
      ,ACCEPTED_ANSWER_ID
      ,ANSWER_COUNT
      ,CLOSED_DATE
      ,COMMENTCOUNT
      ,CLOSED_BY
FROM  POSTS
WHERE  POST_ID = COALESCE(NULLIF(P_POST_ID, NULL), POST_ID)
AND    USER_ID = COALESCE(NULLIF(P_USER_ID, NULL), USER_ID)
    ORDER BY POST_ID;
    
END;

/
--------------------------------------------------------
--  DDL for Procedure PROC_POSTTYPES_INSUPDTE
--------------------------------------------------------
set define off;

  CREATE OR REPLACE PROCEDURE "PROC_POSTTYPES_INSUPDTE" 
(
 P_POST_TYPE_ID IN NUMBER 
,P_POST_TYPE IN VARCHAR2
,P_STATUS IN NUMBER 
,P_ID IN NUMBER 
,P_DATE IN DATE 
,P_RET out number
) AS 
O_RET NUMBER;
BEGIN

IF P_POST_TYPE_ID = 0 THEN  
    SELECT SEQ_POST_TYPES.NEXTVAL
    INTO   O_RET
    FROM   dual;
    ELSE
    O_RET :=P_POST_TYPE_ID;
END IF;

  MERGE INTO POSTTYPES X
USING (SELECT P_POST_TYPE_ID as POST_TYPE_ID FROM dual) Y
ON (X.POST_TYPE_ID = Y.POST_TYPE_ID)
    WHEN MATCHED THEN
        UPDATE SET X.POST_TYPE = P_POST_TYPE, 
                   X.STATUS = P_STATUS, 	
                   X.MODIFIED_BY =	P_ID,
                   X.MODIFIED_DATE = P_DATE 	
        WHERE X.POST_TYPE_ID = Y.POST_TYPE_ID
    WHEN NOT MATCHED THEN
        INSERT (X.POST_TYPE_ID ,X.POST_TYPE ,X.STATUS ,X.CREATED_BY ,X.CREATED_DATE)
        values(O_RET ,P_POST_TYPE ,P_STATUS ,P_ID ,P_DATE);
        
        SELECT 0 INTO P_RET from dual;
      dbms_output.put_line(sql%rowcount || ',' || O_RET);
END;

/
--------------------------------------------------------
--  DDL for Procedure PROC_POSTTYPES_SELECT
--------------------------------------------------------
set define off;

  CREATE OR REPLACE PROCEDURE "PROC_POSTTYPES_SELECT" 
(
  P_POST_TYPE_ID		IN NUMBER
, P_POST_TYPE   IN VARCHAR2
, P_STATUS          IN NUMBER
, P_CUR            out SYS_REFCURSOR
) AS 

BEGIN

OPEN P_CUR FOR
SELECT POST_TYPE_ID
  ,POST_TYPE
  ,STATUS
  --,CREATED_BY
  --,CREATED_DATE
  --,MODIFIED_BY
  --,MODIFIED_DATE
FROM POSTTYPES
WHERE  POST_TYPE_ID = COALESCE(NULLIF(P_POST_TYPE_ID, NULL), POST_TYPE_ID) 
AND    POST_TYPE = COALESCE(NULLIF(P_POST_TYPE, NULL), POST_TYPE)
AND    STATUS = COALESCE(NULLIF(P_STATUS, NULL), STATUS)
    ORDER BY POST_TYPE;
    
END;

/
--------------------------------------------------------
--  DDL for Procedure PROC_SINGLE_POST_SELECT
--------------------------------------------------------
set define off;

  CREATE OR REPLACE PROCEDURE "PROC_SINGLE_POST_SELECT" 
(
  P_POST_ID         IN NUMBER 
, P_CUR      out SYS_REFCURSOR
) AS 
BEGIN
UPDATE POSTS SET 
        VIEW_COUNT = NVL(VIEW_COUNT,0) + 1
        WHERE POST_ID=P_POST_ID;
OPEN P_CUR FOR
  SELECT PS.POST_ID
     , PS.PARENT_POST_ID
     , PS.SUB_PARENT_POST_ID
     , PS.USER_ID
     , (US.NAME1 ||''|| US.NAME2) AS NAME1 
     , US.DISPLAY_NAME
     , NVL(PS.LAST_EDITOR_DISPLAY_NAME,DISPLAY_NAME) LAST_EDITOR_DISPLAY_NAME 
     , PS.POST_TYPE_ID
     , PT.POST_TYPE
     , PS.TITLE
     , PS.TAG_TYPE_ID
     , TT.TAG_TYPE
     , PS.SUB_TAGS
     , TO_DATE(PS.CREATED_DATE,'dd mon, rrrr') CREATED_DATE
     , NVL(PS.BODY_CONTENT,0) BODY_CONTENT
     , NVL(PS.ANSWER_COUNT,0) ANSWER_COUNT
     , NVL(PS.COMMENTCOUNT,0) COMMENTCOUNT
     , NVL(PS.FAVORITE_COUNT,0) FAVORITE_COUNT
     , NVL(PS.VIEW_COUNT,0) VIEW_COUNT
     , PS.FILE_NAME
     , PS.CLOSED_DATE
     , PS.CLOSED_BY
     , NVL(VU.UPVOTE,0) UPVOTE
     , NVL(VU.DOWNVOTE,0) DOWNVOTE
     FROM POSTS PS
    JOIN POSTTYPES PT ON PT.POST_TYPE_ID = PS.POST_TYPE_ID
    JOIN TAGTYPES TT ON TT.TAG_TYPE_ID = PS.TAG_TYPE_ID
    JOIN USERSDETAILS US ON US.USER_ID = PS.USER_ID
    LEFT JOIN SELECT_POST_VOTE VU ON VU.POST_ID = PS.POST_ID
    WHERE PS.POST_ID = P_POST_ID
    OR PS.PARENT_POST_ID = P_POST_ID
    ORDER BY PS.POST_TYPE_ID, PS.POST_ID; 
END PROC_SINGLE_POST_SELECT;

/
--------------------------------------------------------
--  DDL for Procedure PROC_TAGTYPES_INSUPDTE
--------------------------------------------------------
set define off;

  CREATE OR REPLACE PROCEDURE "PROC_TAGTYPES_INSUPDTE" 
(
 P_TAG_TYPE_ID IN NUMBER 
,P_TAG_TYPE IN VARCHAR2
,P_STATUS IN NUMBER 
,P_ID IN NUMBER 
,P_DATE IN DATE 
,P_RET out number
) AS 
O_RET NUMBER;
BEGIN

IF P_TAG_TYPE_ID = 0 THEN  
    SELECT SEQ_TAG_TYPES.NEXTVAL
    INTO   O_RET
    FROM   dual;
    ELSE
    O_RET :=P_TAG_TYPE_ID;
END IF;

MERGE INTO TAGTYPES X
USING (SELECT P_TAG_TYPE_ID as TAG_TYPE_ID FROM dual) Y
ON (X.TAG_TYPE_ID = Y.TAG_TYPE_ID)
    WHEN MATCHED THEN
        UPDATE SET X.TAG_TYPE = P_TAG_TYPE, 
                   X.STATUS = P_STATUS, 	
                   X.MODIFIED_BY =	P_ID,
                   X.MODIFIED_DATE = P_DATE 	
        WHERE X.TAG_TYPE_ID = Y.TAG_TYPE_ID
    WHEN NOT MATCHED THEN
        INSERT (X.TAG_TYPE_ID ,X.TAG_TYPE ,X.STATUS ,X.CREATED_BY ,X.CREATED_DATE)
        values(O_RET ,P_TAG_TYPE ,P_STATUS ,P_ID,P_DATE);
        
        SELECT 0 INTO P_RET from dual;
      dbms_output.put_line(sql%rowcount || ',' || O_RET);
END;

/
--------------------------------------------------------
--  DDL for Procedure PROC_TAGTYPES_SELECT
--------------------------------------------------------
set define off;

  CREATE OR REPLACE PROCEDURE "PROC_TAGTYPES_SELECT" 
(
  P_TAG_TYPE_ID		IN NUMBER
, P_TAG_TYPE   IN VARCHAR2
, P_STATUS          IN NUMBER
, P_CUR            out SYS_REFCURSOR
) AS 

BEGIN

OPEN P_CUR FOR
SELECT TAG_TYPE_ID
  ,TAG_TYPE
  ,STATUS
  --,CREATED_BY
  --,CREATED_DATE
  --,MODIFIED_BY
  --,MODIFIED_DATE
FROM TAGTYPES
WHERE  TAG_TYPE_ID = COALESCE(NULLIF(P_TAG_TYPE_ID, NULL), TAG_TYPE_ID) 
AND    UPPER(TAG_TYPE) like COALESCE(NULLIF(UPPER(P_TAG_TYPE), NULL), UPPER(TAG_TYPE))||'%'
AND    STATUS = COALESCE(NULLIF(P_STATUS, NULL), STATUS)
    ORDER BY TAG_TYPE;
    
END;

/
--------------------------------------------------------
--  DDL for Procedure PROC_TAGVOTE_USER_SELECT
--------------------------------------------------------
set define off;

  CREATE OR REPLACE PROCEDURE "PROC_TAGVOTE_USER_SELECT" 
(
  P_TAG_TYPE_ID		IN NUMBER
, P_USER_ID   IN NUMBER
, P_CUR            out SYS_REFCURSOR
) AS 

BEGIN

OPEN P_CUR FOR
SELECT US.USER_ID
, (US.NAME1 ||''|| US.NAME2) NAME1
, US.DISPLAY_NAME
, US.CREATED_DATE
, ROUND(NVL(VTT.TOTAL_BOUNTY_AMOUNT, 1),2) TAG_BOUNTY
, ROUND(NVL(VTS.TOTAL_BOUNTY , 1),2) TOTAL_BOUNTY 
, TT.TAG_TYPE
FROM USERSDETAILS US
LEFT JOIN (SELECT VT.USER_ID, VT.TOTAL_BOUNTY_AMOUNT, VT.TAG_TYPE_ID FROM VOTETOTAL VT WHERE VT.TAG_TYPE_ID=COALESCE(NULLIF(P_TAG_TYPE_ID, NULL), VT.TAG_TYPE_ID)) VTT ON VTT.USER_ID = US.USER_ID 
LEFT JOIN (SELECT VS.USER_ID, SUM(VS.TOTAL_BOUNTY_AMOUNT) TOTAL_BOUNTY FROM VOTETOTAL VS GROUP BY VS.USER_ID) VTS ON VTS.USER_ID = US.USER_ID 
LEFT JOIN TAGTYPES TT ON TT.TAG_TYPE_ID = VTT.TAG_TYPE_ID
WHERE US.USER_ID=COALESCE(NULLIF(P_USER_ID, NULL), US.USER_ID)
ORDER BY  VTS.TOTAL_BOUNTY , US.USER_ID DESC
;
    
END;

/
--------------------------------------------------------
--  DDL for Procedure PROC_USERS_INSUPDTE
--------------------------------------------------------
set define off;

  CREATE OR REPLACE PROCEDURE "PROC_USERS_INSUPDTE" 
(
P_USER_ID			         IN NUMBER
,P_USER_CODE           IN VARCHAR2
,P_NAME1               IN VARCHAR2
,P_NAME2               IN VARCHAR2
,P_USER_TYPE           IN NUMBER
,P_STATUS              IN NUMBER
,P_MODIFIED_BY         IN NUMBER
,P_DESCRIPTION         IN NVARCHAR2
,P_AGE                 IN NUMBER
,P_DISPLAY_NAME        IN VARCHAR2
,P_LAST_ACCESS_DATE    IN DATE
,P_REPUTATION          IN NUMBER
,P_VIEWERS             IN NUMBER
,P_WEBSITE_URL         IN VARCHAR2
,P_PARENT_ID           IN NUMBER
,P_RET             out NUMBER
) AS 
O_RET NUMBER;
BEGIN

IF P_USER_ID = 0 THEN  
    SELECT SEQ_USERS.NEXTVAL
    INTO   O_RET
    FROM   dual;
    ELSE
    O_RET :=P_USER_ID;
END IF;

  MERGE INTO USERSDetails X
USING (SELECT P_USER_ID as USER_ID FROM dual) Y
ON (X.USER_ID = Y.USER_ID)
    WHEN MATCHED THEN
        UPDATE SET X.USER_CODE         = COALESCE(NULLIF(P_USER_CODE, NULL), X.USER_CODE)         
                  ,X.NAME1             = COALESCE(NULLIF(P_NAME1, NULL), X.NAME1)             
                  ,X.NAME2             = COALESCE(NULLIF(P_NAME2, NULL), X.NAME2)             
                  ,X.USER_TYPE         = COALESCE(NULLIF(P_USER_TYPE, NULL), X.USER_TYPE)         
                  ,X.STATUS            = COALESCE(NULLIF(P_STATUS, NULL), X.STATUS)    
                  ,X.MODIFIED_BY       = COALESCE(NULLIF(P_MODIFIED_BY, NULL), X.MODIFIED_BY)           
                  ,X.MODIFIED_DATE     = TO_DATE(SYSDATE,'dd-mon-rrrr')     
                  ,X.DESCRIPTION       = COALESCE(NULLIF(P_DESCRIPTION, NULL), X.DESCRIPTION)       
                  ,X.AGE               = COALESCE(NULLIF(P_AGE, NULL), X.AGE)               
                  ,X.DISPLAY_NAME      = COALESCE(NULLIF(P_DISPLAY_NAME, NULL), X.DISPLAY_NAME)      
                  ,X.LAST_ACCESS_DATE  = COALESCE(NULLIF(P_LAST_ACCESS_DATE, NULL), TO_DATE(SYSDATE,'dd-mon-rrrr'))  
                  ,X.REPUTATION        = COALESCE(NULLIF(P_REPUTATION, NULL), X.REPUTATION)        
                  ,X.VIEWERS           = COALESCE(NULLIF(P_VIEWERS, NULL), X.VIEWERS)             
                  ,X.WEBSITE_URL       = COALESCE(NULLIF(P_WEBSITE_URL, NULL), X.WEBSITE_URL)       
                  ,X.PARENT_ID         = COALESCE(NULLIF(P_PARENT_ID, NULL), X.PARENT_ID)   
        WHERE X.USER_ID = Y.USER_ID
    WHEN NOT MATCHED THEN    
        INSERT ( X.USER_ID ,X.USER_CODE ,X.NAME1 ,X.NAME2 ,X.USER_TYPE ,X.STATUS ,X.CREATED_DATE ,X.MODIFIED_BY ,X.MODIFIED_DATE ,X.DESCRIPTION 
                ,X.AGE ,X.DISPLAY_NAME ,X.LAST_ACCESS_DATE ,X.REPUTATION ,X.VIEWERS ,X.WEBSITE_URL ,X.PARENT_ID )
        VALUES ( O_RET ,P_USER_CODE ,P_NAME1 ,P_NAME2 ,P_USER_TYPE ,P_STATUS ,TO_DATE(SYSDATE,'dd-mon-rrrr') ,NULL ,NULL ,P_DESCRIPTION      
                ,P_AGE ,P_DISPLAY_NAME ,TO_DATE(SYSDATE,'dd-mon-rrrr') ,P_REPUTATION ,P_VIEWERS ,P_WEBSITE_URL ,P_PARENT_ID);
        
        
        SELECT O_RET INTO P_RET from dual;
      dbms_output.put_line(sql%rowcount || ',' || O_RET);
END;

/
--------------------------------------------------------
--  DDL for Procedure PROC_USERTYPES_INSUPDTE
--------------------------------------------------------
set define off;

  CREATE OR REPLACE PROCEDURE "PROC_USERTYPES_INSUPDTE" 
(
  P_USER_TYPE_ID IN NUMBER 
, P_USER_TYPE IN VARCHAR2 
, P_STATUS IN NUMBER 
, P_ID IN NUMBER 
, P_RET OUT VARCHAR2
) AS 
O_RET NUMBER;
BEGIN
IF P_USER_TYPE_ID = 0 THEN  
    SELECT SEQ_USER_TYPES.NEXTVAL
    INTO   O_RET
    FROM   dual;
    ELSE
    O_RET :=P_USER_TYPE_ID;
END IF;
  MERGE INTO USERTYPES X
USING (SELECT P_USER_TYPE_ID as USER_TYPE_ID FROM dual) Y
ON (X.USER_TYPE_ID = Y.USER_TYPE_ID)
    WHEN MATCHED THEN
        UPDATE SET X.USER_TYPE = P_USER_TYPE, 
                   X.STATUS = P_STATUS, 	
                   X.MODIFIED_BY =	P_ID,
                   X.MODIFIED_DATE = TO_DATE(SYSDATE,'dd-mon-rrrr') 	
        WHERE X.USER_TYPE_ID = Y.USER_TYPE_ID
    WHEN NOT MATCHED THEN
        INSERT (X.USER_TYPE_ID ,X.USER_TYPE,X.STATUS,X.CREATED_BY,X.CREATED_DATE)
        values(O_RET, P_USER_TYPE,P_STATUS,P_ID,TO_DATE(SYSDATE,'dd-mon-rrrr'));
        
        --
        SELECT O_RET INTO O_RET from dual;
      dbms_output.put_line(sql%rowcount ||','|| P_RET);
END;

/
--------------------------------------------------------
--  DDL for Procedure PROC_USERTYPES_SELECT
--------------------------------------------------------
set define off;

  CREATE OR REPLACE PROCEDURE "PROC_USERTYPES_SELECT" 
(
  P_USER_TYPE_ID		IN NUMBER
, P_USER_TYPE       IN VARCHAR2
, P_STATUS          IN NUMBER
, P_CUR            out SYS_REFCURSOR
) AS 

BEGIN

OPEN P_CUR FOR
SELECT USER_TYPE_ID
  ,USER_TYPE
  ,STATUS
  --,CREATED_BY
  --,CREATED_DATE
  --,MODIFIED_BY
  --,MODIFIED_DATE
FROM USERTYPES
WHERE  USER_TYPE_ID = COALESCE(NULLIF(P_USER_TYPE_ID, NULL), USER_TYPE_ID) 
AND    USER_TYPE = COALESCE(NULLIF(P_USER_TYPE, NULL), USER_TYPE)
AND    STATUS = COALESCE(NULLIF(P_STATUS, NULL), STATUS)
    ORDER BY USER_TYPE;
    
END;

/
--------------------------------------------------------
--  DDL for Procedure PROC_USER_ADDRESS_SELECT
--------------------------------------------------------
set define off;

  CREATE OR REPLACE PROCEDURE "PROC_USER_ADDRESS_SELECT" 
(
  P_USER_ID    IN NUMBER
, P_CUR      out SYS_REFCURSOR
) AS 

BEGIN

OPEN P_CUR FOR
SELECT CT.ADDRESS_ID
,CT.USER_ID
,MT.MASTER_TYPE_ID
,MT.MASTER_TYPE 
,CT.LINE1
,CT.LINE2
,CT.DISTRICT
,CT.STATES
,CT.COUNTRY
,CT.POST_CODE
,CT.AFFILIATION
FROM ADDRESS CT
JOIN MASTERTYPES MT ON MT.MASTER_TYPE_ID= CT.MASTER_TYPE
WHERE CT.USER_ID=P_USER_ID;
    
END;

/
--------------------------------------------------------
--  DDL for Procedure PROC_USER_CONTACT_SELECT
--------------------------------------------------------
set define off;

  CREATE OR REPLACE PROCEDURE "PROC_USER_CONTACT_SELECT" 
(
  P_USER_ID    IN NUMBER
, P_CUR      out SYS_REFCURSOR
) AS 

BEGIN

OPEN P_CUR FOR
SELECT CT.CONTACT_ID
,CT.USER_ID
,MT.MASTER_TYPE_ID
,MT.MASTER_TYPE 
,CT.EMAIL
,CT.PHONE
,CT.MOBILE1
,CT.MOBILE2
FROM CONTACT CT
JOIN MASTERTYPES MT ON MT.MASTER_TYPE_ID= CT.MASTER_TYPE
WHERE CT.USER_ID=P_USER_ID;
    
END;

/
--------------------------------------------------------
--  DDL for Procedure PROC_USER_DATA_SELECT
--------------------------------------------------------
set define off;

  CREATE OR REPLACE PROCEDURE "PROC_USER_DATA_SELECT" 
(
  P_USER_ID    IN NUMBER
, P_CUR      out SYS_REFCURSOR
) AS 

BEGIN

OPEN P_CUR FOR
SELECT US.USER_ID
,US.USER_CODE 
,US.NAME1
,US.NAME2
,US.USER_TYPE AS USER_TYPE_ID
,UT.USER_TYPE AS USER_TYPE
,US.CREATED_DATE
,US.DESCRIPTION
,US.AGE
,US.DISPLAY_NAME
,US.WEBSITE_URL 
,LC.USERNAME
,LC.LOGIN_PASSWORD
,US.LAST_ACCESS_DATE
,NVL(VTS.TOTAL_BOUNTY , 1) TOTAL_BOUNTY 
FROM USERSDETAILS US
JOIN USERTYPES UT ON UT.USER_TYPE_ID = US.USER_TYPE
LEFT JOIN LOGINCREDENTIALS LC ON LC.USER_ID=US.USER_ID
LEFT JOIN (SELECT VS.USER_ID, SUM(VS.TOTAL_BOUNTY_AMOUNT) TOTAL_BOUNTY FROM VOTETOTAL VS GROUP BY VS.USER_ID) VTS ON VTS.USER_ID = US.USER_ID
WHERE US.USER_ID=P_USER_ID;
    
END;

/
--------------------------------------------------------
--  DDL for Procedure PROC_VIEW_POST_SELECT
--------------------------------------------------------
set define off;

  CREATE OR REPLACE PROCEDURE "PROC_VIEW_POST_SELECT" 
(
  P_TAG_TYPE IN VARCHAR2 
, P_ORDER_BY IN VARCHAR2 
, P_TITLE IN NVARCHAR2 
, P_CUR      out SYS_REFCURSOR
) AS 
BEGIN
OPEN P_CUR FOR
  SELECT * FROM SELECT_POSTS
WHERE TAG_TYPE= COALESCE(NULLIF(P_TAG_TYPE, NULL), TAG_TYPE) 
AND UPPER(TITLE) like '%'||COALESCE(NULLIF(UPPER(P_TITLE), NULL), UPPER(TITLE))||'%'
ORDER BY case when P_ORDER_BY = 0 then CREATED_DATE end DESC,
         case when P_ORDER_BY = 1 then VIEW_COUNT end DESC,
         case when P_ORDER_BY = 2 then COMMENTCOUNT end DESC,
         case when P_ORDER_BY = 3 then FAVORITE_COUNT end DESC;
END PROC_VIEW_POST_SELECT;

/
--------------------------------------------------------
--  DDL for Procedure PROC_VOTES_INSUPDTE
--------------------------------------------------------
set define off;

  CREATE OR REPLACE PROCEDURE "PROC_VOTES_INSUPDTE" 
(
P_VOTED_BY        IN NUMBER 
,P_VOTED_TO        IN NUMBER 
,P_VOTE_TYPE_ID    IN NUMBER 
,P_POST_ID         IN NUMBER 
,P_TAG_TYPE_ID     IN NUMBER 
,P_STATUS          IN NUMBER 
,P_ID              IN NUMBER
,P_RET             out NUMBER
) AS 
O_BOUNTY_AMOUNT    NUMBER; 
O_TOTAL_BOUNTY_AMOUNT NUMBER;

BEGIN

IF (P_VOTED_BY <> P_VOTED_TO) THEN

BEGIN
      SELECT NVL(TOTAL_BOUNTY_AMOUNT, 1)/NVL(TOTAL_VOTES,1) 
      INTO O_BOUNTY_AMOUNT 
      FROM VOTETOTAL
      WHERE USER_ID=P_VOTED_BY
      AND TAG_TYPE_ID = P_TAG_TYPE_ID;
EXCEPTION
      WHEN NO_DATA_FOUND THEN
        O_BOUNTY_AMOUNT := 1;
END;

IF(O_BOUNTY_AMOUNT<=1) THEN 
    O_BOUNTY_AMOUNT := 1;
END IF;

BEGIN
      SELECT NVL(TOTAL_BOUNTY_AMOUNT, 1)--/NVL(TOTAL_VOTES,1) 
      INTO O_TOTAL_BOUNTY_AMOUNT 
      FROM VOTETOTAL
      WHERE USER_ID=P_VOTED_TO
      AND TAG_TYPE_ID = P_TAG_TYPE_ID;
EXCEPTION
      WHEN NO_DATA_FOUND THEN
        O_TOTAL_BOUNTY_AMOUNT := 1;
END;

IF(P_VOTE_TYPE_ID = 1) THEN 
    O_TOTAL_BOUNTY_AMOUNT := O_TOTAL_BOUNTY_AMOUNT + O_BOUNTY_AMOUNT;
ELSE
    O_TOTAL_BOUNTY_AMOUNT := O_TOTAL_BOUNTY_AMOUNT - O_BOUNTY_AMOUNT;
END IF;

IF(O_TOTAL_BOUNTY_AMOUNT<=0) THEN 
    O_TOTAL_BOUNTY_AMOUNT := 1;
END IF;

  MERGE INTO VOTES X
USING (SELECT P_POST_ID AS POST_ID, P_VOTED_BY as VOTED_BY FROM dual) Y --(SELECT 0 AS POST_ID, 0 as VOTED_BY FROM dual) Y--
ON (X.POST_ID||X.VOTED_BY = Y.POST_ID||Y.VOTED_BY )

    WHEN MATCHED THEN
        UPDATE SET X.BOUNTY_AMOUNT  = NVL(O_BOUNTY_AMOUNT,0.001)
                  ,X.VOTED_TO       = P_VOTED_TO     
                  ,X.VOTE_TYPE_ID   = P_VOTE_TYPE_ID 
                  ,X.TAG_TYPE_ID    = P_TAG_TYPE_ID 
                  ,X.STATUS         = P_STATUS 	
                  ,X.MODIFIED_BY    =	P_ID
                  ,X.MODIFIED_DATE  = TO_DATE(SYSDATE,'dd-mon-rrrr') 
        WHERE X.POST_ID = Y.POST_ID
        AND X.VOTED_BY = Y.VOTED_BY
        
    WHEN NOT MATCHED THEN    
        INSERT (X.BOUNTY_AMOUNT ,X.VOTED_BY ,X.VOTED_TO ,X.VOTE_TYPE_ID ,X.POST_ID ,X.TAG_TYPE_ID ,X.STATUS  ,X.CREATED_DATE)
        VALUES (O_BOUNTY_AMOUNT ,P_VOTED_BY ,P_VOTED_TO ,P_VOTE_TYPE_ID ,P_POST_ID ,P_TAG_TYPE_ID ,P_STATUS ,TO_DATE(SYSDATE,'dd-mon-rrrr'));
        

   MERGE INTO VOTETOTAL A
USING (SELECT P_TAG_TYPE_ID AS TAG_TYPE_ID, P_VOTED_TO as USER_ID FROM dual) B
ON (A.USER_ID||A.TAG_TYPE_ID = B.USER_ID||B.TAG_TYPE_ID )

    WHEN MATCHED THEN
        UPDATE SET A.TOTAL_BOUNTY_AMOUNT  = O_TOTAL_BOUNTY_AMOUNT
                  ,A.TOTAL_VOTES       = A.TOTAL_VOTES+1 
        WHERE A.USER_ID = B.USER_ID
        AND A.TAG_TYPE_ID = B.TAG_TYPE_ID
        
    WHEN NOT MATCHED THEN    
        INSERT (A.USER_ID ,A.TAG_TYPE_ID ,A.TOTAL_BOUNTY_AMOUNT ,A.TOTAL_VOTES)
        VALUES (P_VOTED_TO ,P_TAG_TYPE_ID ,O_TOTAL_BOUNTY_AMOUNT ,1);
         SELECT 2 INTO P_RET from dual;        
ELSE
SELECT 0 INTO P_RET from dual;
END IF;       
      
END;

/
--------------------------------------------------------
--  DDL for Procedure PROC_VOTETYPES_INSUPDTE
--------------------------------------------------------
set define off;

  CREATE OR REPLACE PROCEDURE "PROC_VOTETYPES_INSUPDTE" 
(
 P_VOTE_TYPE_ID IN NUMBER 
,P_VOTE_TYPE IN VARCHAR2
,P_STATUS IN NUMBER 
,P_ID IN NUMBER 
,P_DATE IN DATE 
,P_RET out number
) AS 
O_RET NUMBER;
BEGIN

IF P_VOTE_TYPE_ID = 0 THEN  
    SELECT SEQ_VOTE_TYPES.NEXTVAL
    INTO   O_RET
    FROM   dual;
    ELSE
    O_RET :=P_VOTE_TYPE_ID;
END IF;
dbms_output.put_line( O_RET);
  MERGE INTO VOTETYPES X
USING (SELECT P_VOTE_TYPE_ID as VOTE_TYPE_ID FROM dual) Y
ON (X.VOTE_TYPE_ID = Y.VOTE_TYPE_ID)
    WHEN MATCHED THEN
        UPDATE SET X.VOTE_TYPE = P_VOTE_TYPE, 
                   X.STATUS = P_STATUS, 	
                   X.MODIFIED_BY =	P_ID,
                   X.MODIFIED_DATE = P_DATE 	
        WHERE X.VOTE_TYPE_ID = Y.VOTE_TYPE_ID
    WHEN NOT MATCHED THEN
        INSERT (X.VOTE_TYPE_ID ,X.VOTE_TYPE ,X.STATUS ,X.CREATED_BY ,X.CREATED_DATE)
        values(O_RET ,P_VOTE_TYPE ,P_STATUS ,P_ID ,P_DATE);
        
        SELECT O_RET INTO P_RET from dual;
      dbms_output.put_line(sql%rowcount || ',' || O_RET);
END;

/
--------------------------------------------------------
--  DDL for Procedure PROC_VOTETYPES_SELECT
--------------------------------------------------------
set define off;

  CREATE OR REPLACE PROCEDURE "PROC_VOTETYPES_SELECT" 
(
  P_VOTE_TYPE_ID		IN NUMBER
, P_VOTE_TYPE   IN VARCHAR2
, P_STATUS          IN NUMBER
, P_CUR            out SYS_REFCURSOR
) AS 

BEGIN

OPEN P_CUR FOR
SELECT VOTE_TYPE_ID
  ,VOTE_TYPE
  ,STATUS
  --,CREATED_BY
  --,CREATED_DATE
  --,MODIFIED_BY
  --,MODIFIED_DATE
FROM VOTETYPES
WHERE  VOTE_TYPE_ID = COALESCE(NULLIF(P_VOTE_TYPE_ID, NULL), VOTE_TYPE_ID) 
AND    VOTE_TYPE = COALESCE(NULLIF(P_VOTE_TYPE, NULL), VOTE_TYPE)
AND    STATUS = COALESCE(NULLIF(P_STATUS, NULL), STATUS)
    ORDER BY VOTE_TYPE;
    
END;

/
--------------------------------------------------------
--  Constraints for Table POSTLINKS
--------------------------------------------------------

  ALTER TABLE "POSTLINKS" ADD CONSTRAINT "POSTLINKS_PK" PRIMARY KEY ("POST_LINK_ID")
  USING INDEX PCTFREE 10 INITRANS 2 MAXTRANS 255 COMPUTE STATISTICS 
  STORAGE(INITIAL 65536 NEXT 1048576 MINEXTENTS 1 MAXEXTENTS 2147483645
  PCTINCREASE 0 FREELISTS 1 FREELIST GROUPS 1 BUFFER_POOL DEFAULT FLASH_CACHE DEFAULT CELL_FLASH_CACHE DEFAULT)
  TABLESPACE "SH2ORANGE31"  ENABLE;
  ALTER TABLE "POSTLINKS" MODIFY ("CREATED_DATE" NOT NULL ENABLE);
  ALTER TABLE "POSTLINKS" MODIFY ("RELATED_POST_ID" NOT NULL ENABLE);
  ALTER TABLE "POSTLINKS" MODIFY ("PARENT_POST_ID" NOT NULL ENABLE);
  ALTER TABLE "POSTLINKS" MODIFY ("LINK_TYPE_ID" NOT NULL ENABLE);
  ALTER TABLE "POSTLINKS" MODIFY ("POST_LINK_ID" NOT NULL ENABLE);
--------------------------------------------------------
--  Constraints for Table USERTYPES
--------------------------------------------------------

  ALTER TABLE "USERTYPES" MODIFY ("USER_TYPE_ID" NOT NULL ENABLE);
  ALTER TABLE "USERTYPES" ADD CONSTRAINT "USERTYPE_PK" PRIMARY KEY ("USER_TYPE_ID")
  USING INDEX PCTFREE 10 INITRANS 2 MAXTRANS 255 COMPUTE STATISTICS 
  STORAGE(INITIAL 65536 NEXT 1048576 MINEXTENTS 1 MAXEXTENTS 2147483645
  PCTINCREASE 0 FREELISTS 1 FREELIST GROUPS 1 BUFFER_POOL DEFAULT FLASH_CACHE DEFAULT CELL_FLASH_CACHE DEFAULT)
  TABLESPACE "SH2ORANGE31"  ENABLE;
  ALTER TABLE "USERTYPES" MODIFY ("CREATED_DATE" NOT NULL ENABLE);
  ALTER TABLE "USERTYPES" MODIFY ("CREATED_BY" NOT NULL ENABLE);
  ALTER TABLE "USERTYPES" MODIFY ("STATUS" NOT NULL ENABLE);
  ALTER TABLE "USERTYPES" MODIFY ("USER_TYPE" NOT NULL ENABLE);
--------------------------------------------------------
--  Constraints for Table VOTES
--------------------------------------------------------

  ALTER TABLE "VOTES" ADD CONSTRAINT "VOTES_PK" PRIMARY KEY ("VOTE_ID")
  USING INDEX PCTFREE 10 INITRANS 2 MAXTRANS 255 COMPUTE STATISTICS 
  STORAGE(INITIAL 65536 NEXT 1048576 MINEXTENTS 1 MAXEXTENTS 2147483645
  PCTINCREASE 0 FREELISTS 1 FREELIST GROUPS 1 BUFFER_POOL DEFAULT FLASH_CACHE DEFAULT CELL_FLASH_CACHE DEFAULT)
  TABLESPACE "SH2ORANGE31"  ENABLE;
  ALTER TABLE "VOTES" MODIFY ("STATUS" NOT NULL ENABLE);
  ALTER TABLE "VOTES" MODIFY ("CREATED_DATE" NOT NULL ENABLE);
  ALTER TABLE "VOTES" MODIFY ("TAG_TYPE_ID" NOT NULL ENABLE);
  ALTER TABLE "VOTES" MODIFY ("POST_ID" NOT NULL ENABLE);
  ALTER TABLE "VOTES" MODIFY ("VOTE_TYPE_ID" NOT NULL ENABLE);
  ALTER TABLE "VOTES" MODIFY ("VOTED_TO" NOT NULL ENABLE);
  ALTER TABLE "VOTES" MODIFY ("VOTED_BY" NOT NULL ENABLE);
  ALTER TABLE "VOTES" MODIFY ("BOUNTY_AMOUNT" NOT NULL ENABLE);
  ALTER TABLE "VOTES" MODIFY ("VOTE_ID" NOT NULL ENABLE);
--------------------------------------------------------
--  Constraints for Table POSTTYPES
--------------------------------------------------------

  ALTER TABLE "POSTTYPES" ADD CONSTRAINT "POSTTYPES_PK" PRIMARY KEY ("POST_TYPE_ID")
  USING INDEX PCTFREE 10 INITRANS 2 MAXTRANS 255 COMPUTE STATISTICS 
  STORAGE(INITIAL 65536 NEXT 1048576 MINEXTENTS 1 MAXEXTENTS 2147483645
  PCTINCREASE 0 FREELISTS 1 FREELIST GROUPS 1 BUFFER_POOL DEFAULT FLASH_CACHE DEFAULT CELL_FLASH_CACHE DEFAULT)
  TABLESPACE "SH2ORANGE31"  ENABLE;
  ALTER TABLE "POSTTYPES" MODIFY ("CREATED_DATE" NOT NULL ENABLE);
  ALTER TABLE "POSTTYPES" MODIFY ("CREATED_BY" NOT NULL ENABLE);
  ALTER TABLE "POSTTYPES" MODIFY ("STATUS" NOT NULL ENABLE);
  ALTER TABLE "POSTTYPES" MODIFY ("POST_TYPE" NOT NULL ENABLE);
  ALTER TABLE "POSTTYPES" MODIFY ("POST_TYPE_ID" NOT NULL ENABLE);
--------------------------------------------------------
--  Constraints for Table LINKTYPES
--------------------------------------------------------

  ALTER TABLE "LINKTYPES" ADD CONSTRAINT "LINKTYPES_PK" PRIMARY KEY ("LINK_TYPE_ID")
  USING INDEX PCTFREE 10 INITRANS 2 MAXTRANS 255 COMPUTE STATISTICS 
  STORAGE(INITIAL 65536 NEXT 1048576 MINEXTENTS 1 MAXEXTENTS 2147483645
  PCTINCREASE 0 FREELISTS 1 FREELIST GROUPS 1 BUFFER_POOL DEFAULT FLASH_CACHE DEFAULT CELL_FLASH_CACHE DEFAULT)
  TABLESPACE "SH2ORANGE31"  ENABLE;
  ALTER TABLE "LINKTYPES" MODIFY ("CREATED_DATE" NOT NULL ENABLE);
  ALTER TABLE "LINKTYPES" MODIFY ("CREATED_BY" NOT NULL ENABLE);
  ALTER TABLE "LINKTYPES" MODIFY ("STATUS" NOT NULL ENABLE);
  ALTER TABLE "LINKTYPES" MODIFY ("LINK_TYPE" NOT NULL ENABLE);
  ALTER TABLE "LINKTYPES" MODIFY ("LINK_TYPE_ID" NOT NULL ENABLE);
--------------------------------------------------------
--  Constraints for Table BADGES
--------------------------------------------------------

  ALTER TABLE "BADGES" ADD CONSTRAINT "BADGES_PK" PRIMARY KEY ("BADGE_ID")
  USING INDEX PCTFREE 10 INITRANS 2 MAXTRANS 255 COMPUTE STATISTICS 
  STORAGE(INITIAL 65536 NEXT 1048576 MINEXTENTS 1 MAXEXTENTS 2147483645
  PCTINCREASE 0 FREELISTS 1 FREELIST GROUPS 1 BUFFER_POOL DEFAULT FLASH_CACHE DEFAULT CELL_FLASH_CACHE DEFAULT)
  TABLESPACE "SH2ORANGE31"  ENABLE;
  ALTER TABLE "BADGES" MODIFY ("CREATED_DATE" NOT NULL ENABLE);
  ALTER TABLE "BADGES" MODIFY ("CREATED_BY" NOT NULL ENABLE);
  ALTER TABLE "BADGES" MODIFY ("USER_ID" NOT NULL ENABLE);
  ALTER TABLE "BADGES" MODIFY ("BADGE_TYPE_ID" NOT NULL ENABLE);
  ALTER TABLE "BADGES" MODIFY ("BADGE_ID" NOT NULL ENABLE);
  ALTER TABLE "BADGES" MODIFY ("STATUS" NOT NULL ENABLE);
--------------------------------------------------------
--  Constraints for Table MASTERTYPES
--------------------------------------------------------

  ALTER TABLE "MASTERTYPES" ADD CONSTRAINT "MASTER_TYPE_PK" PRIMARY KEY ("MASTER_TYPE_ID")
  USING INDEX PCTFREE 10 INITRANS 2 MAXTRANS 255 COMPUTE STATISTICS 
  STORAGE(INITIAL 65536 NEXT 1048576 MINEXTENTS 1 MAXEXTENTS 2147483645
  PCTINCREASE 0 FREELISTS 1 FREELIST GROUPS 1 BUFFER_POOL DEFAULT FLASH_CACHE DEFAULT CELL_FLASH_CACHE DEFAULT)
  TABLESPACE "SH2ORANGE31"  ENABLE;
  ALTER TABLE "MASTERTYPES" MODIFY ("CREATED_DATE" NOT NULL ENABLE);
  ALTER TABLE "MASTERTYPES" MODIFY ("CREATED_BY" NOT NULL ENABLE);
  ALTER TABLE "MASTERTYPES" MODIFY ("MASTER_TYPE" NOT NULL ENABLE);
  ALTER TABLE "MASTERTYPES" MODIFY ("MASTER_TYPE_ID" NOT NULL ENABLE);
--------------------------------------------------------
--  Constraints for Table POSTS
--------------------------------------------------------

  ALTER TABLE "POSTS" ADD CONSTRAINT "POSTS_PK" PRIMARY KEY ("POST_ID")
  USING INDEX PCTFREE 10 INITRANS 2 MAXTRANS 255 COMPUTE STATISTICS 
  STORAGE(INITIAL 65536 NEXT 1048576 MINEXTENTS 1 MAXEXTENTS 2147483645
  PCTINCREASE 0 FREELISTS 1 FREELIST GROUPS 1 BUFFER_POOL DEFAULT FLASH_CACHE DEFAULT CELL_FLASH_CACHE DEFAULT)
  TABLESPACE "SH2ORANGE31"  ENABLE;
  ALTER TABLE "POSTS" MODIFY ("TAG_TYPE_ID" NOT NULL ENABLE);
  ALTER TABLE "POSTS" MODIFY ("USER_ID" NOT NULL ENABLE);
  ALTER TABLE "POSTS" MODIFY ("POST_TYPE_ID" NOT NULL ENABLE);
  ALTER TABLE "POSTS" MODIFY ("POST_ID" NOT NULL ENABLE);
--------------------------------------------------------
--  Constraints for Table CONTACT
--------------------------------------------------------

  ALTER TABLE "CONTACT" ADD CONSTRAINT "CONTACT_PK" PRIMARY KEY ("CONTACT_ID")
  USING INDEX PCTFREE 10 INITRANS 2 MAXTRANS 255 COMPUTE STATISTICS 
  STORAGE(INITIAL 65536 NEXT 1048576 MINEXTENTS 1 MAXEXTENTS 2147483645
  PCTINCREASE 0 FREELISTS 1 FREELIST GROUPS 1 BUFFER_POOL DEFAULT FLASH_CACHE DEFAULT CELL_FLASH_CACHE DEFAULT)
  TABLESPACE "SH2ORANGE31"  ENABLE;
  ALTER TABLE "CONTACT" MODIFY ("MASTER_TYPE" NOT NULL ENABLE);
  ALTER TABLE "CONTACT" MODIFY ("CREATED_DATE" NOT NULL ENABLE);
  ALTER TABLE "CONTACT" MODIFY ("STATUS" NOT NULL ENABLE);
  ALTER TABLE "CONTACT" MODIFY ("MOBILE1" NOT NULL ENABLE);
  ALTER TABLE "CONTACT" MODIFY ("EMAIL" NOT NULL ENABLE);
  ALTER TABLE "CONTACT" MODIFY ("USER_ID" NOT NULL ENABLE);
  ALTER TABLE "CONTACT" MODIFY ("CONTACT_ID" NOT NULL ENABLE);
--------------------------------------------------------
--  Constraints for Table VOTETOTAL
--------------------------------------------------------

  ALTER TABLE "VOTETOTAL" ADD CONSTRAINT "VOTETOTAL_UK_VOTE" UNIQUE ("USER_ID", "TAG_TYPE_ID")
  USING INDEX PCTFREE 10 INITRANS 2 MAXTRANS 255 COMPUTE STATISTICS 
  STORAGE(INITIAL 65536 NEXT 1048576 MINEXTENTS 1 MAXEXTENTS 2147483645
  PCTINCREASE 0 FREELISTS 1 FREELIST GROUPS 1 BUFFER_POOL DEFAULT FLASH_CACHE DEFAULT CELL_FLASH_CACHE DEFAULT)
  TABLESPACE "SH2ORANGE31"  ENABLE;
  ALTER TABLE "VOTETOTAL" MODIFY ("TOTAL_VOTES" NOT NULL ENABLE);
  ALTER TABLE "VOTETOTAL" MODIFY ("TOTAL_BOUNTY_AMOUNT" NOT NULL ENABLE);
  ALTER TABLE "VOTETOTAL" MODIFY ("TAG_TYPE_ID" NOT NULL ENABLE);
  ALTER TABLE "VOTETOTAL" MODIFY ("USER_ID" NOT NULL ENABLE);
--------------------------------------------------------
--  Constraints for Table VOTETYPES
--------------------------------------------------------

  ALTER TABLE "VOTETYPES" ADD CONSTRAINT "VOTETYPES_PK" PRIMARY KEY ("VOTE_TYPE_ID")
  USING INDEX PCTFREE 10 INITRANS 2 MAXTRANS 255 COMPUTE STATISTICS 
  STORAGE(INITIAL 65536 NEXT 1048576 MINEXTENTS 1 MAXEXTENTS 2147483645
  PCTINCREASE 0 FREELISTS 1 FREELIST GROUPS 1 BUFFER_POOL DEFAULT FLASH_CACHE DEFAULT CELL_FLASH_CACHE DEFAULT)
  TABLESPACE "SH2ORANGE31"  ENABLE;
  ALTER TABLE "VOTETYPES" MODIFY ("CREATED_DATE" NOT NULL ENABLE);
  ALTER TABLE "VOTETYPES" MODIFY ("CREATED_BY" NOT NULL ENABLE);
  ALTER TABLE "VOTETYPES" MODIFY ("STATUS" NOT NULL ENABLE);
  ALTER TABLE "VOTETYPES" MODIFY ("VOTE_TYPE" NOT NULL ENABLE);
  ALTER TABLE "VOTETYPES" MODIFY ("VOTE_TYPE_ID" NOT NULL ENABLE);
--------------------------------------------------------
--  Constraints for Table TAGTYPES
--------------------------------------------------------

  ALTER TABLE "TAGTYPES" ADD CONSTRAINT "TAGTYPES_PK" PRIMARY KEY ("TAG_TYPE_ID")
  USING INDEX PCTFREE 10 INITRANS 2 MAXTRANS 255 COMPUTE STATISTICS 
  STORAGE(INITIAL 65536 NEXT 1048576 MINEXTENTS 1 MAXEXTENTS 2147483645
  PCTINCREASE 0 FREELISTS 1 FREELIST GROUPS 1 BUFFER_POOL DEFAULT FLASH_CACHE DEFAULT CELL_FLASH_CACHE DEFAULT)
  TABLESPACE "SH2ORANGE31"  ENABLE;
  ALTER TABLE "TAGTYPES" MODIFY ("CREATED_DATE" NOT NULL ENABLE);
  ALTER TABLE "TAGTYPES" MODIFY ("CREATED_BY" NOT NULL ENABLE);
  ALTER TABLE "TAGTYPES" MODIFY ("STATUS" NOT NULL ENABLE);
  ALTER TABLE "TAGTYPES" MODIFY ("TAG_TYPE" NOT NULL ENABLE);
  ALTER TABLE "TAGTYPES" MODIFY ("TAG_TYPE_ID" NOT NULL ENABLE);
--------------------------------------------------------
--  Constraints for Table LOGINCREDENTIALS
--------------------------------------------------------

  ALTER TABLE "LOGINCREDENTIALS" ADD CONSTRAINT "LOGINCREDENTIALS_PK" PRIMARY KEY ("LOGIN_CREDENTIAL_ID")
  USING INDEX PCTFREE 10 INITRANS 2 MAXTRANS 255 COMPUTE STATISTICS 
  STORAGE(INITIAL 65536 NEXT 1048576 MINEXTENTS 1 MAXEXTENTS 2147483645
  PCTINCREASE 0 FREELISTS 1 FREELIST GROUPS 1 BUFFER_POOL DEFAULT FLASH_CACHE DEFAULT CELL_FLASH_CACHE DEFAULT)
  TABLESPACE "SH2ORANGE31"  ENABLE;
  ALTER TABLE "LOGINCREDENTIALS" MODIFY ("CREATED_BY" NOT NULL ENABLE);
  ALTER TABLE "LOGINCREDENTIALS" MODIFY ("STATUS" NOT NULL ENABLE);
  ALTER TABLE "LOGINCREDENTIALS" MODIFY ("USERNAME" NOT NULL ENABLE);
  ALTER TABLE "LOGINCREDENTIALS" MODIFY ("USER_ID" NOT NULL ENABLE);
  ALTER TABLE "LOGINCREDENTIALS" MODIFY ("LOGIN_CREDENTIAL_ID" NOT NULL ENABLE);
--------------------------------------------------------
--  Constraints for Table USERSDETAILS
--------------------------------------------------------

  ALTER TABLE "USERSDETAILS" ADD CONSTRAINT "USERS_PK" PRIMARY KEY ("USER_ID")
  USING INDEX PCTFREE 10 INITRANS 2 MAXTRANS 255 COMPUTE STATISTICS 
  STORAGE(INITIAL 65536 NEXT 1048576 MINEXTENTS 1 MAXEXTENTS 2147483645
  PCTINCREASE 0 FREELISTS 1 FREELIST GROUPS 1 BUFFER_POOL DEFAULT FLASH_CACHE DEFAULT CELL_FLASH_CACHE DEFAULT)
  TABLESPACE "SH2ORANGE31"  ENABLE;
  ALTER TABLE "USERSDETAILS" MODIFY ("CREATED_DATE" NOT NULL ENABLE);
  ALTER TABLE "USERSDETAILS" MODIFY ("STATUS" NOT NULL ENABLE);
  ALTER TABLE "USERSDETAILS" MODIFY ("USER_TYPE" NOT NULL ENABLE);
  ALTER TABLE "USERSDETAILS" MODIFY ("NAME1" NOT NULL ENABLE);
  ALTER TABLE "USERSDETAILS" MODIFY ("USER_CODE" NOT NULL ENABLE);
  ALTER TABLE "USERSDETAILS" MODIFY ("USER_ID" NOT NULL ENABLE);
--------------------------------------------------------
--  Constraints for Table ADDRESS
--------------------------------------------------------

  ALTER TABLE "ADDRESS" ADD CONSTRAINT "ADDRESS_PK" PRIMARY KEY ("ADDRESS_ID")
  USING INDEX PCTFREE 10 INITRANS 2 MAXTRANS 255 COMPUTE STATISTICS 
  STORAGE(INITIAL 65536 NEXT 1048576 MINEXTENTS 1 MAXEXTENTS 2147483645
  PCTINCREASE 0 FREELISTS 1 FREELIST GROUPS 1 BUFFER_POOL DEFAULT FLASH_CACHE DEFAULT CELL_FLASH_CACHE DEFAULT)
  TABLESPACE "SH2ORANGE31"  ENABLE;
  ALTER TABLE "ADDRESS" MODIFY ("CREATED_DATE" NOT NULL ENABLE);
  ALTER TABLE "ADDRESS" MODIFY ("STATUS" NOT NULL ENABLE);
  ALTER TABLE "ADDRESS" MODIFY ("MASTER_TYPE" NOT NULL ENABLE);
  ALTER TABLE "ADDRESS" MODIFY ("USER_ID" NOT NULL ENABLE);
  ALTER TABLE "ADDRESS" MODIFY ("ADDRESS_ID" NOT NULL ENABLE);
--------------------------------------------------------
--  Constraints for Table BADGETYPES
--------------------------------------------------------

  ALTER TABLE "BADGETYPES" ADD CONSTRAINT "BADGETYPES_PK" PRIMARY KEY ("BADGE_TYPE_ID")
  USING INDEX PCTFREE 10 INITRANS 2 MAXTRANS 255 COMPUTE STATISTICS 
  STORAGE(INITIAL 65536 NEXT 1048576 MINEXTENTS 1 MAXEXTENTS 2147483645
  PCTINCREASE 0 FREELISTS 1 FREELIST GROUPS 1 BUFFER_POOL DEFAULT FLASH_CACHE DEFAULT CELL_FLASH_CACHE DEFAULT)
  TABLESPACE "SH2ORANGE31"  ENABLE;
  ALTER TABLE "BADGETYPES" MODIFY ("CREATED_DATE" NOT NULL ENABLE);
  ALTER TABLE "BADGETYPES" MODIFY ("CREATED_BY" NOT NULL ENABLE);
  ALTER TABLE "BADGETYPES" MODIFY ("STATUS" NOT NULL ENABLE);
  ALTER TABLE "BADGETYPES" MODIFY ("BADGE_TYPE" NOT NULL ENABLE);
  ALTER TABLE "BADGETYPES" MODIFY ("BADGE_TYPE_ID" NOT NULL ENABLE);
